,dbscan_eps_0_1_min_samples_2,dbscan_eps_0_2_min_samples_2,dbscan_eps_0_3_min_samples_2,dbscan_eps_0_4_min_samples_2,dbscan_eps_0_5_min_samples_2,dbscan_eps_0_6_min_samples_2,dbscan_eps_0_7_min_samples_2,dbscan_eps_0_8_min_samples_2,dbscan_eps_0_9_min_samples_2,kernel_kmeans_n_clusters_1_kernel_gak_random_state_0,kernel_kmeans_n_clusters_2_kernel_gak_random_state_0,kernel_kmeans_n_clusters_3_kernel_gak_random_state_0,kernel_kmeans_n_clusters_4_kernel_gak_random_state_0,kernel_kmeans_n_clusters_5_kernel_gak_random_state_0,kernel_kmeans_n_clusters_6_kernel_gak_random_state_0,kernel_kmeans_n_clusters_7_kernel_gak_random_state_0,kernel_kmeans_n_clusters_8_kernel_gak_random_state_0,kmeans_n_clusters_1,kmeans_n_clusters_2,kmeans_n_clusters_3,kmeans_n_clusters_4,kmeans_n_clusters_5,kmeans_n_clusters_6,kmeans_n_clusters_7,kmeans_n_clusters_8,mean_shift_,optics_min_samples_7_xi_0_1_min_cluster_size_0_2,spectral_clustering_n_clusters_1_eigen_solver_arpack_affinity_nearest_neighbors,spectral_clustering_n_clusters_2_eigen_solver_arpack_affinity_nearest_neighbors,spectral_clustering_n_clusters_3_eigen_solver_arpack_affinity_nearest_neighbors,spectral_clustering_n_clusters_4_eigen_solver_arpack_affinity_nearest_neighbors,spectral_clustering_n_clusters_5_eigen_solver_arpack_affinity_nearest_neighbors,spectral_clustering_n_clusters_6_eigen_solver_arpack_affinity_nearest_neighbors,spectral_clustering_n_clusters_7_eigen_solver_arpack_affinity_nearest_neighbors,spectral_clustering_n_clusters_8_eigen_solver_arpack_affinity_nearest_neighbors,random_model_n1,random_model_n2,random_model_n3,random_model_n4,random_model_n5,random_model_n6,random_model_n7,random_model_n8,random_model_n9,random_model_n10,random_model_n11,random_model_n12,random_model_n13,random_model_n14,random_model_n15
0,0,1,1,1,1,1,3,1,0,0,0,0,0,0,0,0,0,0,1,1,3,1,0,0,7,0,1,0,3,3,4,0,7,1,0,2,1,0,0,2,0,1,0,2,1,1,2,2,0,2
1,0,1,1,3,3,5,0,3,0,0,0,0,0,0,0,0,0,0,1,1,0,1,2,4,3,0,1,0,1,0,0,6,2,1,0,0,1,1,0,1,2,0,1,0,2,1,0,1,1,0
2,0,0,0,2,4,2,1,7,1,1,0,0,0,0,0,0,0,0,0,2,1,4,4,1,2,0,0,1,2,2,5,5,1,0,1,1,1,0,2,2,2,0,1,0,1,1,2,1,2,1
3,0,1,1,1,1,1,3,1,-1,0,0,0,0,0,0,0,0,0,1,1,3,1,0,0,7,0,1,0,3,3,4,0,7,1,0,2,0,1,2,0,1,0,0,2,2,0,0,0,1,1
4,0,0,2,0,2,4,4,6,2,2,0,0,0,0,0,0,0,0,0,0,2,0,1,5,4,0,0,2,0,1,3,3,3,0,2,0,2,1,2,2,0,1,1,1,1,2,0,0,2,2
5,0,0,0,2,0,2,1,7,1,1,0,0,0,0,0,0,0,0,0,2,1,4,5,1,2,0,0,1,2,2,1,2,5,0,1,1,0,0,0,0,1,2,0,1,0,0,2,1,1,0
6,0,1,1,1,1,1,3,1,0,0,0,0,0,0,0,0,0,0,1,1,3,1,0,0,6,0,1,0,3,3,4,1,4,1,0,2,2,1,1,0,2,2,0,1,2,1,0,1,0,2
7,0,1,2,0,2,3,2,5,3,3,0,0,0,0,0,0,0,0,0,0,2,0,1,3,4,0,0,2,1,1,1,2,5,0,-1,0,2,2,1,0,2,1,2,0,0,0,2,0,1,1
8,0,0,2,0,2,3,2,5,2,2,0,0,0,0,0,0,0,0,0,0,2,0,1,3,4,0,0,2,1,1,3,3,3,0,2,2,0,2,0,1,2,2,1,0,2,1,0,0,2,0
9,0,0,0,2,0,4,4,2,2,2,0,0,0,0,0,0,0,0,0,2,1,4,3,5,1,0,0,2,0,4,2,4,0,0,2,2,1,2,2,2,2,2,2,1,2,1,2,1,1,1
10,0,0,2,0,2,3,2,5,-1,1,0,0,0,0,0,0,0,0,0,0,2,3,1,6,0,0,0,1,1,1,1,2,5,0,1,2,0,0,0,0,0,0,1,2,2,2,0,0,1,0
11,0,0,0,2,0,4,4,2,4,2,0,0,0,0,0,0,0,0,0,2,1,4,3,1,1,0,0,2,0,4,2,4,0,0,2,0,1,0,1,1,2,2,1,0,2,2,0,2,2,2
12,0,1,1,1,1,1,3,1,0,0,0,0,0,0,0,0,0,0,1,1,3,1,0,0,6,0,1,0,3,3,4,1,4,1,0,0,1,1,1,0,1,0,0,1,0,1,1,2,2,0
13,0,0,0,0,0,4,4,2,2,2,0,0,0,0,0,0,0,0,0,2,2,4,3,5,1,0,0,2,0,4,2,4,0,0,2,1,0,0,1,1,1,1,0,0,1,1,0,0,1,0
14,0,0,0,2,4,2,6,4,5,1,0,0,0,0,0,0,0,0,0,2,1,2,4,2,5,0,0,1,2,2,5,5,1,0,1,0,0,2,0,0,2,2,0,1,2,0,0,1,2,1
15,0,1,1,1,1,1,3,1,0,0,0,0,0,0,0,0,0,0,1,1,3,1,0,0,6,0,1,0,3,3,4,1,4,1,0,2,2,1,2,0,2,0,2,1,2,2,2,2,2,1
16,0,0,0,2,4,2,1,7,1,1,0,0,0,0,0,0,0,0,0,2,1,2,4,1,2,0,0,1,2,2,5,5,1,0,1,1,2,1,1,2,0,1,0,1,0,1,2,2,0,2
17,0,1,1,1,1,1,3,1,6,0,0,0,0,0,0,0,0,0,1,1,3,1,0,0,6,0,1,0,3,3,4,1,4,1,0,0,0,2,2,2,2,1,1,2,2,0,0,1,2,1
18,0,1,1,1,1,1,3,1,0,0,0,0,0,0,0,0,0,0,1,1,3,1,0,0,7,0,1,0,3,3,4,0,7,1,0,0,2,0,2,0,0,0,1,0,0,1,0,1,2,2
19,0,0,0,2,0,0,1,7,1,1,0,0,0,0,0,0,0,0,0,2,1,4,5,1,2,0,0,1,2,2,1,2,5,0,1,0,0,0,1,1,1,0,2,1,2,0,1,2,1,1
20,0,1,1,3,3,5,0,3,7,0,0,0,0,0,0,0,0,0,1,1,0,3,2,4,3,0,1,0,1,0,0,6,2,1,0,0,2,2,1,1,2,2,1,0,1,2,1,2,1,2
21,0,0,0,2,0,0,5,0,1,1,0,0,0,0,0,0,0,0,0,2,2,3,5,6,0,0,0,1,2,2,1,2,5,0,1,2,0,1,0,1,2,2,1,0,1,1,2,2,1,0
22,0,0,2,0,2,3,2,5,8,2,0,0,0,0,0,0,0,0,0,0,2,0,1,3,4,0,0,2,1,1,3,3,6,0,2,2,2,2,1,1,1,1,1,1,1,2,2,0,1,2
23,0,0,0,2,0,0,5,0,1,1,0,0,0,0,0,0,0,0,0,2,2,3,5,6,0,0,0,1,2,2,1,2,5,0,1,1,2,2,2,1,1,0,1,2,1,1,1,1,2,2
24,0,0,0,2,0,0,5,0,1,1,0,0,0,0,0,0,0,0,0,2,2,4,5,6,0,0,0,1,2,2,1,2,5,0,1,0,0,2,0,2,2,1,2,1,1,1,0,1,2,2
25,0,0,0,2,4,2,1,7,1,1,0,0,0,0,0,0,0,0,0,2,1,4,4,1,2,0,0,1,2,2,5,5,1,0,1,1,2,0,2,2,2,1,1,2,0,0,1,1,2,0
26,0,1,1,3,3,5,0,3,0,0,0,0,0,0,0,0,0,0,1,1,0,1,2,4,3,0,1,0,1,0,0,6,2,1,0,2,1,1,2,0,2,1,2,2,0,1,0,1,0,1
27,0,0,2,0,2,0,5,0,9,1,0,0,0,0,0,0,0,0,0,0,2,3,5,6,0,0,0,1,1,2,1,2,5,0,1,0,2,1,2,2,1,0,1,1,0,0,2,1,1,2
28,0,0,0,2,4,2,1,4,1,1,0,0,0,0,0,0,0,0,0,2,1,2,4,1,2,0,0,1,2,2,5,5,1,0,1,1,0,1,1,2,0,1,2,1,0,2,0,1,1,1
29,0,1,1,3,3,5,0,3,0,0,0,0,0,0,0,0,0,0,1,1,0,3,2,4,3,0,1,0,1,0,0,6,2,1,0,1,2,2,2,2,2,1,0,0,2,0,2,0,0,2
30,0,0,0,2,0,4,4,2,4,2,0,0,0,0,0,0,0,0,0,2,1,4,3,1,1,0,0,2,0,4,2,4,0,0,2,1,2,1,2,0,2,2,2,0,1,0,1,2,0,0
31,0,1,1,3,3,5,0,3,0,0,0,0,0,0,0,0,0,0,1,1,0,1,2,4,3,0,1,0,1,0,0,6,2,1,0,2,0,2,2,2,0,1,0,0,1,0,2,0,1,0
32,0,1,1,3,3,5,0,3,0,0,0,0,0,0,0,0,0,0,1,1,0,1,2,4,6,0,1,0,1,0,0,6,2,1,0,0,1,1,2,2,0,1,1,0,0,1,0,0,0,2
33,0,0,0,2,4,2,1,7,1,1,0,0,0,0,0,0,0,0,0,2,1,4,4,1,2,0,0,1,2,2,5,5,1,0,1,1,0,0,2,2,0,0,1,1,1,1,0,1,2,0
34,0,0,0,2,0,0,5,0,1,1,0,0,0,0,0,0,0,0,0,2,2,3,5,6,0,0,0,1,2,2,1,2,5,0,1,2,1,1,2,1,1,2,1,1,0,2,1,1,0,1
35,0,0,0,2,0,4,4,2,2,2,0,0,0,0,0,0,0,0,0,2,1,4,3,5,1,0,0,2,0,4,2,4,0,0,2,2,0,2,0,0,2,2,1,2,2,0,0,2,0,2
36,0,0,2,0,0,0,5,0,1,1,0,0,0,0,0,0,0,0,0,0,2,3,5,6,0,0,0,1,1,2,1,2,5,0,1,1,1,1,1,2,1,2,0,1,1,1,2,0,1,1
37,0,0,2,0,0,0,5,0,1,1,0,0,0,0,0,0,0,0,0,0,2,3,5,6,0,0,0,1,1,2,1,2,5,0,1,2,0,1,2,0,1,2,1,2,2,2,2,2,2,2
38,0,0,0,2,0,0,1,7,1,1,0,0,0,0,0,0,0,0,0,2,1,4,5,1,2,0,0,1,2,2,1,2,5,0,1,2,0,2,0,2,2,2,1,2,1,2,2,0,1,1
39,0,0,2,0,2,3,2,5,2,2,0,0,0,0,0,0,0,0,0,0,2,0,1,3,4,0,0,2,1,1,3,3,3,0,2,1,0,0,1,2,1,1,2,1,0,0,2,1,1,0
40,0,0,0,2,4,2,6,4,1,1,0,0,0,0,0,0,0,0,0,2,1,2,4,2,5,0,0,1,2,2,5,5,1,0,1,0,2,1,0,2,1,0,1,1,1,0,0,0,0,2
41,0,0,0,2,4,2,6,4,10,1,0,0,0,0,0,0,0,0,0,2,1,2,4,2,5,0,0,1,2,2,5,5,1,0,1,2,2,1,2,1,1,1,0,1,1,1,1,2,2,0
42,0,1,1,3,3,5,0,3,0,0,0,0,0,0,0,0,0,0,1,1,0,1,2,4,3,0,1,0,1,0,0,6,2,1,0,1,0,0,0,2,2,2,0,1,2,1,0,1,0,0
43,0,0,0,2,0,4,4,2,2,2,0,0,0,0,0,0,0,0,0,2,1,4,3,5,1,0,0,2,0,4,2,4,0,0,2,2,2,1,0,2,1,2,0,1,1,1,2,0,2,1
44,0,0,2,0,2,3,2,5,2,2,0,0,0,0,0,0,0,0,0,0,2,0,1,3,4,0,0,2,1,1,3,3,3,0,2,1,0,1,0,1,1,2,1,0,1,2,2,2,0,1
45,0,1,1,1,1,1,3,1,-1,-1,0,0,0,0,0,0,0,0,1,1,3,1,0,0,7,0,1,0,3,3,4,0,7,1,-1,0,1,2,1,2,2,2,0,0,2,2,2,1,1,2
46,0,0,2,0,2,4,4,6,2,2,0,0,0,0,0,0,0,0,0,0,2,0,3,5,4,0,0,2,0,1,3,3,3,0,2,1,2,1,1,0,2,2,0,1,2,2,2,2,0,2
47,0,1,1,3,3,5,0,3,0,0,0,0,0,0,0,0,0,0,1,1,0,1,2,4,3,0,1,0,1,0,0,6,2,1,0,2,0,1,1,1,1,1,1,1,1,0,2,0,2,0
48,0,1,1,1,1,1,3,1,0,0,0,0,0,0,0,0,0,0,1,1,3,1,0,0,7,0,1,0,3,3,4,0,7,1,0,1,0,1,2,0,2,0,1,1,2,0,2,0,1,1
49,0,1,1,1,1,1,3,1,0,0,0,0,0,0,0,0,0,0,1,1,3,1,0,0,6,0,1,0,3,0,0,1,4,1,0,1,0,2,0,0,1,2,1,2,1,0,2,1,0,1
50,0,1,1,1,1,1,3,1,0,0,0,0,0,0,0,0,0,0,1,1,3,1,0,0,6,0,1,0,3,3,0,1,4,1,0,0,1,1,1,0,2,2,0,0,2,2,1,2,2,1
51,0,0,0,2,4,2,1,7,1,1,0,0,0,0,0,0,0,0,0,2,1,2,4,1,2,0,0,1,2,2,5,5,1,0,1,0,0,1,0,0,2,0,0,2,1,2,0,1,2,2
52,0,1,1,3,2,3,2,5,11,2,0,0,0,0,0,0,0,0,1,0,0,0,1,3,4,0,0,2,1,1,3,3,6,1,2,0,0,1,0,2,0,1,2,0,0,2,0,0,1,1
53,0,0,0,2,0,2,1,7,1,1,0,0,0,0,0,0,0,0,0,2,1,4,5,1,2,0,0,1,2,2,1,2,5,0,1,1,2,2,1,2,1,1,2,2,2,0,1,1,0,1
54,0,1,2,3,3,5,0,3,12,0,0,0,0,0,0,0,0,0,1,1,0,3,2,4,3,0,1,0,1,0,0,6,2,1,0,0,0,0,0,1,1,2,1,0,1,1,2,2,2,0
55,0,0,2,0,2,4,4,6,2,2,0,0,0,0,0,0,0,0,0,0,2,0,1,5,4,0,0,2,0,1,3,3,3,0,2,2,2,2,1,2,0,2,1,1,1,0,1,0,1,2
56,0,1,1,1,1,1,3,1,0,0,0,0,0,0,0,0,0,0,1,1,3,1,0,0,7,0,1,0,3,3,4,0,7,1,0,0,1,2,2,1,0,2,2,2,1,2,0,2,1,2
57,0,1,1,3,3,5,0,3,0,0,0,0,0,0,0,0,0,0,1,1,0,1,2,4,6,0,1,0,3,0,0,6,4,1,0,0,0,0,1,2,2,1,0,1,2,0,2,0,1,0
58,0,0,2,0,2,3,2,6,2,2,0,0,0,0,0,0,0,0,0,0,2,0,1,3,4,0,0,2,0,1,3,3,3,0,2,0,0,1,1,0,2,1,1,0,2,1,2,1,2,0
59,0,1,1,1,1,1,3,1,0,0,0,0,0,0,0,0,0,0,1,1,3,1,0,0,6,0,1,0,3,3,0,1,4,1,0,0,2,0,0,1,2,0,0,1,1,2,0,1,0,0
60,0,0,0,2,4,2,6,4,-1,2,0,0,0,0,0,0,0,0,0,2,1,2,4,2,5,0,0,2,0,4,2,4,0,0,-1,0,0,0,0,2,1,1,2,1,0,1,0,0,2,1
61,0,1,1,1,1,1,3,1,0,0,0,0,0,0,0,0,0,0,1,1,3,1,0,0,7,0,1,0,3,3,4,0,7,1,0,2,2,0,2,1,2,2,0,1,1,1,0,1,0,2
62,0,1,1,1,1,1,3,1,0,0,0,0,0,0,0,0,0,0,1,1,3,1,0,0,7,0,1,0,3,3,4,0,7,1,0,0,2,1,1,1,1,2,1,1,0,0,1,0,2,1
63,0,0,0,2,4,2,1,7,1,1,0,0,0,0,0,0,0,0,0,2,1,2,4,1,2,0,0,1,2,2,5,5,1,0,1,0,2,2,2,2,2,2,1,2,2,2,2,0,0,2
64,0,0,0,2,4,2,6,4,-1,1,0,0,0,0,0,0,0,0,0,2,1,2,4,1,2,0,0,1,2,2,5,5,1,0,1,0,1,1,2,0,0,2,2,2,0,2,2,2,1,1
65,0,0,2,0,2,3,2,5,8,2,0,0,0,0,0,0,0,0,0,0,2,0,1,3,4,0,0,2,1,1,3,3,6,0,2,1,2,2,1,0,0,2,1,2,0,0,2,1,2,1
66,0,1,1,1,1,1,3,1,0,0,0,0,0,0,0,0,0,0,1,1,3,1,0,0,6,0,1,0,3,3,4,1,4,1,0,2,1,1,1,0,0,2,1,1,2,0,2,1,1,1
67,0,1,1,3,3,5,0,3,0,0,0,0,0,0,0,0,0,0,1,1,0,1,2,4,3,0,1,0,1,0,0,6,2,1,0,2,1,0,0,0,0,1,0,1,0,1,0,2,0,2
68,0,0,0,0,0,0,5,0,1,1,0,0,0,0,0,0,0,0,0,2,2,3,5,6,0,0,0,1,2,2,1,2,5,0,1,1,1,2,0,0,1,0,2,1,2,1,2,2,2,0
69,0,0,2,0,0,0,5,0,1,1,0,0,0,0,0,0,0,0,0,2,2,3,5,6,0,0,0,1,2,2,1,2,5,0,1,2,2,1,2,1,2,1,2,1,2,2,0,1,1,0
70,0,0,2,0,2,0,5,0,9,1,0,0,0,0,0,0,0,0,0,0,2,3,5,6,0,0,0,1,1,2,1,2,5,0,1,2,2,2,1,1,0,2,1,0,2,2,2,0,2,0
71,0,0,0,2,4,2,6,2,13,2,0,0,0,0,0,0,0,0,0,2,1,4,4,1,1,0,0,2,0,4,2,4,0,0,2,1,1,0,0,0,1,0,2,2,2,1,1,2,0,0
72,0,1,1,3,3,5,0,3,0,0,0,0,0,0,0,0,0,0,1,1,0,1,2,4,3,0,1,0,1,0,0,6,2,1,0,1,2,1,2,2,2,0,0,2,0,2,1,1,2,0
73,0,0,2,0,0,4,4,6,2,2,0,0,0,0,0,0,0,0,0,0,2,0,3,5,4,0,0,2,0,1,3,3,3,0,2,1,1,2,0,0,1,2,2,2,1,2,2,0,1,2
74,0,1,1,1,1,1,3,1,14,0,0,0,0,0,0,0,0,0,1,1,3,1,0,0,7,0,1,0,3,3,4,0,7,1,0,1,0,2,1,1,1,2,2,2,2,1,0,1,1,1
75,0,0,0,2,4,2,1,7,1,1,0,0,0,0,0,0,0,0,0,2,1,4,4,1,2,0,0,1,2,2,5,5,1,0,1,1,0,2,1,0,1,2,0,1,0,2,2,0,1,2
76,0,1,1,3,3,5,0,3,0,0,0,0,0,0,0,0,0,0,1,1,0,1,2,4,3,0,1,0,1,0,0,6,2,1,0,1,0,0,1,2,2,2,1,2,2,2,0,0,2,1
77,0,1,1,3,3,5,0,3,0,0,0,0,0,0,0,0,0,0,1,1,0,1,2,4,3,0,1,0,1,0,0,6,2,1,0,1,2,2,2,1,0,0,0,2,1,0,2,2,2,1
78,0,0,0,2,0,0,1,7,1,1,0,0,0,0,0,0,0,0,0,2,1,4,5,6,0,0,0,1,2,2,1,2,5,0,1,2,0,0,1,0,2,1,1,1,2,2,2,0,0,2
79,0,1,1,1,1,1,3,1,0,0,0,0,0,0,0,0,0,0,1,1,3,1,0,0,6,0,1,0,3,3,4,1,4,1,0,2,2,0,1,2,1,1,0,2,2,1,2,1,0,2
80,0,0,2,0,2,4,4,6,2,2,0,0,0,0,0,0,0,0,0,0,2,0,1,5,4,0,0,2,0,1,3,3,3,0,2,2,0,1,0,2,1,0,1,0,2,1,0,0,2,0
81,0,0,0,2,4,2,6,4,1,1,0,0,0,0,0,0,0,0,0,2,1,2,4,2,5,0,0,1,2,2,5,5,1,0,1,2,0,0,0,1,1,0,0,2,2,0,1,1,2,0
82,0,1,1,3,3,5,0,3,0,0,0,0,0,0,0,0,0,0,1,1,0,1,2,4,3,0,1,0,1,0,0,6,2,1,0,2,1,2,1,0,1,0,1,0,0,2,2,0,1,0
83,0,0,2,0,0,0,5,0,1,1,0,0,0,0,0,0,0,0,0,0,2,3,5,6,0,0,0,1,1,2,1,2,5,0,1,0,2,1,2,1,0,2,0,1,1,1,0,0,2,2
84,0,1,1,1,1,1,3,1,0,0,0,0,0,0,0,0,0,0,1,1,3,1,0,0,6,0,1,0,3,3,4,1,4,1,0,2,1,1,1,1,2,2,1,0,0,1,2,0,2,1
85,0,1,1,1,1,1,3,1,0,0,0,0,0,0,0,0,0,0,1,1,3,1,0,0,6,0,1,0,3,3,4,1,4,1,0,1,2,0,1,0,2,2,0,2,1,0,2,1,2,2
86,0,1,1,1,1,1,3,1,0,0,0,0,0,0,0,0,0,0,1,1,3,1,0,0,6,0,1,0,3,3,4,1,4,1,0,0,0,1,0,1,1,0,1,1,1,2,0,1,0,0
87,0,1,1,1,1,1,3,1,0,0,0,0,0,0,0,0,0,0,1,1,3,1,0,0,7,0,1,0,3,3,4,0,7,1,0,0,0,0,2,1,1,2,2,0,1,0,2,2,0,0
88,0,1,1,3,3,5,0,3,0,0,0,0,0,0,0,0,0,0,1,1,0,1,2,4,3,0,1,0,1,0,0,6,2,1,0,1,1,1,1,2,0,0,1,2,1,2,2,2,2,2
89,0,0,2,0,0,0,5,0,1,1,0,0,0,0,0,0,0,0,0,0,2,3,5,6,0,0,0,1,1,2,1,2,5,0,1,0,2,1,2,0,0,1,2,0,2,1,2,2,2,0
90,0,0,2,0,0,4,4,6,2,2,0,0,0,0,0,0,0,0,0,0,2,0,3,5,4,0,0,2,0,1,3,3,3,0,2,1,1,1,2,0,2,2,1,2,1,1,1,0,0,0
91,0,0,2,0,0,0,5,0,1,1,0,0,0,0,0,0,0,0,0,0,2,3,5,6,0,0,0,1,1,2,1,2,5,0,1,1,1,0,1,1,2,1,1,2,1,2,1,0,0,1
92,0,0,2,0,2,3,2,6,2,2,0,0,0,0,0,0,0,0,0,0,2,0,1,3,4,0,0,2,0,1,3,3,3,0,2,0,1,1,0,0,0,0,0,2,2,0,1,0,2,0
93,0,0,2,0,2,3,2,6,2,2,0,0,0,0,0,0,0,0,0,0,2,0,1,3,4,0,0,2,0,1,3,3,3,0,2,0,2,2,0,1,0,0,0,0,0,2,1,0,0,2
94,0,1,1,3,2,3,2,5,11,2,0,0,0,0,0,0,0,0,1,0,0,0,1,3,4,0,0,2,1,1,3,3,6,1,2,1,2,1,2,0,1,1,0,0,1,1,0,2,2,1
95,0,0,2,0,0,0,5,0,1,1,0,0,0,0,0,0,0,0,0,0,2,3,5,6,0,0,0,1,1,2,1,2,5,0,1,0,0,1,0,2,2,2,2,2,1,1,0,2,2,1
96,0,0,2,0,0,4,4,6,2,2,0,0,0,0,0,0,0,0,0,0,2,0,3,5,1,0,0,2,0,4,2,4,3,0,2,0,1,1,2,0,0,0,2,0,2,0,1,2,0,1
97,0,0,0,2,0,4,4,2,2,2,0,0,0,0,0,0,0,0,0,2,1,4,3,5,1,0,0,2,0,4,2,4,0,0,2,1,0,2,2,2,2,1,2,2,0,2,1,0,1,2
98,0,0,2,0,0,4,4,2,2,2,0,0,0,0,0,0,0,0,0,0,2,4,3,5,1,0,0,2,0,4,2,4,0,0,2,0,2,1,0,0,1,1,2,1,1,1,2,2,0,2
99,0,0,2,0,0,0,5,0,15,1,0,0,0,0,0,0,0,0,0,2,2,3,5,6,0,0,0,1,2,2,1,2,5,0,1,1,2,0,1,1,0,1,1,0,2,1,2,2,0,0
100,0,0,0,2,0,4,4,2,-1,2,0,0,0,0,0,0,0,0,0,2,2,4,3,5,1,0,0,2,0,4,2,4,0,0,2,0,2,0,2,2,0,2,2,2,0,2,2,0,2,2
101,0,1,1,1,1,1,3,1,0,0,0,0,0,0,0,0,0,0,1,1,3,1,0,0,6,0,1,0,3,3,4,1,4,1,0,1,0,1,0,0,0,0,2,0,0,1,2,1,2,2
102,0,1,1,1,1,1,3,1,0,0,0,0,0,0,0,0,0,0,1,1,3,1,0,0,6,0,1,0,3,3,4,1,4,1,0,0,0,0,1,2,2,0,0,2,1,0,0,2,1,2
103,0,1,1,1,1,1,3,1,14,0,0,0,0,0,0,0,0,0,1,1,3,1,0,0,7,0,1,0,3,3,4,0,7,1,0,2,2,1,0,0,0,2,1,0,0,2,0,0,1,0
104,0,1,1,3,3,5,0,3,0,0,0,0,0,0,0,0,0,0,1,1,0,1,2,4,3,0,1,0,1,0,0,6,2,1,0,0,0,0,0,1,0,1,0,0,0,2,2,2,2,2
105,0,0,2,0,2,4,4,6,2,2,0,0,0,0,0,0,0,0,0,0,2,0,1,5,4,0,0,2,0,1,3,3,3,0,2,2,2,2,0,0,1,1,1,2,1,2,2,1,1,0
106,0,1,1,1,1,1,3,1,0,0,0,0,0,0,0,0,0,0,1,1,3,1,0,0,6,0,1,0,3,0,0,1,4,1,0,1,1,1,0,2,2,0,1,0,0,1,2,0,2,1
107,0,0,2,0,0,0,5,0,1,1,0,0,0,0,0,0,0,0,0,0,2,3,5,6,0,0,0,1,1,2,1,2,5,0,1,0,1,1,1,0,0,0,1,0,0,0,2,1,1,1
108,0,0,0,2,4,2,1,7,1,1,0,0,0,0,0,0,0,0,0,2,1,4,4,1,2,0,0,1,2,2,5,5,1,0,1,1,2,2,2,0,1,1,0,0,1,2,0,2,0,2
109,0,0,2,0,0,0,5,0,1,1,0,0,0,0,0,0,0,0,0,0,2,3,5,6,0,0,0,1,2,2,1,2,5,0,1,1,2,1,1,0,0,0,2,1,0,0,2,0,0,0
110,0,0,0,2,4,2,6,4,1,1,0,0,0,0,0,0,0,0,0,2,1,2,4,1,2,0,0,1,2,2,5,5,1,0,1,0,2,0,0,1,1,2,2,2,2,0,2,0,0,0
111,0,1,1,1,1,1,3,1,16,0,0,0,0,0,0,0,0,0,1,1,3,1,0,0,7,0,1,0,3,3,4,0,7,1,0,2,0,0,0,0,0,0,1,1,0,1,1,1,1,0
112,0,1,1,3,3,5,0,3,7,0,0,0,0,0,0,0,0,0,1,1,0,3,2,4,3,0,1,0,1,0,0,6,2,1,0,2,2,0,2,2,2,1,1,0,1,0,2,2,1,0
113,0,1,1,1,1,1,3,1,0,0,0,0,0,0,0,0,0,0,1,1,3,1,0,0,7,0,1,0,3,3,4,0,7,1,0,0,2,1,0,1,1,1,2,1,2,2,0,1,1,2
114,0,0,0,2,4,2,1,7,1,1,0,0,0,0,0,0,0,0,0,2,1,4,4,1,2,0,0,1,2,2,5,5,1,0,1,1,0,1,2,1,2,1,1,0,1,1,0,0,2,2
115,0,0,0,2,4,2,6,2,13,2,0,0,0,0,0,0,0,0,0,2,1,2,4,1,1,0,0,2,0,4,2,4,0,0,2,0,2,2,2,0,1,2,0,2,2,2,1,2,0,1
116,0,1,1,1,1,1,3,1,17,0,0,0,0,0,0,0,0,0,1,1,3,1,0,0,6,0,1,0,3,3,4,1,4,1,0,1,1,0,0,1,2,0,0,2,2,0,1,2,0,1
117,0,1,2,0,2,3,2,5,3,3,0,0,0,0,0,0,0,0,0,0,2,0,1,3,4,0,0,2,1,1,1,2,5,0,-1,2,0,1,1,2,2,1,0,2,1,2,0,0,1,0
118,0,0,2,0,2,3,2,5,2,2,0,0,0,0,0,0,0,0,0,0,2,0,1,3,4,0,0,2,1,1,3,3,3,0,2,0,1,1,2,1,1,1,0,0,0,1,2,1,1,2
119,0,0,2,0,2,4,4,6,2,2,0,0,0,0,0,0,0,0,0,0,2,0,3,5,4,0,0,2,0,1,3,3,3,0,2,1,0,2,1,1,1,2,0,1,2,2,2,0,1,0
120,0,0,2,0,0,4,4,6,2,2,0,0,0,0,0,0,0,0,0,0,2,0,3,5,1,0,0,2,0,4,2,4,3,0,2,1,2,1,2,2,1,0,2,0,1,1,2,2,2,2
121,0,0,0,2,4,2,6,4,18,1,0,0,0,0,0,0,0,0,0,2,1,2,4,2,5,0,0,1,2,2,5,5,1,0,-1,0,2,0,2,0,2,2,1,1,0,0,0,0,0,2
122,0,0,0,2,4,2,6,4,1,1,0,0,0,0,0,0,0,0,0,2,1,2,4,2,5,0,0,1,2,2,5,5,1,0,1,0,2,1,1,2,0,0,0,1,2,0,1,0,1,0
123,0,0,0,2,4,2,1,7,1,1,0,0,0,0,0,0,0,0,0,2,1,4,4,1,2,0,0,1,2,2,5,5,1,0,1,0,1,2,2,1,0,0,1,2,0,1,2,1,0,0
124,0,0,0,2,4,2,6,2,13,2,0,0,0,0,0,0,0,0,0,2,1,2,4,1,1,0,0,2,0,4,2,4,0,0,2,1,1,1,2,1,1,1,1,0,2,0,2,1,2,1
125,0,0,2,0,2,3,2,5,2,2,0,0,0,0,0,0,0,0,0,0,2,0,1,3,4,0,0,2,1,1,3,3,6,0,2,1,0,1,2,0,1,2,0,2,1,2,2,1,0,0
126,0,0,0,2,4,2,6,4,1,1,0,0,0,0,0,0,0,0,0,2,1,2,4,1,2,0,0,1,2,2,5,5,1,0,1,0,1,2,0,2,0,0,0,2,0,0,0,1,1,2
127,0,1,1,1,1,1,3,1,0,0,0,0,0,0,0,0,0,0,1,1,3,1,0,0,6,0,1,0,3,3,4,1,4,1,0,2,1,2,0,0,2,0,1,1,1,0,0,0,1,0
128,0,1,1,1,1,1,3,1,0,0,0,0,0,0,0,0,0,0,1,1,3,1,0,0,6,0,1,0,3,3,4,1,4,1,0,1,2,2,1,0,2,2,1,1,2,1,1,2,0,2
129,0,0,0,2,4,2,6,4,-1,1,0,0,0,0,0,0,0,0,0,2,1,2,4,2,5,0,0,1,2,2,5,5,1,0,1,0,1,2,1,0,0,0,2,2,2,1,2,0,1,2
130,0,1,2,3,2,3,2,5,19,2,0,0,0,0,0,0,0,0,1,0,2,0,1,3,4,0,0,2,1,1,3,3,6,1,2,2,1,1,2,1,1,1,2,0,0,1,2,1,0,1
131,0,0,0,2,0,0,5,0,1,1,0,0,0,0,0,0,0,0,0,2,2,3,5,6,0,0,0,1,2,2,1,2,5,0,1,1,2,1,0,0,1,0,1,1,2,0,2,1,0,2
132,0,1,1,3,3,5,0,3,0,0,0,0,0,0,0,0,0,0,1,1,0,1,2,4,3,0,1,0,1,0,0,6,2,1,0,2,2,2,2,1,0,2,2,1,2,0,0,2,2,0
133,0,0,2,0,0,0,5,0,1,1,0,0,0,0,0,0,0,0,0,0,2,3,5,6,0,0,0,1,1,2,1,2,5,0,1,0,0,0,1,0,2,1,1,0,0,2,2,1,2,1
134,0,1,1,3,3,5,0,3,0,0,0,0,0,0,0,0,0,0,1,1,0,1,2,4,6,0,1,0,3,0,0,6,4,1,0,0,2,2,1,2,0,1,2,1,2,1,2,1,1,0
135,0,0,2,0,2,4,4,6,2,2,0,0,0,0,0,0,0,0,0,0,2,0,3,5,4,0,0,2,0,1,3,3,3,0,2,2,1,0,0,0,0,2,0,0,2,0,0,1,2,1
136,0,0,2,0,2,3,2,6,2,2,0,0,0,0,0,0,0,0,0,0,2,0,1,3,4,0,0,2,0,1,3,3,3,0,2,0,2,2,0,1,0,1,0,0,1,2,2,1,1,2
137,0,1,1,3,3,5,0,3,7,0,0,0,0,0,0,0,0,0,1,1,0,3,2,4,3,0,1,0,1,0,0,6,2,1,0,2,2,0,2,1,0,0,0,1,1,1,1,2,1,2
138,0,0,0,2,4,2,6,4,20,2,0,0,0,0,0,0,0,0,0,2,1,2,4,2,5,0,0,2,0,4,2,4,0,0,2,0,1,2,2,0,0,1,0,1,2,1,0,1,1,1
139,0,1,1,3,3,5,0,3,0,0,0,0,0,0,0,0,0,0,1,1,0,1,2,4,3,0,1,0,1,0,0,6,2,1,0,0,0,1,2,2,1,1,0,2,1,2,1,1,2,0
140,0,0,0,2,4,2,1,7,1,1,0,0,0,0,0,0,0,0,0,2,1,2,4,1,2,0,0,1,2,2,5,5,1,0,1,0,2,2,1,1,1,1,0,1,0,0,1,2,0,0
141,0,1,1,1,1,1,3,1,0,0,0,0,0,0,0,0,0,0,1,1,3,1,0,0,6,0,1,0,3,3,4,1,4,1,0,2,2,2,1,0,2,0,2,2,1,1,2,2,2,2
142,0,0,0,2,0,4,4,2,2,2,0,0,0,0,0,0,0,0,0,2,2,4,3,5,1,0,0,2,0,4,2,4,0,0,2,0,0,2,0,1,1,0,1,1,2,1,2,1,1,0
143,0,0,0,2,4,2,1,7,1,1,0,0,0,0,0,0,0,0,0,2,1,4,4,1,2,0,0,1,2,2,5,5,1,0,1,0,2,1,2,0,1,0,0,1,0,1,0,0,1,1
144,0,0,0,2,0,0,1,7,1,1,0,0,0,0,0,0,0,0,0,2,1,4,5,1,2,0,0,1,2,2,1,2,5,0,1,2,2,1,2,2,1,0,1,0,0,1,2,2,2,0
145,0,0,2,0,0,0,5,0,1,1,0,0,0,0,0,0,0,0,0,0,2,3,5,6,0,0,0,1,1,2,1,2,5,0,1,0,0,1,1,2,0,1,0,2,1,0,0,1,0,0
146,0,1,1,1,1,1,3,1,0,0,0,0,0,0,0,0,0,0,1,1,3,1,0,0,6,0,1,0,3,3,0,1,4,1,0,0,0,1,2,2,0,0,2,0,1,0,0,0,0,1
147,0,0,2,0,2,3,2,5,8,2,0,0,0,0,0,0,0,0,0,0,2,0,1,3,4,0,0,2,1,1,3,3,6,0,2,0,1,1,1,0,2,2,1,2,1,0,1,0,2,2
148,0,0,0,2,4,2,6,2,-1,2,0,0,0,0,0,0,0,0,0,2,1,2,4,1,1,0,0,2,0,4,2,4,0,0,2,1,2,0,0,1,1,0,1,0,0,1,0,2,0,0
149,0,0,0,2,4,2,6,4,1,1,0,0,0,0,0,0,0,0,0,2,1,2,4,2,2,0,0,1,2,2,5,5,1,0,1,2,2,1,0,1,2,0,2,1,1,1,0,0,2,0
150,0,1,1,3,3,5,0,3,0,0,0,0,0,0,0,0,0,0,1,1,0,1,2,4,3,0,1,0,1,0,0,6,2,1,0,1,2,0,2,0,0,2,1,2,0,1,2,2,2,1
151,0,0,0,2,0,0,1,7,1,1,0,0,0,0,0,0,0,0,0,2,1,4,5,1,2,0,0,1,2,2,1,2,5,0,1,2,0,1,2,1,0,0,0,1,0,0,1,1,1,0
152,0,0,2,0,0,4,4,6,2,2,0,0,0,0,0,0,0,0,0,0,2,0,3,5,1,0,0,2,0,4,2,4,3,0,2,0,1,0,2,1,1,2,1,0,1,1,0,1,1,2
153,0,1,2,0,2,3,2,5,8,2,0,0,0,0,0,0,0,0,0,0,2,0,1,3,4,0,0,2,1,1,3,3,6,1,2,2,1,2,0,0,0,1,0,2,1,2,1,2,2,0
154,0,1,1,1,1,1,3,1,0,0,0,0,0,0,0,0,0,0,1,1,3,1,0,0,6,0,1,0,3,3,4,1,4,1,0,2,1,2,0,1,2,1,1,1,0,0,1,1,0,2
155,0,0,0,2,0,4,4,2,4,2,0,0,0,0,0,0,0,0,0,2,1,4,3,1,1,0,0,2,0,4,2,4,0,0,2,1,2,1,2,2,0,0,1,2,2,0,0,2,1,0
156,0,0,2,0,2,3,2,6,2,2,0,0,0,0,0,0,0,0,0,0,2,0,1,3,4,0,0,2,0,1,3,3,3,0,2,1,1,0,2,2,2,1,2,1,0,2,2,2,0,0
157,0,0,2,0,2,3,2,6,2,2,0,0,0,0,0,0,0,0,0,0,2,0,1,3,4,0,0,2,0,1,3,3,3,0,2,0,1,0,0,1,0,1,1,2,0,1,2,0,2,2
158,0,1,1,3,3,5,0,3,0,0,0,0,0,0,0,0,0,0,1,1,0,1,2,4,3,0,1,0,1,0,0,6,2,1,0,2,1,2,0,2,1,1,0,0,2,0,1,2,0,2
159,0,1,1,1,1,1,3,1,0,0,0,0,0,0,0,0,0,0,1,1,3,1,0,0,6,0,1,0,3,3,4,1,4,1,0,1,1,1,2,0,1,0,0,2,2,1,2,1,2,0
160,0,0,0,2,4,2,1,7,1,1,0,0,0,0,0,0,0,0,0,2,1,4,4,1,2,0,0,1,2,2,5,5,1,0,1,1,1,1,2,2,2,2,2,1,0,2,1,2,1,1
161,0,0,2,0,2,4,4,6,2,2,0,0,0,0,0,0,0,0,0,0,2,0,1,5,4,0,0,2,0,1,3,3,3,0,2,0,1,1,2,0,1,0,0,2,2,0,1,1,0,0
162,0,0,0,2,4,2,1,7,1,1,0,0,0,0,0,0,0,0,0,2,1,4,4,1,2,0,0,1,2,2,1,2,5,0,1,2,1,1,2,0,2,2,2,0,1,0,2,2,0,0
163,0,0,2,0,0,4,4,2,2,2,0,0,0,0,0,0,0,0,0,0,2,4,3,5,1,0,0,2,0,4,2,4,0,0,2,0,1,1,2,2,1,2,1,0,0,1,1,0,0,2
164,0,1,1,1,1,1,3,1,16,0,0,0,0,0,0,0,0,0,1,1,3,1,0,0,7,0,1,0,3,3,4,0,7,1,0,0,1,0,0,0,2,0,2,0,2,2,2,1,1,2
165,0,1,1,1,1,1,3,1,0,0,0,0,0,0,0,0,0,0,1,1,3,1,0,0,6,0,1,0,3,3,4,1,4,1,0,1,1,1,0,1,2,0,0,2,1,2,0,1,1,1
166,0,0,2,0,2,3,2,6,2,2,0,0,0,0,0,0,0,0,0,0,2,0,1,3,4,0,0,2,0,1,3,3,3,0,2,1,2,0,2,0,2,1,1,0,2,2,2,0,1,2
167,0,0,2,0,2,0,5,0,9,1,0,0,0,0,0,0,0,0,0,0,2,3,5,6,0,0,0,1,1,2,1,2,5,0,1,1,0,2,1,2,2,0,2,1,0,0,0,1,2,0
168,0,1,1,1,1,1,3,1,-1,0,0,0,0,0,0,0,0,0,1,1,3,1,0,0,7,0,1,0,3,3,4,0,7,1,-1,1,2,1,0,2,0,0,0,2,2,0,1,2,1,2
169,0,0,0,2,4,2,6,2,13,2,0,0,0,0,0,0,0,0,0,2,1,4,4,1,1,0,0,2,0,4,2,4,0,0,2,2,0,2,1,1,0,0,0,0,0,0,2,0,2,0
170,0,0,0,2,0,2,1,7,1,1,0,0,0,0,0,0,0,0,0,2,1,4,4,1,2,0,0,1,2,2,1,2,5,0,1,1,1,2,0,0,2,2,1,0,1,2,0,2,2,0
171,0,1,1,1,1,1,3,1,0,0,0,0,0,0,0,0,0,0,1,1,3,1,0,0,6,0,1,0,3,3,4,1,4,1,0,2,2,2,2,0,0,1,1,1,2,2,0,2,1,1
172,0,0,0,2,4,2,6,4,1,1,0,0,0,0,0,0,0,0,0,2,1,2,4,2,2,0,0,1,2,2,5,5,1,0,1,1,1,2,1,2,2,1,2,1,2,0,2,0,0,2
173,0,1,1,3,3,5,0,3,0,0,0,0,0,0,0,0,0,0,1,1,0,1,2,4,3,0,1,0,1,0,0,6,2,1,0,0,2,1,2,0,1,1,1,0,1,2,1,0,2,1
174,0,1,1,3,3,5,0,3,0,0,0,0,0,0,0,0,0,0,1,1,0,1,2,4,3,0,1,0,1,0,0,6,2,1,0,0,0,1,0,1,0,1,1,2,1,1,1,1,2,0
175,0,0,2,0,2,3,2,5,2,2,0,0,0,0,0,0,0,0,0,0,2,0,1,3,4,0,0,2,1,1,3,3,3,0,2,2,1,2,1,2,0,0,0,0,2,2,1,0,0,2
176,0,1,2,0,2,3,2,5,-1,2,0,0,0,0,0,0,0,0,0,0,2,0,1,3,4,0,0,2,1,1,3,3,6,1,2,2,1,2,2,0,0,0,1,0,1,1,2,0,0,2
177,0,0,2,0,0,4,4,6,2,2,0,0,0,0,0,0,0,0,0,0,2,4,3,5,1,0,0,2,0,4,2,4,0,0,2,1,2,2,1,0,2,0,1,2,1,2,0,0,0,0
178,0,1,1,3,3,5,0,3,0,0,0,0,0,0,0,0,0,0,1,1,0,1,2,4,6,0,1,0,1,0,0,6,2,1,0,0,0,2,2,0,0,0,2,2,0,0,0,2,2,2
179,0,0,0,2,4,2,1,7,1,1,0,0,0,0,0,0,0,0,0,2,1,4,4,1,2,0,0,1,2,2,5,5,1,0,1,1,0,2,1,0,1,0,1,0,1,2,1,2,0,2
180,0,0,2,0,2,3,2,5,2,2,0,0,0,0,0,0,0,0,0,0,2,0,1,3,4,0,0,2,1,1,3,3,3,0,2,0,2,2,0,1,1,1,2,1,0,1,1,1,2,0
181,0,0,0,2,4,2,6,2,13,2,0,0,0,0,0,0,0,0,0,2,1,4,4,1,1,0,0,2,0,4,2,4,0,0,2,1,2,2,0,0,1,1,2,1,2,0,0,0,1,0
182,0,1,1,3,3,5,0,3,0,0,0,0,0,0,0,0,0,0,1,1,0,1,2,4,3,0,1,0,1,0,0,6,2,1,0,0,1,0,1,1,1,0,0,1,0,0,1,0,1,0
183,0,0,0,2,4,2,6,4,1,1,0,0,0,0,0,0,0,0,0,2,1,2,4,2,2,0,0,1,2,2,5,5,1,0,1,0,2,2,0,2,0,2,0,2,1,1,0,2,2,1
184,0,0,2,0,0,0,5,0,1,1,0,0,0,0,0,0,0,0,0,0,2,3,5,6,0,0,0,1,1,2,1,2,5,0,1,0,2,0,0,1,1,1,0,1,0,0,2,0,0,2
185,0,0,0,2,4,2,6,4,1,1,0,0,0,0,0,0,0,0,0,2,1,2,4,1,2,0,0,1,2,2,5,5,1,0,1,2,1,0,0,2,1,2,2,2,2,0,2,2,2,0
186,0,0,2,0,0,0,5,0,21,1,0,0,0,0,0,0,0,0,0,0,2,3,5,6,0,0,0,1,1,2,1,2,5,0,1,2,0,2,1,2,0,2,0,1,0,2,1,1,1,0
187,0,0,0,2,0,2,1,7,1,1,0,0,0,0,0,0,0,0,0,2,1,4,5,1,2,0,0,1,2,2,1,2,5,0,1,0,1,1,0,0,2,2,1,0,2,0,0,1,2,0
188,0,1,1,1,1,1,3,1,0,0,0,0,0,0,0,0,0,0,1,1,3,1,0,0,6,0,1,0,3,3,4,1,4,1,0,0,0,1,2,1,2,0,0,1,2,1,1,0,0,2
189,0,0,0,2,0,4,4,2,2,2,0,0,0,0,0,0,0,0,0,2,1,4,3,5,1,0,0,2,0,4,2,4,0,0,2,1,1,2,2,2,1,0,0,1,0,2,2,1,0,0
190,0,0,0,2,0,0,5,0,1,1,0,0,0,0,0,0,0,0,0,2,2,4,5,6,0,0,0,1,2,2,1,2,5,0,1,1,1,1,1,0,1,0,0,2,0,1,1,1,2,0
191,0,0,2,0,0,4,4,6,2,2,0,0,0,0,0,0,0,0,0,0,2,0,3,5,4,0,0,2,0,1,3,3,3,0,2,0,1,0,0,0,1,2,1,0,2,2,0,0,1,0
192,0,0,2,0,0,4,4,6,2,2,0,0,0,0,0,0,0,0,0,0,2,0,3,5,1,0,0,2,0,4,2,4,3,0,2,2,0,2,2,1,1,0,1,0,0,2,0,0,0,0
193,0,0,0,2,4,2,6,4,1,1,0,0,0,0,0,0,0,0,0,2,1,2,4,2,5,0,0,1,2,2,5,5,1,0,1,0,1,2,0,1,2,0,1,1,2,2,1,1,1,1
194,0,0,0,2,4,2,6,2,20,2,0,0,0,0,0,0,0,0,0,2,1,2,4,2,5,0,0,2,0,4,2,4,0,0,2,1,2,0,2,1,2,2,0,2,1,1,2,2,1,2
195,0,0,0,2,0,0,5,0,1,1,0,0,0,0,0,0,0,0,0,2,2,4,5,6,0,0,0,1,2,2,1,2,5,0,1,0,2,1,2,0,1,2,0,2,0,2,0,0,1,1
196,0,0,2,0,0,4,4,6,2,2,0,0,0,0,0,0,0,0,0,0,2,0,3,5,1,0,0,2,0,4,2,4,3,0,2,2,2,2,0,1,0,1,2,2,1,2,1,0,0,1
197,0,0,0,2,4,2,6,2,13,2,0,0,0,0,0,0,0,0,0,2,1,4,4,1,1,0,0,2,0,4,2,4,0,0,2,1,2,1,1,1,1,0,0,1,0,0,1,0,2,1
198,0,0,0,2,0,0,5,0,1,1,0,0,0,0,0,0,0,0,0,2,1,4,5,6,0,0,0,1,2,2,1,2,5,0,1,1,2,2,0,2,1,0,2,2,1,2,2,2,0,1
199,0,0,2,0,0,0,5,0,1,1,0,0,0,0,0,0,0,0,0,0,2,3,5,6,0,0,0,1,1,2,1,2,5,0,1,2,0,0,2,2,0,1,2,0,1,1,1,0,2,1
200,0,0,2,0,2,3,2,5,8,2,0,0,0,0,0,0,0,0,0,0,2,0,1,3,4,0,0,2,1,1,3,3,6,0,2,2,1,0,1,1,0,1,2,1,1,0,0,2,1,2
201,0,0,0,2,4,4,4,2,22,2,0,0,0,0,0,0,0,0,0,2,1,4,3,1,1,0,0,2,0,4,2,4,0,0,2,2,2,0,0,1,2,2,0,0,0,2,0,1,0,1
202,0,0,0,2,4,2,6,4,20,2,0,0,0,0,0,0,0,0,0,2,1,2,4,2,5,0,0,2,0,4,2,4,0,0,2,2,0,2,1,1,2,2,1,0,2,2,0,2,0,2
203,0,0,2,0,2,3,2,5,2,2,0,0,0,0,0,0,0,0,0,0,2,0,1,3,4,0,0,2,1,1,3,3,3,0,2,2,2,0,0,2,0,0,1,1,0,0,2,0,0,2
204,0,0,2,3,3,5,5,0,23,0,0,0,0,0,0,0,0,0,1,0,0,3,5,6,0,0,0,0,1,0,0,6,2,0,0,1,0,1,2,1,0,2,2,0,0,2,0,0,0,2
205,0,0,2,0,2,3,2,5,8,2,0,0,0,0,0,0,0,0,0,0,2,0,1,3,4,0,0,2,1,1,3,3,6,0,2,1,1,1,1,0,1,1,2,1,0,1,2,1,0,2
206,0,0,2,0,0,4,4,2,2,2,0,0,0,0,0,0,0,0,0,0,2,4,3,5,1,0,0,2,0,4,2,4,0,0,2,0,1,2,1,2,1,0,2,0,0,1,0,1,0,0
207,0,1,1,3,3,5,0,3,0,0,0,0,0,0,0,0,0,0,1,1,0,1,2,4,3,0,1,0,1,0,0,6,2,1,0,1,1,1,1,0,2,1,2,0,0,1,1,0,1,1
208,0,0,0,2,0,0,1,7,24,1,0,0,0,0,0,0,0,0,0,2,1,4,5,1,2,0,0,1,2,2,1,2,5,0,1,2,1,0,0,0,2,2,1,0,0,2,0,0,0,2
209,0,0,0,2,4,2,1,7,1,1,0,0,0,0,0,0,0,0,0,2,1,4,4,1,2,0,0,1,2,2,5,5,1,0,1,2,1,0,0,0,2,0,1,2,1,0,2,0,0,2
210,0,0,2,0,2,3,2,6,2,2,0,0,0,0,0,0,0,0,0,0,2,0,1,3,4,0,0,2,0,1,3,3,3,0,2,0,0,1,2,2,1,1,2,0,0,1,2,1,2,2
211,0,0,0,2,0,0,5,0,1,1,0,0,0,0,0,0,0,0,0,2,2,4,5,6,0,0,0,1,2,2,1,2,5,0,1,0,0,2,0,2,0,0,1,0,2,0,0,0,1,2
212,0,0,0,2,0,2,1,7,1,1,0,0,0,0,0,0,0,0,0,2,1,4,4,1,2,0,0,1,2,2,1,2,5,0,1,0,0,2,1,0,2,0,0,0,1,0,2,1,2,0
213,0,1,1,1,1,1,3,1,0,0,0,0,0,0,0,0,0,0,1,1,3,1,0,0,7,0,1,0,3,3,4,0,7,1,0,1,1,0,1,0,1,2,1,0,0,0,1,1,2,2
214,0,1,1,1,1,1,3,1,0,0,0,0,0,0,0,0,0,0,1,1,3,1,0,0,6,0,1,0,3,3,4,1,4,1,0,0,1,0,1,0,2,0,0,2,0,0,2,2,0,2
215,0,0,2,0,0,4,4,2,2,2,0,0,0,0,0,0,0,0,0,0,2,4,3,5,1,0,0,2,0,4,2,4,0,0,2,2,0,0,2,0,2,2,0,2,0,2,1,1,0,2
216,0,0,2,0,2,3,2,6,2,2,0,0,0,0,0,0,0,0,0,0,2,0,1,3,4,0,0,2,0,1,3,3,3,0,2,1,1,0,0,2,0,0,2,2,0,2,1,2,1,1
217,0,1,2,0,2,3,2,5,8,2,0,0,0,0,0,0,0,0,0,0,2,0,1,3,4,0,0,2,1,1,3,3,6,0,2,1,1,0,1,1,1,0,1,1,0,1,0,0,1,2
218,0,0,2,0,0,4,4,6,2,2,0,0,0,0,0,0,0,0,0,0,2,4,3,5,1,0,0,2,0,4,2,4,0,0,2,0,0,1,1,0,2,1,2,0,2,2,1,1,2,1
219,0,0,0,2,0,0,1,7,24,1,0,0,0,0,0,0,0,0,0,2,1,4,5,6,2,0,0,1,2,2,1,2,5,0,1,2,0,0,0,0,2,2,2,2,1,2,2,2,2,0
220,0,0,0,2,4,2,6,4,1,1,0,0,0,0,0,0,0,0,0,2,1,2,4,2,2,0,0,1,2,2,5,5,1,0,1,1,0,0,1,0,1,0,1,2,0,1,1,1,2,0
221,0,0,0,2,4,2,1,7,1,1,0,0,0,0,0,0,0,0,0,2,1,4,4,1,2,0,0,1,2,2,5,5,1,0,1,1,0,0,2,1,1,0,1,2,2,2,2,2,0,0
222,0,0,2,0,2,3,2,6,2,2,0,0,0,0,0,0,0,0,0,0,2,0,1,3,4,0,0,2,0,1,3,3,3,0,2,2,0,1,1,2,1,1,1,1,2,1,0,0,1,1
223,0,1,1,3,3,5,0,3,0,0,0,0,0,0,0,0,0,0,1,1,0,1,2,4,3,0,1,0,1,0,0,6,2,1,0,2,0,1,2,2,0,2,0,0,1,2,1,2,2,0
224,0,0,0,2,0,0,5,0,1,1,0,0,0,0,0,0,0,0,0,2,2,3,5,6,0,0,0,1,2,2,1,2,5,0,1,0,1,0,0,1,0,1,2,2,2,0,2,1,2,1
225,0,0,0,2,4,2,1,4,1,1,0,0,0,0,0,0,0,0,0,2,1,2,4,1,2,0,0,1,2,2,5,5,1,0,1,0,0,0,0,1,1,0,1,1,0,0,2,1,0,0
226,0,0,0,2,0,4,4,2,2,2,0,0,0,0,0,0,0,0,0,2,1,4,3,5,1,0,0,2,0,4,2,4,0,0,2,0,0,0,1,0,2,0,2,0,1,2,1,1,0,2
227,0,0,2,0,2,3,5,0,-1,-1,0,0,0,0,0,0,0,0,0,0,2,3,5,6,0,0,0,1,1,2,1,2,5,0,-1,0,0,1,1,0,1,1,1,1,1,1,1,0,2,0
228,0,1,1,1,1,1,3,1,0,0,0,0,0,0,0,0,0,0,1,1,3,1,0,0,7,0,1,0,3,3,4,0,7,1,0,0,1,0,0,2,0,1,0,1,0,2,1,1,1,2
229,0,0,0,2,0,2,1,7,1,1,0,0,0,0,0,0,0,0,0,2,1,4,4,1,2,0,0,1,2,2,1,2,5,0,1,1,1,1,1,2,0,2,2,2,2,1,1,0,1,2
230,0,1,1,3,3,5,0,3,0,0,0,0,0,0,0,0,0,0,1,1,0,1,2,4,3,0,1,0,1,0,0,6,2,1,0,2,0,2,2,0,0,0,1,2,2,2,1,1,2,1
231,0,0,0,2,0,4,4,2,2,2,0,0,0,0,0,0,0,0,0,2,1,4,3,5,1,0,0,2,0,4,2,4,0,0,2,0,0,0,1,0,2,2,2,1,0,0,1,1,1,0
232,0,0,2,0,0,4,4,2,2,2,0,0,0,0,0,0,0,0,0,0,2,4,3,5,1,0,0,2,0,4,2,4,0,0,2,1,1,0,2,1,1,1,0,0,1,1,2,1,0,0
233,0,0,2,0,2,4,4,6,2,2,0,0,0,0,0,0,0,0,0,0,2,0,3,5,4,0,0,2,0,1,3,3,3,0,2,0,2,2,0,0,1,0,2,2,0,0,0,0,0,0
234,0,0,2,0,2,3,2,5,2,2,0,0,0,0,0,0,0,0,0,0,2,0,1,3,4,0,0,2,1,1,3,3,6,0,2,0,2,1,0,2,2,1,0,1,2,2,0,0,2,0
235,0,1,1,1,1,1,3,1,0,0,0,0,0,0,0,0,0,0,1,1,3,1,0,0,7,0,1,0,3,3,4,0,7,1,0,2,2,1,2,0,0,0,1,1,0,1,0,0,0,0
236,0,1,1,3,3,5,0,3,0,0,0,0,0,0,0,0,0,0,1,1,0,1,2,4,3,0,1,0,1,0,0,6,2,1,0,0,2,1,0,2,1,2,2,1,0,2,1,1,2,2
237,0,0,2,0,2,3,2,6,2,2,0,0,0,0,0,0,0,0,0,0,2,0,1,3,4,0,0,2,0,1,3,3,3,0,2,1,2,1,2,0,1,1,2,0,2,0,1,1,0,1
238,0,0,2,0,0,4,4,6,2,2,0,0,0,0,0,0,0,0,0,0,2,0,3,5,1,0,0,2,0,4,2,4,3,0,2,2,0,0,1,1,0,0,2,1,1,1,2,2,0,1
239,0,0,0,2,0,0,5,0,1,1,0,0,0,0,0,0,0,0,0,2,2,3,5,6,0,0,0,1,2,2,1,2,5,0,1,2,1,1,1,1,0,2,2,2,2,0,2,0,2,0
240,0,0,2,0,2,0,5,0,9,1,0,0,0,0,0,0,0,0,0,0,2,3,5,6,0,0,0,1,1,2,1,2,5,0,1,1,2,0,1,2,1,0,1,2,1,0,1,2,2,1
241,0,1,1,3,3,5,0,3,12,0,0,0,0,0,0,0,0,0,1,1,0,3,2,4,3,0,1,0,1,0,0,6,2,1,0,2,0,2,1,0,2,2,1,0,1,2,2,0,0,1
242,0,0,2,0,0,0,5,0,1,1,0,0,0,0,0,0,0,0,0,0,2,3,5,6,0,0,0,1,1,2,1,2,5,0,1,2,1,0,1,2,1,1,0,0,2,1,1,1,1,2
243,0,0,2,0,2,3,2,5,2,2,0,0,0,0,0,0,0,0,0,0,2,0,1,3,4,0,0,2,1,1,3,3,6,0,2,2,2,2,0,0,1,2,0,2,1,2,1,1,2,2
244,0,1,1,1,1,1,3,1,0,0,0,0,0,0,0,0,0,0,1,1,3,1,0,0,6,0,1,0,3,3,4,1,4,1,0,2,0,0,0,1,1,0,1,2,2,2,1,0,1,0
245,0,0,2,0,2,3,2,6,2,2,0,0,0,0,0,0,0,0,0,0,2,0,1,3,4,0,0,2,0,1,3,3,3,0,2,0,2,2,1,2,1,1,0,1,0,0,2,2,0,0
246,0,1,1,3,3,5,0,3,0,0,0,0,0,0,0,0,0,0,1,1,0,1,2,4,3,0,1,0,1,0,0,6,2,1,0,0,1,2,2,0,2,1,2,2,1,1,0,1,2,0
247,0,1,1,1,1,1,3,1,0,0,0,0,0,0,0,0,0,0,1,1,3,1,0,0,6,0,1,0,3,0,0,1,4,1,0,1,2,0,2,2,0,1,0,0,1,0,1,1,1,1
248,0,1,1,1,1,1,3,1,0,0,0,0,0,0,0,0,0,0,1,1,3,1,0,0,6,0,1,0,3,3,4,1,4,1,0,2,1,1,0,2,1,2,2,1,1,1,2,1,0,2
249,0,0,0,2,4,2,6,4,1,1,0,0,0,0,0,0,0,0,0,2,1,2,4,2,2,0,0,1,2,2,5,5,1,0,1,2,2,2,0,1,1,1,2,0,1,0,1,2,0,2
250,0,0,0,2,4,2,1,4,1,1,0,0,0,0,0,0,0,0,0,2,1,2,4,1,2,0,0,1,2,2,5,5,1,0,1,1,0,2,2,2,1,2,1,0,2,2,2,1,2,2
251,0,0,2,0,2,3,2,5,8,2,0,0,0,0,0,0,0,0,0,0,2,0,1,3,4,0,0,2,1,1,3,3,6,0,2,0,1,1,0,0,1,0,2,1,0,0,2,2,0,1
252,0,0,0,2,4,2,6,4,25,1,0,0,0,0,0,0,0,0,0,2,1,2,4,2,5,0,0,1,2,2,5,5,1,0,1,1,1,1,2,2,0,1,0,2,1,2,1,1,1,0
253,0,1,1,1,1,1,3,1,0,0,0,0,0,0,0,0,0,0,1,1,3,1,0,0,6,0,1,0,3,0,0,1,4,1,0,0,2,0,1,0,2,1,1,1,1,0,0,2,1,0
254,0,0,0,2,0,4,4,2,2,2,0,0,0,0,0,0,0,0,0,2,1,4,3,5,1,0,0,2,0,4,2,4,0,0,2,2,0,1,0,0,0,2,1,2,2,2,2,0,1,0
255,0,0,0,2,0,4,4,2,2,2,0,0,0,0,0,0,0,0,0,2,1,4,3,1,1,0,0,2,0,4,2,4,0,0,2,2,0,2,0,2,0,0,1,2,0,2,0,0,0,0
256,0,0,2,0,0,0,5,0,21,1,0,0,0,0,0,0,0,0,0,0,2,3,5,6,0,0,0,1,1,2,1,2,5,0,1,2,2,1,2,0,2,0,1,0,2,0,2,2,0,2
257,0,1,1,3,3,5,0,3,12,0,0,0,0,0,0,0,0,0,1,1,0,3,2,4,3,0,1,0,1,0,0,6,2,1,0,0,1,0,1,1,1,1,2,0,2,0,1,1,1,1
258,0,0,2,0,2,3,2,5,8,2,0,0,0,0,0,0,0,0,0,0,2,0,1,3,4,0,0,2,1,1,3,3,6,0,2,0,1,2,0,1,1,2,0,0,1,2,0,0,1,1
259,0,0,2,0,2,3,2,5,-1,2,0,0,0,0,0,0,0,0,0,0,2,0,1,3,4,0,0,2,1,1,3,3,3,0,2,1,0,0,0,1,2,1,1,1,2,0,0,1,0,2
260,0,0,0,2,4,2,1,7,1,1,0,0,0,0,0,0,0,0,0,2,1,4,4,1,2,0,0,1,2,2,1,2,5,0,1,2,2,0,1,2,1,1,0,2,2,2,2,1,2,2
261,0,1,1,3,3,5,0,3,0,0,0,0,0,0,0,0,0,0,1,1,0,1,2,4,3,0,1,0,1,0,0,6,2,1,0,1,0,0,2,0,0,2,2,2,0,0,2,1,1,2
262,0,0,2,0,2,3,2,6,2,2,0,0,0,0,0,0,0,0,0,0,2,0,1,3,4,0,0,2,0,1,3,3,3,0,2,1,1,2,0,2,0,1,2,2,2,1,1,0,2,1
263,0,1,1,1,1,1,3,1,0,0,0,0,0,0,0,0,0,0,1,1,3,1,0,0,6,0,1,0,3,3,4,1,4,1,0,1,1,1,0,2,2,0,1,0,1,0,1,1,1,0
264,0,0,0,2,4,2,6,4,10,1,0,0,0,0,0,0,0,0,0,2,1,2,4,2,5,0,0,1,2,2,5,5,1,0,1,2,1,2,2,0,0,1,1,0,1,1,1,0,2,1
265,0,1,1,1,1,1,3,1,0,0,0,0,0,0,0,0,0,0,1,1,3,1,0,0,6,0,1,0,3,3,4,1,4,1,0,2,1,1,1,1,0,0,0,2,2,2,1,0,2,1
266,0,1,1,1,1,1,3,1,0,0,0,0,0,0,0,0,0,0,1,1,3,1,0,0,6,0,1,0,3,3,4,1,4,1,0,1,2,0,2,2,1,1,1,0,0,2,2,1,0,2
267,0,1,1,1,1,1,3,1,0,0,0,0,0,0,0,0,0,0,1,1,3,1,0,0,6,0,1,0,3,3,4,1,4,1,0,0,1,1,2,0,2,0,2,1,1,1,0,1,1,2
268,0,0,2,0,2,3,2,6,2,2,0,0,0,0,0,0,0,0,0,0,2,0,1,3,4,0,0,2,0,1,3,3,3,0,2,2,0,2,2,0,2,1,1,0,0,1,0,0,0,1
269,0,1,1,3,3,5,0,3,0,0,0,0,0,0,0,0,0,0,1,1,0,1,2,4,3,0,1,0,1,0,0,6,2,1,0,2,0,1,2,1,1,1,1,2,1,2,0,1,0,1
270,0,0,2,0,2,3,2,5,8,2,0,0,0,0,0,0,0,0,0,0,2,0,1,3,4,0,0,2,1,1,3,3,6,0,2,2,1,0,1,2,0,1,0,1,1,0,1,0,2,1
271,0,1,1,3,3,5,0,3,0,0,0,0,0,0,0,0,0,0,1,1,0,1,2,4,3,0,1,0,1,0,0,6,2,1,0,2,2,0,2,2,1,0,2,0,2,2,2,2,2,2
272,0,0,0,2,4,2,1,7,1,1,0,0,0,0,0,0,0,0,0,2,1,4,4,1,2,0,0,1,2,2,5,5,1,0,1,0,0,0,2,2,1,0,0,0,2,2,1,0,2,2
273,0,0,0,2,4,2,1,7,1,1,0,0,0,0,0,0,0,0,0,2,1,4,4,1,2,0,0,1,2,2,5,5,1,0,1,2,1,2,1,1,0,1,2,0,2,0,1,1,0,2
274,0,0,2,0,0,0,5,0,1,1,0,0,0,0,0,0,0,0,0,0,2,3,5,6,0,0,0,1,1,2,1,2,5,0,1,0,1,1,1,0,1,2,2,1,0,1,1,2,2,1
275,0,0,2,0,2,3,2,6,2,2,0,0,0,0,0,0,0,0,0,0,2,0,1,3,4,0,0,2,0,1,3,3,3,0,2,2,1,0,2,0,1,1,0,2,1,0,1,0,0,1
276,0,0,0,2,4,2,6,4,10,1,0,0,0,0,0,0,0,0,0,2,1,2,4,2,5,0,0,1,2,2,5,5,1,0,1,0,1,2,2,2,1,0,1,0,0,0,0,1,1,0
277,0,0,0,2,0,2,1,7,1,1,0,0,0,0,0,0,0,0,0,2,1,4,4,1,2,0,0,1,2,2,1,2,5,0,1,2,0,1,2,2,2,1,2,1,1,1,0,2,0,2
278,0,0,2,0,2,3,2,6,2,2,0,0,0,0,0,0,0,0,0,0,2,0,1,3,4,0,0,2,0,1,3,3,3,0,2,2,2,0,1,2,2,0,0,2,2,0,1,2,2,1
279,0,0,2,0,2,0,5,0,21,1,0,0,0,0,0,0,0,0,0,0,2,3,5,6,0,0,0,1,1,2,1,2,5,0,1,1,2,2,1,1,2,1,0,0,0,0,1,0,0,2
280,0,0,0,2,0,0,5,0,1,1,0,0,0,0,0,0,0,0,0,2,2,3,5,6,0,0,0,1,2,2,1,2,5,0,1,1,0,0,2,1,2,1,0,2,1,0,0,2,0,2
281,0,0,0,2,0,0,5,0,1,1,0,0,0,0,0,0,0,0,0,2,2,3,5,6,0,0,0,1,2,2,1,2,5,0,1,1,1,2,0,0,1,1,1,2,0,1,2,0,1,0
282,0,0,0,2,4,2,6,4,-1,-1,-1,-1,-1,0,0,0,0,0,0,2,1,2,4,2,5,0,0,1,2,4,5,5,1,0,-1,2,0,1,0,1,0,1,1,1,0,1,2,2,0,0
283,0,1,1,3,3,5,0,3,0,0,0,0,0,0,0,0,0,0,1,1,0,1,2,4,3,0,1,0,1,0,0,6,2,1,0,1,2,2,0,2,2,2,2,0,0,0,0,0,2,1
284,0,0,0,2,0,0,1,7,1,1,0,0,0,0,0,0,0,0,0,2,1,4,5,6,0,0,0,1,2,2,1,2,5,0,1,2,2,0,0,2,0,2,1,0,1,1,1,1,2,0
285,0,1,1,3,3,5,0,3,0,0,0,0,0,0,0,0,0,0,1,1,0,1,2,4,6,0,1,0,3,0,0,1,4,1,0,1,0,0,0,2,0,1,0,1,0,1,1,0,1,2
286,0,0,0,2,0,0,5,0,1,1,0,0,0,0,0,0,0,0,0,2,2,3,5,6,0,0,0,1,2,2,1,2,5,0,1,2,1,2,2,1,0,1,2,2,0,0,0,2,0,0
287,0,1,2,0,2,3,2,5,8,2,0,0,0,0,0,0,0,0,0,0,2,0,1,3,4,0,0,2,1,1,3,3,6,0,2,1,2,0,1,2,0,0,1,1,2,0,1,1,0,1
288,0,0,2,0,0,4,4,6,2,2,0,0,0,0,0,0,0,0,0,0,2,0,3,5,1,0,0,2,0,4,2,4,3,0,2,2,0,2,1,1,2,1,1,0,1,1,1,2,1,2
289,0,0,0,2,0,0,5,0,1,1,0,0,0,0,0,0,0,0,0,2,2,3,5,6,0,0,0,1,2,2,1,2,5,0,1,2,2,2,1,1,0,1,0,2,0,2,0,0,2,2
290,0,0,0,2,0,0,5,0,1,1,0,0,0,0,0,0,0,0,0,2,2,3,5,6,0,0,0,1,2,2,1,2,5,0,1,2,1,2,1,0,1,2,0,0,0,1,1,1,1,1
291,0,0,2,0,2,3,2,6,2,2,0,0,0,0,0,0,0,0,0,0,2,0,1,3,4,0,0,2,0,1,3,3,3,0,2,0,1,2,1,0,2,1,0,2,1,1,0,2,0,2
292,0,1,1,3,3,5,0,3,0,0,0,0,0,0,0,0,0,0,1,1,0,1,2,4,3,0,1,0,1,0,0,6,2,1,0,1,0,1,1,0,0,1,0,0,0,2,1,2,1,2
293,0,1,1,1,1,1,0,3,0,0,0,0,0,0,0,0,0,0,1,1,3,1,2,4,6,0,1,0,3,0,0,1,4,1,0,1,1,0,0,0,1,2,1,1,2,1,2,1,2,2
294,0,0,2,0,2,3,2,5,8,2,0,0,0,0,0,0,0,0,0,0,2,0,1,3,4,0,0,2,1,1,3,3,6,0,2,2,1,2,2,2,2,1,1,2,2,1,2,0,0,0
295,0,0,2,0,0,4,4,6,2,2,0,0,0,0,0,0,0,0,0,0,2,0,3,5,1,0,0,2,0,4,2,4,3,0,2,1,0,0,0,0,1,0,0,1,2,1,2,2,2,2
296,0,0,2,0,0,0,5,0,21,1,0,0,0,0,0,0,0,0,0,0,2,3,5,6,0,0,0,1,1,2,1,2,5,0,1,1,1,2,0,2,2,2,0,0,1,0,0,0,2,0
297,0,1,1,3,3,5,0,3,0,0,0,0,0,0,0,0,0,0,1,1,0,1,2,4,3,0,1,0,1,0,0,6,2,1,0,0,0,0,1,2,1,0,1,1,1,1,2,0,1,0
298,0,0,2,0,0,4,4,6,2,2,0,0,0,0,0,0,0,0,0,0,2,0,3,5,1,0,0,2,0,4,2,4,3,0,2,2,1,2,0,2,2,2,0,1,1,0,0,2,2,1
299,0,0,2,0,0,4,4,6,2,2,0,0,0,0,0,0,0,0,0,0,2,0,3,5,1,0,0,2,0,4,2,4,3,0,2,1,1,2,0,1,0,1,1,0,2,1,1,1,0,0
300,0,0,0,2,4,2,6,4,20,2,0,0,0,0,0,0,0,0,0,2,1,2,4,2,5,0,0,2,0,4,2,4,0,0,2,0,0,2,0,1,1,1,2,0,0,2,2,2,0,0
301,0,0,0,2,4,2,6,4,1,1,0,0,0,0,0,0,0,0,0,2,1,2,4,1,2,0,0,1,2,2,5,5,1,0,1,1,2,0,1,2,1,2,0,0,2,0,2,1,1,1
302,0,0,2,0,0,4,4,6,2,2,0,0,0,0,0,0,0,0,0,0,2,0,3,5,4,0,0,2,0,1,3,3,3,0,2,2,0,2,1,0,1,2,1,2,1,2,1,1,2,2
303,0,1,1,3,3,5,0,3,0,0,0,0,0,0,0,0,0,0,1,1,0,1,2,4,3,0,1,0,1,0,0,6,2,1,0,0,1,1,0,2,0,0,0,0,0,0,2,1,0,2
304,0,0,2,0,2,3,2,6,2,2,0,0,0,0,0,0,0,0,0,0,2,0,1,3,4,0,0,2,0,1,3,3,3,0,2,2,0,2,0,0,0,1,2,2,1,1,2,0,0,2
305,0,1,1,3,3,5,0,3,0,0,0,0,0,0,0,0,0,0,1,1,0,1,2,4,3,0,1,0,1,0,0,6,2,1,0,0,1,0,1,2,1,0,0,0,2,1,1,1,0,0
306,0,0,2,0,0,0,5,0,1,1,0,0,0,0,0,0,0,0,0,0,2,3,5,6,0,0,0,1,1,2,1,2,5,0,1,2,1,1,2,0,1,2,2,2,2,0,1,1,0,2
307,0,1,1,3,3,5,0,3,0,0,0,0,0,0,0,0,0,0,1,1,0,1,2,4,3,0,1,0,1,0,0,6,2,1,0,0,0,2,1,1,0,0,0,2,1,1,0,1,1,2
308,0,1,1,1,1,1,3,1,0,0,0,0,0,0,0,0,0,0,1,1,3,1,0,0,7,0,1,0,3,3,4,0,7,1,0,1,0,0,2,1,1,2,1,0,1,2,0,1,2,2
309,0,0,2,0,2,3,2,6,2,2,0,0,0,0,0,0,0,0,0,0,2,0,1,3,4,0,0,2,0,1,3,3,3,0,2,1,0,1,0,1,2,1,1,1,0,0,1,2,0,1
310,0,0,0,2,4,2,6,4,-1,1,0,0,0,0,0,0,0,0,0,2,1,2,4,2,5,0,0,1,2,2,5,5,1,0,-1,2,0,0,1,2,1,2,2,2,1,1,0,1,2,2
311,0,0,0,2,0,0,1,7,1,1,0,0,0,0,0,0,0,0,0,2,1,4,5,1,2,0,0,1,2,2,1,2,5,0,1,0,1,2,0,2,2,1,2,2,1,0,0,1,1,1
312,0,1,1,3,2,3,2,5,11,2,0,0,0,0,0,0,0,0,1,0,0,0,1,3,4,0,0,2,1,1,3,3,6,1,2,0,1,2,1,2,2,0,1,0,2,0,2,1,0,0
313,0,0,0,2,4,2,1,7,1,1,0,0,0,0,0,0,0,0,0,2,1,4,4,1,2,0,0,1,2,2,5,5,1,0,1,2,0,2,2,0,1,2,2,2,0,0,1,2,1,0
314,0,0,2,0,2,3,2,6,2,2,0,0,0,0,0,0,0,0,0,0,2,0,1,3,4,0,0,2,0,1,3,3,3,0,2,0,2,1,0,2,1,0,0,1,1,2,1,2,0,1
315,0,0,0,2,4,2,6,2,13,2,0,0,0,0,0,0,0,0,0,2,1,2,4,1,1,0,0,2,0,4,2,4,0,0,2,1,0,2,0,2,1,2,0,0,1,2,2,1,0,0
316,0,1,1,3,3,5,0,3,0,0,0,0,0,0,0,0,0,0,1,1,0,1,2,4,3,0,1,0,1,0,0,6,2,1,0,0,0,2,0,0,1,2,1,0,0,2,2,1,1,1
317,0,0,2,0,2,3,2,5,2,2,0,0,0,0,0,0,0,0,0,0,2,0,1,3,4,0,0,2,1,1,3,3,3,0,2,1,2,1,1,1,2,1,1,2,0,0,1,1,0,1
318,0,1,1,1,1,1,3,1,0,0,0,0,0,0,0,0,0,0,1,1,3,1,0,0,6,0,1,0,3,3,4,1,4,1,0,0,1,0,0,1,2,2,2,2,1,0,0,2,1,2
319,0,0,2,0,0,0,5,0,1,1,0,0,0,0,0,0,0,0,0,0,2,3,5,6,0,0,0,1,1,2,1,2,5,0,1,0,1,1,1,1,0,1,1,2,0,0,2,0,2,2
320,0,0,0,2,4,2,6,2,13,2,0,0,0,0,0,0,0,0,0,2,1,4,4,1,1,0,0,2,0,4,2,4,0,0,2,1,0,1,0,0,2,0,2,2,1,0,1,1,0,2
321,0,1,1,1,1,1,3,1,0,0,0,0,0,0,0,0,0,0,1,1,3,1,0,0,6,0,1,0,3,3,4,1,4,1,0,2,1,2,2,0,2,2,0,0,0,1,1,2,2,0
322,0,1,1,3,3,5,0,3,0,0,0,0,0,0,0,0,0,0,1,1,0,1,2,4,3,0,1,0,1,0,0,6,2,1,0,2,0,2,2,1,0,1,2,2,2,2,2,1,0,1
323,0,1,2,0,2,3,2,5,-1,2,0,0,0,0,0,0,0,0,0,0,2,0,1,3,4,0,0,2,1,1,3,3,6,1,2,1,1,2,0,2,1,0,1,2,1,2,1,0,2,1
324,0,0,0,2,4,2,6,4,5,1,0,0,0,0,0,0,0,0,0,2,1,2,4,2,5,0,0,1,2,2,5,5,1,0,1,2,0,1,0,2,1,0,0,1,0,0,1,1,1,2
325,0,0,2,0,2,3,2,5,8,2,0,0,0,0,0,0,0,0,0,0,2,0,1,3,4,0,0,2,1,1,3,3,6,0,2,1,0,2,0,0,1,0,2,0,1,1,1,0,1,2
326,0,0,0,2,0,0,1,7,24,1,0,0,0,0,0,0,0,0,0,2,1,4,5,6,2,0,0,1,2,2,1,2,5,0,1,2,0,2,0,2,2,2,1,0,2,2,1,2,2,2
327,0,1,1,3,3,5,0,3,0,0,0,0,0,0,0,0,0,0,1,1,0,1,2,4,3,0,1,0,1,0,0,6,2,1,0,1,0,2,0,2,0,2,1,0,1,2,1,0,2,1
328,0,1,2,3,2,3,2,5,19,2,0,0,0,0,0,0,0,0,1,0,2,0,1,3,4,0,0,2,1,1,3,3,6,1,2,2,0,1,1,0,2,1,0,1,1,2,2,1,2,0
329,0,1,1,3,3,5,0,3,0,0,0,0,0,0,0,0,0,0,1,1,0,1,2,4,3,0,1,0,1,0,0,6,2,1,0,2,2,0,2,1,1,0,2,2,0,0,2,1,0,1
330,0,0,2,0,0,4,4,6,2,2,0,0,0,0,0,0,0,0,0,0,2,0,3,5,1,0,0,2,0,4,2,4,3,0,2,0,0,0,2,1,0,1,2,0,2,2,1,1,0,0
331,0,1,1,3,3,5,0,3,0,0,0,0,0,0,0,0,0,0,1,1,0,1,2,4,3,0,1,0,1,0,0,6,2,1,0,1,0,2,2,1,1,2,2,1,2,2,2,1,0,1
332,0,0,2,0,0,0,5,0,1,1,0,0,0,0,0,0,0,0,0,0,2,3,5,6,0,0,0,1,1,2,1,2,5,0,1,0,2,2,2,0,0,2,0,0,0,1,0,0,0,0
333,0,1,1,1,1,1,3,1,0,0,0,0,0,0,0,0,0,0,1,1,3,1,0,0,6,0,1,0,3,3,4,1,4,1,0,1,2,1,0,0,2,1,2,2,1,0,1,0,2,1
334,0,1,1,1,1,1,3,1,0,0,0,0,0,0,0,0,0,0,1,1,3,1,0,0,6,0,1,0,3,3,4,1,4,1,0,2,2,2,2,1,0,2,1,0,2,2,2,0,1,2
335,0,1,1,3,3,5,0,3,0,0,0,0,0,0,0,0,0,0,1,1,0,1,2,4,3,0,1,0,1,0,0,6,2,1,0,1,2,1,0,2,2,1,2,1,2,1,2,2,0,0
336,0,1,1,3,3,5,0,3,0,0,0,0,0,0,0,0,0,0,1,1,0,1,2,4,3,0,1,0,1,0,0,6,2,1,0,0,2,0,2,2,0,0,0,1,0,2,1,0,0,2
337,0,1,1,1,1,1,3,1,0,0,0,0,0,0,0,0,0,0,1,1,3,1,0,0,7,0,1,0,3,3,4,0,7,1,0,0,2,0,0,2,2,0,2,2,2,2,0,2,1,0
338,0,0,2,0,2,3,2,5,2,2,0,0,0,0,0,0,0,0,0,0,2,0,1,3,4,0,0,2,1,1,3,3,3,0,2,2,2,1,0,2,0,2,0,2,0,2,1,1,0,0
339,0,0,2,0,0,4,4,6,2,2,0,0,0,0,0,0,0,0,0,0,2,0,3,5,4,0,0,2,0,4,2,3,3,0,2,1,0,2,2,2,1,2,2,0,0,1,2,2,0,2
340,0,0,0,2,4,2,1,7,1,1,0,0,0,0,0,0,0,0,0,2,1,4,4,1,2,0,0,1,2,2,5,5,1,0,1,0,2,1,0,0,1,2,0,0,2,1,0,1,1,1
341,0,0,0,2,0,4,4,2,2,2,0,0,0,0,0,0,0,0,0,2,2,4,3,5,1,0,0,2,0,4,2,4,0,0,2,1,1,2,2,0,2,2,1,0,1,0,1,2,1,2
342,0,1,1,1,1,1,3,1,16,0,0,0,0,0,0,0,0,0,1,1,3,1,0,0,7,0,1,0,3,3,4,0,7,1,0,2,0,2,0,0,1,0,2,0,0,0,1,2,2,2
343,0,0,0,2,4,2,1,7,1,1,0,0,0,0,0,0,0,0,0,2,1,4,4,1,2,0,0,1,2,2,5,5,1,0,1,2,2,2,0,0,1,0,1,2,0,1,1,0,2,1
344,0,1,1,3,3,5,0,3,0,0,0,0,0,0,0,0,0,0,1,1,0,1,2,4,3,0,1,0,1,0,0,6,2,1,0,1,2,0,2,2,1,0,1,2,2,1,0,2,2,0
345,0,0,0,2,0,4,4,2,2,2,0,0,0,0,0,0,0,0,0,2,2,4,3,5,1,0,0,2,0,4,2,4,0,0,2,1,2,1,0,0,0,2,1,0,0,2,2,2,0,0
346,0,0,2,0,2,3,2,5,8,2,0,0,0,0,0,0,0,0,0,0,2,0,1,3,4,0,0,2,1,1,3,3,6,0,2,2,0,0,2,1,1,0,0,2,2,2,1,0,1,0
347,0,0,2,0,2,3,2,6,2,2,0,0,0,0,0,0,0,0,0,0,2,0,1,3,4,0,0,2,0,1,3,3,3,0,2,1,1,1,0,1,0,2,1,2,1,0,2,0,0,2
348,0,0,2,0,0,4,4,2,-1,2,0,0,0,0,0,0,0,0,0,0,2,4,3,5,1,0,0,2,0,4,2,4,0,0,2,1,0,0,2,1,1,0,1,0,1,1,1,2,0,2
349,0,0,0,2,4,2,1,7,1,1,0,0,0,0,0,0,0,0,0,2,1,2,4,1,2,0,0,1,2,2,5,5,1,0,1,0,0,0,0,0,1,2,1,2,1,0,2,0,2,0
350,0,1,1,1,1,1,3,1,6,0,0,0,0,0,0,0,0,0,1,1,3,1,0,0,7,0,1,0,3,3,4,0,7,1,0,0,0,2,1,2,0,1,0,0,2,0,1,1,1,0
351,0,0,0,2,4,2,1,7,1,1,0,0,0,0,0,0,0,0,0,2,1,4,4,1,2,0,0,1,2,2,5,5,1,0,1,1,1,1,2,2,0,2,1,1,1,0,0,0,0,2
352,0,0,0,2,0,0,1,7,1,1,0,0,0,0,0,0,0,0,0,2,1,4,5,1,2,0,0,1,2,2,1,2,5,0,1,1,2,2,0,0,1,1,1,1,0,2,1,2,1,1
353,0,1,1,3,3,5,0,3,0,0,0,0,0,0,0,0,0,0,1,1,0,1,2,4,3,0,1,0,1,0,0,6,2,1,0,0,1,1,0,1,1,2,2,1,2,2,2,0,1,1
354,0,0,2,0,2,4,4,6,2,2,0,0,0,0,0,0,0,0,0,0,2,0,1,5,4,0,0,2,0,1,3,3,3,0,2,0,1,1,1,1,1,2,1,1,1,2,1,2,0,0
355,0,1,1,3,3,5,0,3,0,0,0,0,0,0,0,0,0,0,1,1,0,1,2,4,3,0,1,0,1,0,0,6,2,1,0,0,0,1,1,1,0,0,0,2,0,1,1,1,2,0
356,0,1,1,1,1,1,3,1,17,0,0,0,0,0,0,0,0,0,1,1,3,1,0,0,6,0,1,0,3,3,4,1,4,1,0,0,1,1,1,0,1,1,2,0,2,2,2,2,2,0
357,0,0,0,2,4,2,1,7,1,1,0,0,0,0,0,0,0,0,0,2,1,4,4,1,2,0,0,1,2,2,5,5,1,0,1,2,0,2,2,2,1,2,1,0,1,1,0,1,0,0
358,0,1,1,1,1,1,3,1,0,0,0,0,0,0,0,0,0,0,1,1,3,1,0,0,7,0,1,0,3,3,4,0,7,1,0,2,2,1,0,2,0,1,0,0,2,1,0,0,1,0
359,0,1,1,3,3,5,0,3,0,0,0,0,0,0,0,0,0,0,1,1,0,1,2,4,3,0,1,0,1,0,0,6,2,1,0,2,1,0,1,1,0,1,2,1,2,1,0,0,2,0
360,0,1,1,1,1,1,3,1,0,0,0,0,0,0,0,0,0,0,1,1,3,1,0,0,6,0,1,0,3,3,4,1,4,1,0,2,0,1,2,2,1,0,1,0,1,1,0,0,0,2
361,0,0,0,2,0,4,4,2,2,2,0,0,0,0,0,0,0,0,0,2,1,4,3,5,1,0,0,2,0,4,2,4,0,0,2,0,1,1,1,1,1,1,0,1,2,1,0,2,0,0
362,0,0,2,0,2,3,2,5,8,2,0,0,0,0,0,0,0,0,0,0,2,0,1,3,4,0,0,2,1,1,3,3,6,0,2,0,1,1,1,0,1,0,1,2,0,2,1,0,1,2
363,0,1,1,3,3,5,0,3,0,0,0,0,0,0,0,0,0,0,1,1,0,1,2,4,3,0,1,0,1,0,0,6,2,1,0,1,1,2,0,1,0,2,2,1,2,2,0,2,0,2
364,0,1,1,3,3,5,0,3,0,0,0,0,0,0,0,0,0,0,1,1,0,1,2,4,3,0,1,0,1,0,0,6,2,1,0,1,0,1,2,0,2,1,1,1,0,1,0,2,2,0
365,0,0,2,0,0,0,5,0,1,1,0,0,0,0,0,0,0,0,0,0,2,3,5,6,0,0,0,1,1,2,1,2,5,0,1,1,0,0,2,2,2,0,2,2,1,2,1,2,0,2
366,0,0,2,0,0,0,5,0,1,1,0,0,0,0,0,0,0,0,0,2,2,3,5,6,0,0,0,1,2,2,1,2,5,0,1,1,2,0,2,1,1,2,1,1,1,0,2,1,0,0
367,0,1,1,1,1,1,3,1,0,0,0,0,0,0,0,0,0,0,1,1,3,1,0,0,6,0,1,0,3,3,0,1,4,1,0,0,0,2,0,2,1,0,1,0,0,1,2,1,0,0
368,0,0,2,0,2,4,4,6,2,2,0,0,0,0,0,0,0,0,0,0,2,0,3,5,4,0,0,2,0,1,3,3,3,0,2,1,1,0,1,0,2,1,1,0,1,1,0,1,1,2
369,0,1,1,1,1,1,3,1,16,0,0,0,0,0,0,0,0,0,1,1,3,1,0,0,7,0,1,0,3,3,4,0,7,1,0,2,0,1,2,1,2,1,2,2,2,2,0,1,1,1
370,0,0,0,2,4,2,1,7,1,1,0,0,0,0,0,0,0,0,0,2,1,2,4,1,2,0,0,1,2,2,5,5,1,0,1,2,1,2,0,2,2,1,0,2,1,0,0,2,2,0
371,0,1,1,3,3,5,0,3,0,0,0,0,0,0,0,0,0,0,1,1,3,1,2,4,6,0,1,0,3,0,0,1,4,1,0,2,1,1,0,1,1,0,2,2,1,2,1,2,1,0
372,0,0,0,2,4,2,1,7,1,1,0,0,0,0,0,0,0,0,0,2,1,4,4,1,2,0,0,1,2,2,5,5,1,0,1,1,0,1,0,1,0,0,1,1,1,0,2,2,0,1
373,0,1,1,3,3,5,0,3,0,0,0,0,0,0,0,0,0,0,1,1,3,1,2,4,6,0,1,0,3,0,0,1,4,1,0,0,0,1,2,1,0,0,2,0,1,2,1,1,2,2
374,0,0,2,0,0,4,4,6,2,2,0,0,0,0,0,0,0,0,0,0,2,0,3,5,1,0,0,2,0,4,2,4,3,0,2,0,0,2,2,2,1,0,1,1,1,0,2,0,1,2
375,0,1,1,1,1,1,3,1,0,0,0,0,0,0,0,0,0,0,1,1,3,1,0,0,6,0,1,0,3,0,0,1,4,1,0,0,2,2,2,2,1,1,0,0,1,2,2,2,0,1
376,0,0,2,0,0,0,5,0,1,1,0,0,0,0,0,0,0,0,0,0,2,3,5,6,0,0,0,1,1,2,1,2,5,0,1,1,0,2,0,2,0,1,2,0,0,2,2,0,1,2
377,0,1,1,1,1,1,3,1,-1,0,0,0,0,0,0,0,0,0,1,1,3,1,0,0,7,0,1,0,3,3,4,0,7,1,0,2,2,2,1,0,2,0,1,1,2,1,2,0,1,0
378,0,0,0,2,4,2,1,7,1,1,0,0,0,0,0,0,0,0,0,2,1,4,4,1,2,0,0,1,2,2,5,5,1,0,1,1,0,2,1,0,2,2,0,2,0,2,0,2,2,2
379,0,0,0,2,4,2,1,2,-1,2,0,0,0,0,0,0,0,0,0,2,1,4,4,1,1,0,0,2,0,4,2,4,0,0,2,2,2,2,2,1,1,2,0,1,1,2,0,1,1,0
380,0,0,0,2,4,2,6,4,18,1,0,0,0,0,0,0,0,0,0,2,1,2,4,2,5,0,0,1,2,2,5,5,1,0,-1,1,1,1,0,2,1,0,2,2,0,0,1,2,0,0
381,0,0,2,0,0,4,4,2,-1,2,0,0,0,0,0,0,0,0,0,0,2,4,3,5,1,0,0,2,0,4,2,4,0,0,2,2,1,0,0,1,2,0,0,1,0,0,2,2,2,1
382,0,1,1,3,3,5,0,3,0,0,0,0,0,0,0,0,0,0,1,1,0,1,2,4,3,0,1,0,1,0,0,6,2,1,0,2,2,2,0,1,2,0,0,2,1,0,1,2,2,0
383,0,0,0,2,4,2,6,4,25,1,0,0,0,0,0,0,0,0,0,2,1,2,4,2,5,0,0,1,2,2,5,5,1,0,1,1,0,1,1,1,2,1,1,2,2,2,1,1,0,2
384,0,1,1,3,3,5,0,3,-1,0,0,0,0,0,0,0,0,0,1,1,0,3,2,4,3,0,1,0,1,0,0,6,2,1,0,1,1,2,1,1,2,1,1,1,2,0,1,2,0,2
385,0,0,2,0,2,4,4,6,2,2,0,0,0,0,0,0,0,0,0,0,2,0,3,5,4,0,0,2,0,1,3,3,3,0,2,1,1,1,2,1,2,0,2,2,2,1,0,2,1,1
386,0,0,2,0,2,3,2,6,2,2,0,0,0,0,0,0,0,0,0,0,2,0,1,3,4,0,0,2,0,1,3,3,3,0,2,2,1,0,1,2,0,1,2,2,2,1,2,0,1,0
387,0,1,1,1,1,1,3,1,0,0,0,0,0,0,0,0,0,0,1,1,3,1,0,0,6,0,1,0,3,3,4,1,4,1,0,0,0,2,1,0,1,1,0,2,1,0,0,0,0,2
388,0,0,0,2,4,2,1,7,1,1,0,0,0,0,0,0,0,0,0,2,1,4,4,1,2,0,0,1,2,2,5,5,1,0,1,0,2,1,0,2,0,1,2,1,0,2,1,1,1,0
389,0,0,0,2,4,2,1,7,1,1,0,0,0,0,0,0,0,0,0,2,1,4,4,1,2,0,0,1,2,2,5,5,1,0,1,2,0,0,2,0,1,2,1,2,1,2,1,0,2,0
390,0,0,0,2,4,2,1,7,1,1,0,0,0,0,0,0,0,0,0,2,1,2,4,1,2,0,0,1,2,2,5,5,1,0,1,2,0,2,2,2,2,2,2,1,2,2,2,0,0,2
391,0,0,2,0,2,3,2,5,2,2,0,0,0,0,0,0,0,0,0,0,2,0,1,3,4,0,0,2,1,1,3,3,3,0,2,1,2,2,0,1,1,0,1,0,1,0,1,1,1,0
392,0,0,2,0,2,3,2,5,2,2,0,0,0,0,0,0,0,0,0,0,2,0,1,3,4,0,0,2,1,1,3,3,3,0,2,1,0,0,0,1,0,1,1,1,0,0,1,1,1,0
393,0,0,0,2,4,2,1,7,1,1,0,0,0,0,0,0,0,0,0,2,1,4,4,1,2,0,0,1,2,2,5,5,1,0,1,1,2,2,0,0,0,1,1,2,1,1,1,0,2,0
394,0,1,1,1,1,1,3,1,0,0,0,0,0,0,0,0,0,0,1,1,3,1,0,0,6,0,1,0,3,3,4,1,4,1,0,2,1,2,1,0,2,2,0,1,1,1,0,1,2,1
395,0,0,0,2,4,2,1,7,1,1,0,0,0,0,0,0,0,0,0,2,1,4,4,1,2,0,0,1,2,2,5,5,1,0,1,1,2,1,0,0,2,0,1,2,1,1,0,2,2,0
396,0,0,2,0,0,4,4,2,2,2,0,0,0,0,0,0,0,0,0,0,2,4,3,5,1,0,0,2,0,4,2,4,0,0,2,0,2,2,2,1,1,1,1,0,0,1,0,0,0,2
397,0,1,1,3,3,5,0,3,0,0,0,0,0,0,0,0,0,0,1,1,0,1,2,4,3,0,1,0,1,0,0,6,2,1,0,0,1,0,2,1,0,1,0,1,1,0,2,2,1,2
398,0,1,2,3,3,5,0,3,12,0,0,0,0,0,0,0,0,0,1,1,0,3,2,4,3,0,1,0,1,0,0,6,2,1,0,0,1,1,1,2,1,1,1,2,0,1,0,0,2,1
399,0,0,2,0,0,4,4,2,2,2,0,0,0,0,0,0,0,0,0,0,2,4,3,5,1,0,0,2,0,4,2,4,0,0,2,1,0,1,1,1,0,0,2,0,2,1,2,0,2,2
400,0,1,1,1,1,1,3,1,0,0,0,0,0,0,0,0,0,0,1,1,3,1,0,0,6,0,1,0,3,3,4,1,4,1,0,0,1,2,2,1,1,2,0,0,1,1,1,0,1,2
401,0,0,0,2,4,2,1,7,1,1,0,0,0,0,0,0,0,0,0,2,1,4,4,1,2,0,0,1,2,2,5,5,1,0,1,1,1,0,1,0,1,1,2,0,1,1,0,1,2,0
402,0,1,1,1,1,1,3,1,0,0,0,0,0,0,0,0,0,0,1,1,3,1,0,0,6,0,1,0,3,3,4,1,4,1,0,2,0,0,1,0,0,1,2,0,0,1,1,0,1,2
403,0,0,0,2,0,2,1,7,1,1,0,0,0,0,0,0,0,0,0,2,1,4,5,1,2,0,0,1,2,2,1,2,5,0,1,2,1,0,0,2,2,1,2,2,2,1,0,1,2,0
404,0,1,1,1,1,1,3,1,0,0,0,0,0,0,0,0,0,0,1,1,3,1,0,0,6,0,1,0,3,3,4,1,4,1,0,0,0,0,0,1,2,0,2,1,0,0,1,2,1,0
405,0,0,0,2,4,2,6,4,1,1,0,0,0,0,0,0,0,0,0,2,1,2,4,2,5,0,0,1,2,2,5,5,1,0,1,0,0,1,0,1,1,0,1,1,1,1,2,0,1,0
406,0,0,0,2,0,0,1,7,26,1,0,0,0,0,0,0,0,0,0,2,1,4,3,1,2,0,0,1,2,2,1,2,5,0,1,1,0,2,2,1,0,2,2,2,0,2,1,2,0,0
407,0,0,0,2,0,0,5,0,1,1,0,0,0,0,0,0,0,0,0,2,2,4,5,6,0,0,0,1,2,2,1,2,5,0,1,1,0,1,0,0,1,0,1,1,0,1,1,0,1,1
408,0,0,0,2,4,2,1,7,1,1,0,0,0,0,0,0,0,0,0,2,1,4,4,1,2,0,0,1,2,2,5,5,1,0,1,1,2,0,2,1,2,0,0,0,1,2,2,1,0,1
409,0,1,1,1,1,1,3,1,0,0,0,0,0,0,0,0,0,0,1,1,3,1,0,0,7,0,1,0,3,3,4,0,7,1,0,1,2,1,2,2,2,2,2,2,1,2,2,2,0,1
410,0,0,2,0,2,3,2,5,2,2,0,0,0,0,0,0,0,0,0,0,2,0,1,3,4,0,0,2,1,1,3,3,3,0,2,2,2,1,2,1,1,1,2,1,1,0,2,1,2,2
411,0,0,2,0,2,3,2,6,2,2,0,0,0,0,0,0,0,0,0,0,2,0,1,5,4,0,0,2,0,1,3,3,3,0,2,0,0,1,1,1,1,0,0,1,1,2,2,1,2,0
412,0,0,2,0,2,4,4,6,2,2,0,0,0,0,0,0,0,0,0,0,2,0,3,5,4,0,0,2,0,1,3,3,3,0,2,1,1,0,0,0,0,1,0,1,0,2,1,1,1,2
413,0,0,2,0,2,0,5,0,-1,0,0,0,0,0,0,0,0,0,0,0,0,3,5,6,0,0,0,1,1,0,1,2,5,0,-1,0,0,1,1,0,1,1,0,0,0,2,0,0,2,0
414,0,0,0,2,0,0,1,7,1,1,0,0,0,0,0,0,0,0,0,2,1,4,5,1,2,0,0,1,2,2,1,2,5,0,1,0,2,2,0,0,2,1,0,0,0,0,1,2,0,0
415,0,1,1,1,1,1,3,1,0,0,0,0,0,0,0,0,0,0,1,1,3,1,0,0,6,0,1,0,3,3,4,1,4,1,0,1,2,2,0,0,2,1,1,0,2,1,0,1,1,1
416,0,1,1,1,1,1,3,1,-1,0,0,0,0,0,0,0,0,0,1,1,3,1,0,0,7,0,1,0,3,3,4,0,7,1,0,1,2,2,0,0,0,1,0,1,0,1,0,2,0,2
417,0,1,1,1,1,1,3,1,0,0,0,0,0,0,0,0,0,0,1,1,3,1,0,0,6,0,1,0,3,3,4,1,4,1,0,2,0,0,1,2,1,0,2,1,2,0,0,1,0,1
418,0,0,2,0,0,4,4,6,2,2,0,0,0,0,0,0,0,0,0,0,2,0,3,5,4,0,0,2,0,1,3,3,3,0,2,0,1,1,1,0,1,2,1,0,0,2,2,0,0,0
419,0,0,0,2,0,4,4,2,22,2,0,0,0,0,0,0,0,0,0,2,1,4,3,1,1,0,0,2,0,4,2,4,0,0,2,1,2,2,0,0,2,0,1,2,0,1,2,2,2,0
420,0,1,2,0,2,3,2,5,19,2,0,0,0,0,0,0,0,0,0,0,2,0,1,3,4,0,0,2,1,1,3,3,6,1,2,0,0,0,2,2,0,1,2,2,2,2,0,1,2,0
421,0,0,0,2,4,2,1,7,1,1,0,0,0,0,0,0,0,0,0,2,1,4,4,1,2,0,0,1,2,2,5,5,1,0,1,0,2,0,2,2,2,0,2,1,1,0,1,2,1,0
422,0,0,0,2,4,2,1,7,1,1,0,0,0,0,0,0,0,0,0,2,1,2,4,1,2,0,0,1,2,2,5,5,1,0,1,1,2,2,1,0,0,2,1,0,1,0,0,0,1,2
423,0,0,0,2,0,4,4,2,2,2,0,0,0,0,0,0,0,0,0,2,1,4,3,5,1,0,0,2,0,4,2,4,0,0,2,0,2,0,2,2,1,1,0,0,0,2,0,2,2,2
424,0,0,0,2,4,2,1,7,1,1,0,0,0,0,0,0,0,0,0,2,1,2,4,1,2,0,0,1,2,2,5,5,1,0,1,2,2,1,0,1,2,2,2,1,1,0,0,1,1,1
425,0,1,1,1,1,1,3,1,0,0,0,0,0,0,0,0,0,0,1,1,3,1,0,0,7,0,1,0,3,3,4,0,7,1,0,0,1,1,2,1,2,1,0,2,0,2,0,0,2,0
426,0,0,0,2,0,4,4,2,2,2,0,0,0,0,0,0,0,0,0,2,2,4,3,5,1,0,0,2,0,4,2,4,0,0,2,2,1,2,2,2,1,2,2,1,2,0,1,2,1,0
427,0,1,1,3,3,5,0,3,12,0,0,0,0,0,0,0,0,0,1,1,0,3,2,4,3,0,1,0,1,0,0,6,2,1,0,0,0,0,1,2,0,0,1,0,0,1,0,2,0,1
428,0,0,0,2,0,0,1,7,26,1,0,0,0,0,0,0,0,0,0,2,1,4,5,1,2,0,0,1,2,2,1,2,5,0,1,1,1,0,1,0,1,2,0,0,0,2,2,2,2,1
429,0,0,2,0,2,4,4,6,2,2,0,0,0,0,0,0,0,0,0,0,2,0,1,5,4,0,0,2,0,1,3,3,3,0,2,1,2,1,0,2,2,1,1,2,2,2,2,0,1,1
430,0,0,2,0,2,4,4,6,2,2,0,0,0,0,0,0,0,0,0,0,2,0,3,5,4,0,0,2,0,1,3,3,3,0,2,2,2,1,2,1,2,1,1,2,1,0,1,2,2,2
431,0,0,2,0,0,0,5,0,1,1,0,0,0,0,0,0,0,0,0,0,2,3,5,6,0,0,0,1,1,2,1,2,5,0,1,2,0,1,2,2,0,2,0,0,0,0,2,2,0,2
432,0,0,2,0,2,4,4,6,2,2,0,0,0,0,0,0,0,0,0,0,2,0,3,5,4,0,0,2,0,1,3,3,3,0,2,2,1,0,2,2,1,2,0,2,1,1,2,2,1,1
433,0,0,2,0,0,0,5,0,15,1,0,0,0,0,0,0,0,0,0,0,2,3,5,6,0,0,0,1,1,2,1,2,5,0,1,2,0,2,1,1,1,0,2,0,2,1,1,1,0,2
434,0,0,0,2,4,2,6,4,18,1,0,0,0,0,0,0,0,0,0,2,1,2,4,2,5,0,0,1,2,2,5,5,1,0,-1,1,1,1,2,2,2,1,0,2,2,0,0,1,2,1
435,0,1,1,3,3,5,0,3,0,0,0,0,0,0,0,0,0,0,1,1,0,1,2,4,3,0,1,0,1,0,0,6,2,1,0,0,0,0,2,2,1,0,0,0,0,1,2,2,1,1
436,0,0,2,0,0,0,5,0,1,1,0,0,0,0,0,0,0,0,0,0,2,3,5,6,0,0,0,1,1,2,1,2,5,0,1,0,0,2,2,0,2,0,0,1,0,0,2,1,0,1
437,0,0,0,2,0,0,5,0,1,1,0,0,0,0,0,0,0,0,0,2,2,3,5,6,0,0,0,1,2,2,1,2,5,0,1,0,1,1,2,0,1,0,2,2,2,1,1,0,0,0
438,0,0,2,0,2,3,2,5,2,2,0,0,0,0,0,0,0,0,0,0,2,0,1,3,4,0,0,2,1,1,3,3,3,0,2,2,1,1,2,2,1,2,1,2,2,2,0,0,1,1
439,0,0,0,2,4,2,1,7,1,1,0,0,0,0,0,0,0,0,0,2,1,4,4,1,2,0,0,1,2,2,5,5,1,0,1,2,2,0,2,2,2,0,0,0,1,2,1,2,0,0
440,0,0,2,0,0,4,4,2,2,2,0,0,0,0,0,0,0,0,0,0,2,4,3,5,1,0,0,2,0,4,2,4,0,0,2,0,2,0,0,0,2,1,1,0,1,0,0,0,1,1
441,0,0,2,0,2,0,5,0,9,1,0,0,0,0,0,0,0,0,0,0,2,3,5,6,0,0,0,1,1,2,1,2,5,0,1,0,2,0,0,0,2,1,1,2,0,1,1,1,2,2
442,0,0,2,0,0,0,5,0,-1,1,0,0,0,0,0,0,0,0,0,0,2,3,5,6,0,0,0,1,1,2,1,2,5,0,1,2,0,2,0,1,2,1,0,2,2,0,2,0,1,0
443,0,0,0,2,0,0,5,0,1,1,0,0,0,0,0,0,0,0,0,2,2,3,5,6,0,0,0,1,2,2,1,2,5,0,1,0,0,2,1,1,1,0,0,2,0,0,0,0,2,0
444,0,0,0,2,4,2,6,4,5,1,0,0,0,0,0,0,0,0,0,2,1,2,4,2,5,0,0,1,2,2,5,5,1,0,1,2,2,2,2,2,1,1,0,2,0,1,0,0,0,1
445,0,1,2,0,2,3,2,5,8,2,0,0,0,0,0,0,0,0,0,0,2,0,1,3,4,0,0,2,1,1,3,3,6,1,2,1,0,2,0,2,0,1,2,0,1,2,2,0,0,1
446,0,0,2,3,3,5,5,0,23,0,0,0,0,0,0,0,0,0,1,0,0,3,5,6,0,0,0,0,1,0,0,6,2,0,0,0,0,2,0,0,0,0,2,0,1,0,1,0,2,1
447,0,0,0,2,0,0,1,7,-1,1,0,0,0,0,0,0,0,0,0,2,1,4,5,1,2,0,0,1,2,2,1,2,5,0,1,1,0,1,0,1,2,0,1,1,2,0,2,2,2,2
448,0,1,1,1,1,1,3,1,-1,0,0,0,0,0,0,0,0,0,1,1,3,1,0,0,7,0,1,0,3,3,4,0,7,1,0,0,1,1,0,1,1,0,0,0,0,1,1,2,2,2
449,0,0,0,2,0,4,4,2,2,2,0,0,0,0,0,0,0,0,0,2,1,4,3,5,1,0,0,2,0,4,2,4,0,0,2,2,2,2,2,2,2,2,0,1,1,0,1,2,2,0
450,0,0,2,0,2,4,4,6,2,2,0,0,0,0,0,0,0,0,0,0,2,0,3,5,4,0,0,2,0,1,3,3,3,0,2,1,1,1,0,1,0,0,1,2,2,2,0,0,0,2
451,0,1,1,1,1,1,3,1,0,0,0,0,0,0,0,0,0,0,1,1,3,1,0,0,7,0,1,0,3,3,4,0,7,1,0,2,2,2,0,0,2,2,1,2,1,1,2,1,1,0
452,0,0,2,0,2,4,4,6,2,2,0,0,0,0,0,0,0,0,0,0,2,0,3,5,4,0,0,2,0,1,3,3,3,0,2,2,2,0,0,1,1,1,2,1,0,1,0,2,0,1
453,0,0,2,0,2,3,2,5,2,2,0,0,0,0,0,0,0,0,0,0,2,0,1,3,4,0,0,2,1,1,3,3,3,0,2,0,1,0,2,0,2,1,0,1,1,0,2,2,0,2
454,0,0,2,0,2,4,4,6,2,2,0,0,0,0,0,0,0,0,0,0,2,0,3,5,4,0,0,2,0,1,3,3,3,0,2,2,0,0,0,1,1,1,1,2,0,0,0,0,2,1
455,0,1,1,3,3,5,0,3,0,0,0,0,0,0,0,0,0,0,1,1,0,1,2,4,3,0,1,0,1,0,0,6,2,1,0,1,1,1,1,0,0,1,0,1,2,1,0,2,2,1
456,0,0,2,0,0,0,5,0,1,1,0,0,0,0,0,0,0,0,0,0,2,3,5,6,0,0,0,1,1,2,1,2,5,0,1,0,2,2,1,1,0,1,2,1,1,1,0,2,1,0
457,0,1,1,1,1,1,3,1,0,0,0,0,0,0,0,0,0,0,1,1,3,1,0,0,6,0,1,0,3,3,4,1,4,1,0,2,1,2,2,2,1,1,0,0,0,0,1,2,1,0
458,0,0,2,0,0,4,4,6,2,2,0,0,0,0,0,0,0,0,0,0,2,4,3,5,1,0,0,2,0,4,2,4,0,0,2,0,0,2,2,2,2,1,0,0,0,0,1,2,1,2
459,0,0,0,2,4,2,6,4,-1,1,0,0,0,0,0,0,0,0,0,2,1,2,4,2,2,0,0,1,2,2,5,5,1,0,1,0,1,0,0,2,2,0,2,0,0,1,0,1,2,0
460,0,0,2,0,0,0,5,0,1,1,0,0,0,0,0,0,0,0,0,0,2,3,5,6,0,0,0,1,1,2,1,2,5,0,1,1,2,0,0,1,2,1,1,1,2,1,2,1,0,1
461,0,1,1,1,1,1,3,1,0,0,0,0,0,0,0,0,0,0,1,1,3,1,0,0,6,0,1,0,3,3,4,1,4,1,0,2,1,2,2,2,0,1,2,2,0,2,2,0,1,1
462,0,1,1,1,1,1,3,1,0,0,0,0,0,0,0,0,0,0,1,1,3,1,0,0,6,0,1,0,3,3,4,1,4,1,0,0,1,0,2,1,0,1,1,1,2,0,0,2,2,1
463,0,0,2,0,0,4,4,6,2,2,0,0,0,0,0,0,0,0,0,0,2,0,3,5,4,0,0,2,0,1,3,3,3,0,2,1,2,2,1,1,0,1,2,1,1,0,0,2,2,1
464,0,0,2,0,0,4,4,6,2,2,0,0,0,0,0,0,0,0,0,0,2,4,3,5,1,0,0,2,0,4,2,4,0,0,2,0,1,0,1,1,2,0,0,2,2,1,1,1,2,1
465,0,0,0,2,4,4,4,2,22,2,0,0,0,0,0,0,0,0,0,2,1,4,3,1,1,0,0,2,0,4,2,4,0,0,2,0,0,2,2,1,1,2,2,2,2,1,2,1,1,1
466,0,1,1,1,1,1,3,1,0,0,0,0,0,0,0,0,0,0,1,1,3,1,0,0,6,0,1,0,3,3,4,1,4,1,0,2,0,1,0,0,1,1,0,2,0,0,0,0,1,2
467,0,0,2,0,2,3,2,6,2,2,0,0,0,0,0,0,0,0,0,0,2,0,1,3,4,0,0,2,0,1,3,3,3,0,2,0,0,2,0,1,0,2,2,1,2,0,0,1,2,1
468,0,1,1,1,1,1,3,1,0,0,0,0,0,0,0,0,0,0,1,1,3,1,0,0,6,0,1,0,3,3,4,1,4,1,0,1,1,0,1,2,0,1,0,1,0,2,0,0,0,0
469,0,1,1,1,1,1,3,1,16,0,0,0,0,0,0,0,0,0,1,1,3,1,0,0,7,0,1,0,3,3,4,0,7,1,0,2,1,1,0,0,1,2,1,0,2,0,0,1,0,1
470,0,0,0,2,4,2,6,4,-1,1,0,0,0,0,0,0,0,0,0,2,1,2,4,2,5,0,0,1,2,2,5,5,1,0,-1,2,0,1,2,0,1,1,1,2,2,0,2,2,1,0
471,0,0,2,0,0,4,4,6,2,2,0,0,0,0,0,0,0,0,0,0,2,0,3,5,4,0,0,2,0,1,3,3,3,0,2,2,0,2,2,0,0,2,1,2,0,2,1,0,1,2
472,0,1,1,1,1,1,3,1,0,0,0,0,0,0,0,0,0,0,1,1,3,1,0,0,7,0,1,0,3,3,4,0,7,1,0,1,0,0,0,0,2,0,1,2,1,2,2,0,1,1
473,0,0,2,0,2,3,2,6,2,2,0,0,0,0,0,0,0,0,0,0,2,0,1,3,4,0,0,2,0,1,3,3,3,0,2,1,0,1,0,0,2,1,2,1,2,1,2,1,1,2
474,0,0,0,2,4,2,1,7,1,1,0,0,0,0,0,0,0,0,0,2,1,2,4,1,2,0,0,1,2,2,5,5,1,0,1,0,0,2,1,0,2,1,1,2,1,1,1,0,1,0
475,0,1,1,3,3,5,0,3,0,0,0,0,0,0,0,0,0,0,1,1,0,1,2,4,3,0,1,0,1,0,0,6,2,1,0,2,1,2,0,2,2,2,1,0,1,2,1,1,0,1
476,0,1,1,3,3,5,0,3,0,0,0,0,0,0,0,0,0,0,1,1,0,1,2,4,3,0,1,0,1,0,0,6,2,1,0,2,1,2,1,1,2,0,2,1,1,1,1,1,2,0
477,0,1,1,1,1,1,3,1,0,0,0,0,0,0,0,0,0,0,1,1,3,1,0,0,6,0,1,0,3,3,4,1,4,1,0,1,0,0,2,1,2,0,0,0,2,0,1,0,0,2
478,0,1,1,3,3,5,0,3,0,0,0,0,0,0,0,0,0,0,1,1,0,1,2,4,3,0,1,0,1,0,0,6,2,1,0,2,2,2,1,0,2,2,1,2,1,0,2,0,1,2
479,0,0,2,0,0,4,4,6,2,2,0,0,0,0,0,0,0,0,0,0,2,4,3,5,1,0,0,2,0,4,2,4,0,0,2,2,1,1,1,1,2,1,1,0,2,2,2,2,0,1
480,0,0,2,0,2,0,5,0,9,1,0,0,0,0,0,0,0,0,0,0,2,3,5,6,0,0,0,1,1,2,1,2,5,0,1,1,2,1,1,0,2,0,1,2,0,2,2,0,0,1
481,0,0,0,2,4,2,6,4,1,1,0,0,0,0,0,0,0,0,0,2,1,2,4,2,5,0,0,1,2,2,5,5,1,0,1,2,1,2,0,0,0,1,0,2,1,0,0,1,0,0
482,0,0,2,0,2,4,4,6,2,2,0,0,0,0,0,0,0,0,0,0,2,0,1,5,4,0,0,2,0,1,3,3,3,0,2,0,2,0,0,2,0,2,1,2,2,2,0,1,1,2
483,0,0,2,0,0,0,5,0,1,1,0,0,0,0,0,0,0,0,0,0,2,3,5,6,0,0,0,1,1,2,1,2,5,0,1,2,1,1,0,2,0,1,1,0,0,0,0,1,1,0
484,0,0,2,0,0,4,4,2,2,2,0,0,0,0,0,0,0,0,0,0,2,4,3,5,1,0,0,2,0,4,2,4,0,0,2,1,2,0,1,1,2,1,2,0,0,2,0,2,2,0
485,0,0,0,2,4,2,6,4,-1,1,0,0,0,0,0,0,0,0,0,2,1,2,4,2,5,0,0,1,2,2,5,5,1,0,1,2,2,0,1,1,2,0,2,2,0,1,1,0,0,0
486,0,1,1,3,3,5,0,3,0,0,0,0,0,0,0,0,0,0,1,1,0,1,2,4,3,0,1,0,1,0,0,6,2,1,0,0,2,2,2,1,2,2,0,1,1,1,0,1,2,2
487,0,0,0,2,4,2,6,4,18,1,0,0,0,0,0,0,0,0,0,2,1,2,4,2,5,0,0,1,2,2,5,5,1,0,-1,2,1,0,0,2,2,0,0,2,0,1,1,1,2,1
488,0,0,0,2,4,2,1,7,1,1,0,0,0,0,0,0,0,0,0,2,1,4,4,1,2,0,0,1,2,2,5,5,1,0,1,2,2,0,0,0,1,2,0,1,1,1,0,2,2,2
489,0,0,2,0,0,0,5,0,1,1,0,0,0,0,0,0,0,0,0,0,2,3,5,6,0,0,0,1,1,2,1,2,5,0,1,2,1,0,2,2,0,1,0,2,1,2,2,2,0,0
490,0,0,2,0,0,4,4,6,2,2,0,0,0,0,0,0,0,0,0,0,2,0,3,5,1,0,0,2,0,4,2,4,3,0,2,1,2,0,2,0,0,0,0,2,2,0,0,0,2,1
491,0,1,1,3,3,5,0,3,-1,0,0,0,0,0,0,0,0,0,1,1,0,1,2,4,6,0,1,0,1,0,0,6,2,1,0,2,1,0,0,1,2,1,0,1,1,0,0,0,2,0
492,0,1,1,3,3,5,0,3,0,0,0,0,0,0,0,0,0,0,1,1,0,1,2,4,3,0,1,0,1,0,0,6,2,1,0,1,0,0,0,1,0,1,0,2,2,1,2,1,1,1
493,0,0,0,2,0,4,4,2,2,2,0,0,0,0,0,0,0,0,0,2,2,4,3,5,1,0,0,2,0,4,2,4,0,0,2,0,0,1,0,2,1,1,1,1,2,0,1,0,0,1
494,0,0,0,2,0,0,1,7,1,1,0,0,0,0,0,0,0,0,0,2,1,4,5,1,2,0,0,1,2,2,1,2,5,0,1,0,1,2,1,2,0,1,1,2,0,1,0,1,1,2
495,0,0,2,0,2,3,2,5,8,2,0,0,0,0,0,0,0,0,0,0,2,0,1,3,4,0,0,2,1,1,3,3,6,0,2,1,0,0,0,1,1,1,2,0,2,0,2,1,2,2
496,0,1,1,1,1,1,3,1,0,0,0,0,0,0,0,0,0,0,1,1,3,1,0,0,7,0,1,0,3,3,4,0,7,1,0,2,1,2,2,2,1,1,2,0,1,2,2,2,1,2
497,0,0,0,2,0,0,5,0,1,1,0,0,0,0,0,0,0,0,0,2,2,3,5,6,0,0,0,1,2,2,1,2,5,0,1,2,2,0,2,0,0,1,1,0,2,2,2,2,0,2
498,0,0,0,2,4,2,6,2,13,2,0,0,0,0,0,0,0,0,0,2,1,2,4,1,1,0,0,2,0,4,2,4,0,0,2,2,0,1,0,1,1,1,1,1,2,0,1,1,1,0
499,0,1,1,3,3,5,0,3,0,0,0,0,0,0,0,0,0,0,1,1,3,1,2,4,6,0,1,0,3,0,0,1,4,1,0,0,1,1,0,0,1,0,0,1,2,1,0,1,1,1
