,kmeans_n_clusters_1,kmeans_n_clusters_2,kmeans_n_clusters_3,average_model,optimal_clustering
0,0.3396793587174349,0.6633266533066132,0.6503006012024048,0.5511022044088176,0.6633266533066132
1,0.3396793587174349,0.6633266533066132,0.6503006012024048,0.5511022044088176,0.6633266533066132
2,0.48697394789579157,0.6643286573146293,0.5060120240480962,0.5524382097528391,0.6643286573146293
3,0.3396793587174349,0.6633266533066132,0.6503006012024048,0.5511022044088176,0.6633266533066132
4,0.49298597194388777,0.6442885771543087,0.49198396793587174,0.5430861723446894,0.6442885771543087
5,0.48697394789579157,0.6643286573146293,0.5060120240480962,0.5524382097528391,0.6643286573146293
6,0.3396793587174349,0.6633266533066132,0.6503006012024048,0.5511022044088176,0.6633266533066132
7,0.3466933867735471,0.35370741482965934,0.34769539078156314,0.34936539746158984,0.35370741482965934
8,0.49298597194388777,0.6442885771543087,0.49198396793587174,0.5430861723446894,0.6442885771543087
9,0.48697394789579157,0.6643286573146293,0.5060120240480962,0.5524382097528391,0.6643286573146293
10,0.49298597194388777,0.6442885771543087,0.49198396793587174,0.5430861723446894,0.6442885771543087
11,0.48697394789579157,0.6643286573146293,0.5060120240480962,0.5524382097528391,0.6643286573146293
12,0.3396793587174349,0.6633266533066132,0.6503006012024048,0.5511022044088176,0.6633266533066132
13,0.48697394789579157,0.6643286573146293,0.5060120240480962,0.5524382097528391,0.6643286573146293
14,0.48697394789579157,0.6643286573146293,0.5060120240480962,0.5524382097528391,0.6643286573146293
15,0.3396793587174349,0.6633266533066132,0.6503006012024048,0.5511022044088176,0.6633266533066132
16,0.48697394789579157,0.6643286573146293,0.5060120240480962,0.5524382097528391,0.6643286573146293
17,0.3396793587174349,0.6633266533066132,0.6503006012024048,0.5511022044088176,0.6633266533066132
18,0.3396793587174349,0.6633266533066132,0.6503006012024048,0.5511022044088176,0.6633266533066132
19,0.48697394789579157,0.6643286573146293,0.5060120240480962,0.5524382097528391,0.6643286573146293
20,0.3396793587174349,0.6633266533066132,0.6503006012024048,0.5511022044088176,0.6633266533066132
21,0.48697394789579157,0.6643286573146293,0.5060120240480962,0.5524382097528391,0.6643286573146293
22,0.49298597194388777,0.6442885771543087,0.49198396793587174,0.5430861723446894,0.6442885771543087
23,0.48697394789579157,0.6643286573146293,0.5060120240480962,0.5524382097528391,0.6643286573146293
24,0.48697394789579157,0.6643286573146293,0.5060120240480962,0.5524382097528391,0.6643286573146293
25,0.48697394789579157,0.6643286573146293,0.5060120240480962,0.5524382097528391,0.6643286573146293
26,0.3396793587174349,0.6633266533066132,0.6503006012024048,0.5511022044088176,0.6633266533066132
27,0.49298597194388777,0.6442885771543087,0.49198396793587174,0.5430861723446894,0.6442885771543087
28,0.48697394789579157,0.6643286573146293,0.5060120240480962,0.5524382097528391,0.6643286573146293
29,0.3396793587174349,0.6633266533066132,0.6503006012024048,0.5511022044088176,0.6633266533066132
30,0.48697394789579157,0.6643286573146293,0.5060120240480962,0.5524382097528391,0.6643286573146293
31,0.3396793587174349,0.6633266533066132,0.6503006012024048,0.5511022044088176,0.6633266533066132
32,0.3396793587174349,0.6633266533066132,0.6503006012024048,0.5511022044088176,0.6633266533066132
33,0.48697394789579157,0.6643286573146293,0.5060120240480962,0.5524382097528391,0.6643286573146293
34,0.48697394789579157,0.6643286573146293,0.5060120240480962,0.5524382097528391,0.6643286573146293
35,0.48697394789579157,0.6643286573146293,0.5060120240480962,0.5524382097528391,0.6643286573146293
36,0.49298597194388777,0.6442885771543087,0.49198396793587174,0.5430861723446894,0.6442885771543087
37,0.49298597194388777,0.6442885771543087,0.49198396793587174,0.5430861723446894,0.6442885771543087
38,0.48697394789579157,0.6643286573146293,0.5060120240480962,0.5524382097528391,0.6643286573146293
39,0.49298597194388777,0.6442885771543087,0.49198396793587174,0.5430861723446894,0.6442885771543087
40,0.48697394789579157,0.6643286573146293,0.5060120240480962,0.5524382097528391,0.6643286573146293
41,0.48697394789579157,0.6643286573146293,0.5060120240480962,0.5524382097528391,0.6643286573146293
42,0.3396793587174349,0.6633266533066132,0.6503006012024048,0.5511022044088176,0.6633266533066132
43,0.48697394789579157,0.6643286573146293,0.5060120240480962,0.5524382097528391,0.6643286573146293
44,0.49298597194388777,0.6442885771543087,0.49198396793587174,0.5430861723446894,0.6442885771543087
45,0.3396793587174349,0.6633266533066132,0.6503006012024048,0.5511022044088176,0.6633266533066132
46,0.49298597194388777,0.6442885771543087,0.49198396793587174,0.5430861723446894,0.6442885771543087
47,0.3396793587174349,0.6633266533066132,0.6503006012024048,0.5511022044088176,0.6633266533066132
48,0.3396793587174349,0.6633266533066132,0.6503006012024048,0.5511022044088176,0.6633266533066132
49,0.3396793587174349,0.6633266533066132,0.6503006012024048,0.5511022044088176,0.6633266533066132
50,0.3396793587174349,0.6633266533066132,0.6503006012024048,0.5511022044088176,0.6633266533066132
51,0.48697394789579157,0.6643286573146293,0.5060120240480962,0.5524382097528391,0.6643286573146293
52,0.3396793587174349,0.6633266533066132,0.6503006012024048,0.5511022044088176,0.6633266533066132
53,0.48697394789579157,0.6643286573146293,0.5060120240480962,0.5524382097528391,0.6643286573146293
54,0.3466933867735471,0.35370741482965934,0.34769539078156314,0.34936539746158984,0.35370741482965934
55,0.49298597194388777,0.6442885771543087,0.49198396793587174,0.5430861723446894,0.6442885771543087
56,0.3396793587174349,0.6633266533066132,0.6503006012024048,0.5511022044088176,0.6633266533066132
57,0.3396793587174349,0.6633266533066132,0.6503006012024048,0.5511022044088176,0.6633266533066132
58,0.49298597194388777,0.6442885771543087,0.49198396793587174,0.5430861723446894,0.6442885771543087
59,0.3396793587174349,0.6633266533066132,0.6503006012024048,0.5511022044088176,0.6633266533066132
60,0.48697394789579157,0.6643286573146293,0.5060120240480962,0.5524382097528391,0.6643286573146293
61,0.3396793587174349,0.6633266533066132,0.6503006012024048,0.5511022044088176,0.6633266533066132
62,0.3396793587174349,0.6633266533066132,0.6503006012024048,0.5511022044088176,0.6633266533066132
63,0.48697394789579157,0.6643286573146293,0.5060120240480962,0.5524382097528391,0.6643286573146293
64,0.48697394789579157,0.6643286573146293,0.5060120240480962,0.5524382097528391,0.6643286573146293
65,0.49298597194388777,0.6442885771543087,0.49198396793587174,0.5430861723446894,0.6442885771543087
66,0.3396793587174349,0.6633266533066132,0.6503006012024048,0.5511022044088176,0.6633266533066132
67,0.3396793587174349,0.6633266533066132,0.6503006012024048,0.5511022044088176,0.6633266533066132
68,0.48697394789579157,0.6643286573146293,0.5060120240480962,0.5524382097528391,0.6643286573146293
69,0.49298597194388777,0.6442885771543087,0.49198396793587174,0.5430861723446894,0.6442885771543087
70,0.49298597194388777,0.6442885771543087,0.49198396793587174,0.5430861723446894,0.6442885771543087
71,0.48697394789579157,0.6643286573146293,0.5060120240480962,0.5524382097528391,0.6643286573146293
72,0.3396793587174349,0.6633266533066132,0.6503006012024048,0.5511022044088176,0.6633266533066132
73,0.49298597194388777,0.6442885771543087,0.49198396793587174,0.5430861723446894,0.6442885771543087
74,0.3396793587174349,0.6633266533066132,0.6503006012024048,0.5511022044088176,0.6633266533066132
75,0.48697394789579157,0.6643286573146293,0.5060120240480962,0.5524382097528391,0.6643286573146293
76,0.3396793587174349,0.6633266533066132,0.6503006012024048,0.5511022044088176,0.6633266533066132
77,0.3396793587174349,0.6633266533066132,0.6503006012024048,0.5511022044088176,0.6633266533066132
78,0.48697394789579157,0.6643286573146293,0.5060120240480962,0.5524382097528391,0.6643286573146293
79,0.3396793587174349,0.6633266533066132,0.6503006012024048,0.5511022044088176,0.6633266533066132
80,0.49298597194388777,0.6442885771543087,0.49198396793587174,0.5430861723446894,0.6442885771543087
81,0.48697394789579157,0.6643286573146293,0.5060120240480962,0.5524382097528391,0.6643286573146293
82,0.3396793587174349,0.6633266533066132,0.6503006012024048,0.5511022044088176,0.6633266533066132
83,0.49298597194388777,0.6442885771543087,0.49198396793587174,0.5430861723446894,0.6442885771543087
84,0.3396793587174349,0.6633266533066132,0.6503006012024048,0.5511022044088176,0.6633266533066132
85,0.3396793587174349,0.6633266533066132,0.6503006012024048,0.5511022044088176,0.6633266533066132
86,0.3396793587174349,0.6633266533066132,0.6503006012024048,0.5511022044088176,0.6633266533066132
87,0.3396793587174349,0.6633266533066132,0.6503006012024048,0.5511022044088176,0.6633266533066132
88,0.3396793587174349,0.6633266533066132,0.6503006012024048,0.5511022044088176,0.6633266533066132
89,0.49298597194388777,0.6442885771543087,0.49198396793587174,0.5430861723446894,0.6442885771543087
90,0.49298597194388777,0.6442885771543087,0.49198396793587174,0.5430861723446894,0.6442885771543087
91,0.49298597194388777,0.6442885771543087,0.49198396793587174,0.5430861723446894,0.6442885771543087
92,0.49298597194388777,0.6442885771543087,0.49198396793587174,0.5430861723446894,0.6442885771543087
93,0.49298597194388777,0.6442885771543087,0.49198396793587174,0.5430861723446894,0.6442885771543087
94,0.3396793587174349,0.6633266533066132,0.6503006012024048,0.5511022044088176,0.6633266533066132
95,0.49298597194388777,0.6442885771543087,0.49198396793587174,0.5430861723446894,0.6442885771543087
96,0.49298597194388777,0.6442885771543087,0.49198396793587174,0.5430861723446894,0.6442885771543087
97,0.48697394789579157,0.6643286573146293,0.5060120240480962,0.5524382097528391,0.6643286573146293
98,0.49298597194388777,0.6442885771543087,0.49198396793587174,0.5430861723446894,0.6442885771543087
99,0.49298597194388777,0.6442885771543087,0.49198396793587174,0.5430861723446894,0.6442885771543087
100,0.48697394789579157,0.6643286573146293,0.5060120240480962,0.5524382097528391,0.6643286573146293
101,0.3396793587174349,0.6633266533066132,0.6503006012024048,0.5511022044088176,0.6633266533066132
102,0.3396793587174349,0.6633266533066132,0.6503006012024048,0.5511022044088176,0.6633266533066132
103,0.3396793587174349,0.6633266533066132,0.6503006012024048,0.5511022044088176,0.6633266533066132
104,0.3396793587174349,0.6633266533066132,0.6503006012024048,0.5511022044088176,0.6633266533066132
105,0.49298597194388777,0.6442885771543087,0.49198396793587174,0.5430861723446894,0.6442885771543087
106,0.3396793587174349,0.6633266533066132,0.6503006012024048,0.5511022044088176,0.6633266533066132
107,0.49298597194388777,0.6442885771543087,0.49198396793587174,0.5430861723446894,0.6442885771543087
108,0.48697394789579157,0.6643286573146293,0.5060120240480962,0.5524382097528391,0.6643286573146293
109,0.49298597194388777,0.6442885771543087,0.49198396793587174,0.5430861723446894,0.6442885771543087
110,0.48697394789579157,0.6643286573146293,0.5060120240480962,0.5524382097528391,0.6643286573146293
111,0.3396793587174349,0.6633266533066132,0.6503006012024048,0.5511022044088176,0.6633266533066132
112,0.3396793587174349,0.6633266533066132,0.6503006012024048,0.5511022044088176,0.6633266533066132
113,0.3396793587174349,0.6633266533066132,0.6503006012024048,0.5511022044088176,0.6633266533066132
114,0.48697394789579157,0.6643286573146293,0.5060120240480962,0.5524382097528391,0.6643286573146293
115,0.48697394789579157,0.6643286573146293,0.5060120240480962,0.5524382097528391,0.6643286573146293
116,0.3396793587174349,0.6633266533066132,0.6503006012024048,0.5511022044088176,0.6633266533066132
117,0.3466933867735471,0.35370741482965934,0.34769539078156314,0.34936539746158984,0.35370741482965934
118,0.49298597194388777,0.6442885771543087,0.49198396793587174,0.5430861723446894,0.6442885771543087
119,0.49298597194388777,0.6442885771543087,0.49198396793587174,0.5430861723446894,0.6442885771543087
120,0.49298597194388777,0.6442885771543087,0.49198396793587174,0.5430861723446894,0.6442885771543087
121,0.48697394789579157,0.6643286573146293,0.5060120240480962,0.5524382097528391,0.6643286573146293
122,0.48697394789579157,0.6643286573146293,0.5060120240480962,0.5524382097528391,0.6643286573146293
123,0.48697394789579157,0.6643286573146293,0.5060120240480962,0.5524382097528391,0.6643286573146293
124,0.48697394789579157,0.6643286573146293,0.5060120240480962,0.5524382097528391,0.6643286573146293
125,0.49298597194388777,0.6442885771543087,0.49198396793587174,0.5430861723446894,0.6442885771543087
126,0.48697394789579157,0.6643286573146293,0.5060120240480962,0.5524382097528391,0.6643286573146293
127,0.3396793587174349,0.6633266533066132,0.6503006012024048,0.5511022044088176,0.6633266533066132
128,0.3396793587174349,0.6633266533066132,0.6503006012024048,0.5511022044088176,0.6633266533066132
129,0.48697394789579157,0.6643286573146293,0.5060120240480962,0.5524382097528391,0.6643286573146293
130,0.3466933867735471,0.35370741482965934,0.34769539078156314,0.34936539746158984,0.35370741482965934
131,0.48697394789579157,0.6643286573146293,0.5060120240480962,0.5524382097528391,0.6643286573146293
132,0.3396793587174349,0.6633266533066132,0.6503006012024048,0.5511022044088176,0.6633266533066132
133,0.49298597194388777,0.6442885771543087,0.49198396793587174,0.5430861723446894,0.6442885771543087
134,0.3396793587174349,0.6633266533066132,0.6503006012024048,0.5511022044088176,0.6633266533066132
135,0.49298597194388777,0.6442885771543087,0.49198396793587174,0.5430861723446894,0.6442885771543087
136,0.49298597194388777,0.6442885771543087,0.49198396793587174,0.5430861723446894,0.6442885771543087
137,0.3396793587174349,0.6633266533066132,0.6503006012024048,0.5511022044088176,0.6633266533066132
138,0.48697394789579157,0.6643286573146293,0.5060120240480962,0.5524382097528391,0.6643286573146293
139,0.3396793587174349,0.6633266533066132,0.6503006012024048,0.5511022044088176,0.6633266533066132
140,0.48697394789579157,0.6643286573146293,0.5060120240480962,0.5524382097528391,0.6643286573146293
141,0.3396793587174349,0.6633266533066132,0.6503006012024048,0.5511022044088176,0.6633266533066132
142,0.48697394789579157,0.6643286573146293,0.5060120240480962,0.5524382097528391,0.6643286573146293
143,0.48697394789579157,0.6643286573146293,0.5060120240480962,0.5524382097528391,0.6643286573146293
144,0.48697394789579157,0.6643286573146293,0.5060120240480962,0.5524382097528391,0.6643286573146293
145,0.49298597194388777,0.6442885771543087,0.49198396793587174,0.5430861723446894,0.6442885771543087
146,0.3396793587174349,0.6633266533066132,0.6503006012024048,0.5511022044088176,0.6633266533066132
147,0.49298597194388777,0.6442885771543087,0.49198396793587174,0.5430861723446894,0.6442885771543087
148,0.48697394789579157,0.6643286573146293,0.5060120240480962,0.5524382097528391,0.6643286573146293
149,0.48697394789579157,0.6643286573146293,0.5060120240480962,0.5524382097528391,0.6643286573146293
150,0.3396793587174349,0.6633266533066132,0.6503006012024048,0.5511022044088176,0.6633266533066132
151,0.48697394789579157,0.6643286573146293,0.5060120240480962,0.5524382097528391,0.6643286573146293
152,0.49298597194388777,0.6442885771543087,0.49198396793587174,0.5430861723446894,0.6442885771543087
153,0.3466933867735471,0.35370741482965934,0.34769539078156314,0.34936539746158984,0.35370741482965934
154,0.3396793587174349,0.6633266533066132,0.6503006012024048,0.5511022044088176,0.6633266533066132
155,0.48697394789579157,0.6643286573146293,0.5060120240480962,0.5524382097528391,0.6643286573146293
156,0.49298597194388777,0.6442885771543087,0.49198396793587174,0.5430861723446894,0.6442885771543087
157,0.49298597194388777,0.6442885771543087,0.49198396793587174,0.5430861723446894,0.6442885771543087
158,0.3396793587174349,0.6633266533066132,0.6503006012024048,0.5511022044088176,0.6633266533066132
159,0.3396793587174349,0.6633266533066132,0.6503006012024048,0.5511022044088176,0.6633266533066132
160,0.48697394789579157,0.6643286573146293,0.5060120240480962,0.5524382097528391,0.6643286573146293
161,0.49298597194388777,0.6442885771543087,0.49198396793587174,0.5430861723446894,0.6442885771543087
162,0.48697394789579157,0.6643286573146293,0.5060120240480962,0.5524382097528391,0.6643286573146293
163,0.49298597194388777,0.6442885771543087,0.49198396793587174,0.5430861723446894,0.6442885771543087
164,0.3396793587174349,0.6633266533066132,0.6503006012024048,0.5511022044088176,0.6633266533066132
165,0.3396793587174349,0.6633266533066132,0.6503006012024048,0.5511022044088176,0.6633266533066132
166,0.49298597194388777,0.6442885771543087,0.49198396793587174,0.5430861723446894,0.6442885771543087
167,0.49298597194388777,0.6442885771543087,0.49198396793587174,0.5430861723446894,0.6442885771543087
168,0.3396793587174349,0.6633266533066132,0.6503006012024048,0.5511022044088176,0.6633266533066132
169,0.48697394789579157,0.6643286573146293,0.5060120240480962,0.5524382097528391,0.6643286573146293
170,0.48697394789579157,0.6643286573146293,0.5060120240480962,0.5524382097528391,0.6643286573146293
171,0.3396793587174349,0.6633266533066132,0.6503006012024048,0.5511022044088176,0.6633266533066132
172,0.48697394789579157,0.6643286573146293,0.5060120240480962,0.5524382097528391,0.6643286573146293
173,0.3396793587174349,0.6633266533066132,0.6503006012024048,0.5511022044088176,0.6633266533066132
174,0.3396793587174349,0.6633266533066132,0.6503006012024048,0.5511022044088176,0.6633266533066132
175,0.49298597194388777,0.6442885771543087,0.49198396793587174,0.5430861723446894,0.6442885771543087
176,0.3466933867735471,0.35370741482965934,0.34769539078156314,0.34936539746158984,0.35370741482965934
177,0.49298597194388777,0.6442885771543087,0.49198396793587174,0.5430861723446894,0.6442885771543087
178,0.3396793587174349,0.6633266533066132,0.6503006012024048,0.5511022044088176,0.6633266533066132
179,0.48697394789579157,0.6643286573146293,0.5060120240480962,0.5524382097528391,0.6643286573146293
180,0.49298597194388777,0.6442885771543087,0.49198396793587174,0.5430861723446894,0.6442885771543087
181,0.48697394789579157,0.6643286573146293,0.5060120240480962,0.5524382097528391,0.6643286573146293
182,0.3396793587174349,0.6633266533066132,0.6503006012024048,0.5511022044088176,0.6633266533066132
183,0.48697394789579157,0.6643286573146293,0.5060120240480962,0.5524382097528391,0.6643286573146293
184,0.49298597194388777,0.6442885771543087,0.49198396793587174,0.5430861723446894,0.6442885771543087
185,0.48697394789579157,0.6643286573146293,0.5060120240480962,0.5524382097528391,0.6643286573146293
186,0.49298597194388777,0.6442885771543087,0.49198396793587174,0.5430861723446894,0.6442885771543087
187,0.48697394789579157,0.6643286573146293,0.5060120240480962,0.5524382097528391,0.6643286573146293
188,0.3396793587174349,0.6633266533066132,0.6503006012024048,0.5511022044088176,0.6633266533066132
189,0.48697394789579157,0.6643286573146293,0.5060120240480962,0.5524382097528391,0.6643286573146293
190,0.48697394789579157,0.6643286573146293,0.5060120240480962,0.5524382097528391,0.6643286573146293
191,0.49298597194388777,0.6442885771543087,0.49198396793587174,0.5430861723446894,0.6442885771543087
192,0.49298597194388777,0.6442885771543087,0.49198396793587174,0.5430861723446894,0.6442885771543087
193,0.48697394789579157,0.6643286573146293,0.5060120240480962,0.5524382097528391,0.6643286573146293
194,0.48697394789579157,0.6643286573146293,0.5060120240480962,0.5524382097528391,0.6643286573146293
195,0.48697394789579157,0.6643286573146293,0.5060120240480962,0.5524382097528391,0.6643286573146293
196,0.49298597194388777,0.6442885771543087,0.49198396793587174,0.5430861723446894,0.6442885771543087
197,0.48697394789579157,0.6643286573146293,0.5060120240480962,0.5524382097528391,0.6643286573146293
198,0.48697394789579157,0.6643286573146293,0.5060120240480962,0.5524382097528391,0.6643286573146293
199,0.49298597194388777,0.6442885771543087,0.49198396793587174,0.5430861723446894,0.6442885771543087
200,0.49298597194388777,0.6442885771543087,0.49198396793587174,0.5430861723446894,0.6442885771543087
201,0.48697394789579157,0.6643286573146293,0.5060120240480962,0.5524382097528391,0.6643286573146293
202,0.48697394789579157,0.6643286573146293,0.5060120240480962,0.5524382097528391,0.6643286573146293
203,0.49298597194388777,0.6442885771543087,0.49198396793587174,0.5430861723446894,0.6442885771543087
204,0.49298597194388777,0.6442885771543087,0.49198396793587174,0.5430861723446894,0.6442885771543087
205,0.49298597194388777,0.6442885771543087,0.49198396793587174,0.5430861723446894,0.6442885771543087
206,0.49298597194388777,0.6442885771543087,0.49198396793587174,0.5430861723446894,0.6442885771543087
207,0.3396793587174349,0.6633266533066132,0.6503006012024048,0.5511022044088176,0.6633266533066132
208,0.48697394789579157,0.6643286573146293,0.5060120240480962,0.5524382097528391,0.6643286573146293
209,0.48697394789579157,0.6643286573146293,0.5060120240480962,0.5524382097528391,0.6643286573146293
210,0.49298597194388777,0.6442885771543087,0.49198396793587174,0.5430861723446894,0.6442885771543087
211,0.48697394789579157,0.6643286573146293,0.5060120240480962,0.5524382097528391,0.6643286573146293
212,0.48697394789579157,0.6643286573146293,0.5060120240480962,0.5524382097528391,0.6643286573146293
213,0.3396793587174349,0.6633266533066132,0.6503006012024048,0.5511022044088176,0.6633266533066132
214,0.3396793587174349,0.6633266533066132,0.6503006012024048,0.5511022044088176,0.6633266533066132
215,0.49298597194388777,0.6442885771543087,0.49198396793587174,0.5430861723446894,0.6442885771543087
216,0.49298597194388777,0.6442885771543087,0.49198396793587174,0.5430861723446894,0.6442885771543087
217,0.3466933867735471,0.35370741482965934,0.34769539078156314,0.34936539746158984,0.35370741482965934
218,0.49298597194388777,0.6442885771543087,0.49198396793587174,0.5430861723446894,0.6442885771543087
219,0.48697394789579157,0.6643286573146293,0.5060120240480962,0.5524382097528391,0.6643286573146293
220,0.48697394789579157,0.6643286573146293,0.5060120240480962,0.5524382097528391,0.6643286573146293
221,0.48697394789579157,0.6643286573146293,0.5060120240480962,0.5524382097528391,0.6643286573146293
222,0.49298597194388777,0.6442885771543087,0.49198396793587174,0.5430861723446894,0.6442885771543087
223,0.3396793587174349,0.6633266533066132,0.6503006012024048,0.5511022044088176,0.6633266533066132
224,0.48697394789579157,0.6643286573146293,0.5060120240480962,0.5524382097528391,0.6643286573146293
225,0.48697394789579157,0.6643286573146293,0.5060120240480962,0.5524382097528391,0.6643286573146293
226,0.48697394789579157,0.6643286573146293,0.5060120240480962,0.5524382097528391,0.6643286573146293
227,0.49298597194388777,0.6442885771543087,0.49198396793587174,0.5430861723446894,0.6442885771543087
228,0.3396793587174349,0.6633266533066132,0.6503006012024048,0.5511022044088176,0.6633266533066132
229,0.48697394789579157,0.6643286573146293,0.5060120240480962,0.5524382097528391,0.6643286573146293
230,0.3396793587174349,0.6633266533066132,0.6503006012024048,0.5511022044088176,0.6633266533066132
231,0.48697394789579157,0.6643286573146293,0.5060120240480962,0.5524382097528391,0.6643286573146293
232,0.49298597194388777,0.6442885771543087,0.49198396793587174,0.5430861723446894,0.6442885771543087
233,0.49298597194388777,0.6442885771543087,0.49198396793587174,0.5430861723446894,0.6442885771543087
234,0.49298597194388777,0.6442885771543087,0.49198396793587174,0.5430861723446894,0.6442885771543087
235,0.3396793587174349,0.6633266533066132,0.6503006012024048,0.5511022044088176,0.6633266533066132
236,0.3396793587174349,0.6633266533066132,0.6503006012024048,0.5511022044088176,0.6633266533066132
237,0.49298597194388777,0.6442885771543087,0.49198396793587174,0.5430861723446894,0.6442885771543087
238,0.49298597194388777,0.6442885771543087,0.49198396793587174,0.5430861723446894,0.6442885771543087
239,0.48697394789579157,0.6643286573146293,0.5060120240480962,0.5524382097528391,0.6643286573146293
240,0.49298597194388777,0.6442885771543087,0.49198396793587174,0.5430861723446894,0.6442885771543087
241,0.3396793587174349,0.6633266533066132,0.6503006012024048,0.5511022044088176,0.6633266533066132
242,0.49298597194388777,0.6442885771543087,0.49198396793587174,0.5430861723446894,0.6442885771543087
243,0.49298597194388777,0.6442885771543087,0.49198396793587174,0.5430861723446894,0.6442885771543087
244,0.3396793587174349,0.6633266533066132,0.6503006012024048,0.5511022044088176,0.6633266533066132
245,0.49298597194388777,0.6442885771543087,0.49198396793587174,0.5430861723446894,0.6442885771543087
246,0.3396793587174349,0.6633266533066132,0.6503006012024048,0.5511022044088176,0.6633266533066132
247,0.3396793587174349,0.6633266533066132,0.6503006012024048,0.5511022044088176,0.6633266533066132
248,0.3396793587174349,0.6633266533066132,0.6503006012024048,0.5511022044088176,0.6633266533066132
249,0.48697394789579157,0.6643286573146293,0.5060120240480962,0.5524382097528391,0.6643286573146293
250,0.48697394789579157,0.6643286573146293,0.5060120240480962,0.5524382097528391,0.6643286573146293
251,0.49298597194388777,0.6442885771543087,0.49198396793587174,0.5430861723446894,0.6442885771543087
252,0.48697394789579157,0.6643286573146293,0.5060120240480962,0.5524382097528391,0.6643286573146293
253,0.3396793587174349,0.6633266533066132,0.6503006012024048,0.5511022044088176,0.6633266533066132
254,0.48697394789579157,0.6643286573146293,0.5060120240480962,0.5524382097528391,0.6643286573146293
255,0.48697394789579157,0.6643286573146293,0.5060120240480962,0.5524382097528391,0.6643286573146293
256,0.49298597194388777,0.6442885771543087,0.49198396793587174,0.5430861723446894,0.6442885771543087
257,0.3396793587174349,0.6633266533066132,0.6503006012024048,0.5511022044088176,0.6633266533066132
258,0.49298597194388777,0.6442885771543087,0.49198396793587174,0.5430861723446894,0.6442885771543087
259,0.49298597194388777,0.6442885771543087,0.49198396793587174,0.5430861723446894,0.6442885771543087
260,0.48697394789579157,0.6643286573146293,0.5060120240480962,0.5524382097528391,0.6643286573146293
261,0.3396793587174349,0.6633266533066132,0.6503006012024048,0.5511022044088176,0.6633266533066132
262,0.49298597194388777,0.6442885771543087,0.49198396793587174,0.5430861723446894,0.6442885771543087
263,0.3396793587174349,0.6633266533066132,0.6503006012024048,0.5511022044088176,0.6633266533066132
264,0.48697394789579157,0.6643286573146293,0.5060120240480962,0.5524382097528391,0.6643286573146293
265,0.3396793587174349,0.6633266533066132,0.6503006012024048,0.5511022044088176,0.6633266533066132
266,0.3396793587174349,0.6633266533066132,0.6503006012024048,0.5511022044088176,0.6633266533066132
267,0.3396793587174349,0.6633266533066132,0.6503006012024048,0.5511022044088176,0.6633266533066132
268,0.49298597194388777,0.6442885771543087,0.49198396793587174,0.5430861723446894,0.6442885771543087
269,0.3396793587174349,0.6633266533066132,0.6503006012024048,0.5511022044088176,0.6633266533066132
270,0.49298597194388777,0.6442885771543087,0.49198396793587174,0.5430861723446894,0.6442885771543087
271,0.3396793587174349,0.6633266533066132,0.6503006012024048,0.5511022044088176,0.6633266533066132
272,0.48697394789579157,0.6643286573146293,0.5060120240480962,0.5524382097528391,0.6643286573146293
273,0.48697394789579157,0.6643286573146293,0.5060120240480962,0.5524382097528391,0.6643286573146293
274,0.49298597194388777,0.6442885771543087,0.49198396793587174,0.5430861723446894,0.6442885771543087
275,0.49298597194388777,0.6442885771543087,0.49198396793587174,0.5430861723446894,0.6442885771543087
276,0.48697394789579157,0.6643286573146293,0.5060120240480962,0.5524382097528391,0.6643286573146293
277,0.48697394789579157,0.6643286573146293,0.5060120240480962,0.5524382097528391,0.6643286573146293
278,0.49298597194388777,0.6442885771543087,0.49198396793587174,0.5430861723446894,0.6442885771543087
279,0.49298597194388777,0.6442885771543087,0.49198396793587174,0.5430861723446894,0.6442885771543087
280,0.48697394789579157,0.6643286573146293,0.5060120240480962,0.5524382097528391,0.6643286573146293
281,0.48697394789579157,0.6643286573146293,0.5060120240480962,0.5524382097528391,0.6643286573146293
282,0.48697394789579157,0.6643286573146293,0.5060120240480962,0.5524382097528391,0.6643286573146293
283,0.3396793587174349,0.6633266533066132,0.6503006012024048,0.5511022044088176,0.6633266533066132
284,0.48697394789579157,0.6643286573146293,0.5060120240480962,0.5524382097528391,0.6643286573146293
285,0.3396793587174349,0.6633266533066132,0.6503006012024048,0.5511022044088176,0.6633266533066132
286,0.48697394789579157,0.6643286573146293,0.5060120240480962,0.5524382097528391,0.6643286573146293
287,0.3466933867735471,0.35370741482965934,0.34769539078156314,0.34936539746158984,0.35370741482965934
288,0.49298597194388777,0.6442885771543087,0.49198396793587174,0.5430861723446894,0.6442885771543087
289,0.48697394789579157,0.6643286573146293,0.5060120240480962,0.5524382097528391,0.6643286573146293
290,0.48697394789579157,0.6643286573146293,0.5060120240480962,0.5524382097528391,0.6643286573146293
291,0.49298597194388777,0.6442885771543087,0.49198396793587174,0.5430861723446894,0.6442885771543087
292,0.3396793587174349,0.6633266533066132,0.6503006012024048,0.5511022044088176,0.6633266533066132
293,0.3396793587174349,0.6633266533066132,0.6503006012024048,0.5511022044088176,0.6633266533066132
294,0.49298597194388777,0.6442885771543087,0.49198396793587174,0.5430861723446894,0.6442885771543087
295,0.49298597194388777,0.6442885771543087,0.49198396793587174,0.5430861723446894,0.6442885771543087
296,0.49298597194388777,0.6442885771543087,0.49198396793587174,0.5430861723446894,0.6442885771543087
297,0.3396793587174349,0.6633266533066132,0.6503006012024048,0.5511022044088176,0.6633266533066132
298,0.49298597194388777,0.6442885771543087,0.49198396793587174,0.5430861723446894,0.6442885771543087
299,0.49298597194388777,0.6442885771543087,0.49198396793587174,0.5430861723446894,0.6442885771543087
300,0.48697394789579157,0.6643286573146293,0.5060120240480962,0.5524382097528391,0.6643286573146293
301,0.48697394789579157,0.6643286573146293,0.5060120240480962,0.5524382097528391,0.6643286573146293
302,0.49298597194388777,0.6442885771543087,0.49198396793587174,0.5430861723446894,0.6442885771543087
303,0.3396793587174349,0.6633266533066132,0.6503006012024048,0.5511022044088176,0.6633266533066132
304,0.49298597194388777,0.6442885771543087,0.49198396793587174,0.5430861723446894,0.6442885771543087
305,0.3396793587174349,0.6633266533066132,0.6503006012024048,0.5511022044088176,0.6633266533066132
306,0.49298597194388777,0.6442885771543087,0.49198396793587174,0.5430861723446894,0.6442885771543087
307,0.3396793587174349,0.6633266533066132,0.6503006012024048,0.5511022044088176,0.6633266533066132
308,0.3396793587174349,0.6633266533066132,0.6503006012024048,0.5511022044088176,0.6633266533066132
309,0.49298597194388777,0.6442885771543087,0.49198396793587174,0.5430861723446894,0.6442885771543087
310,0.48697394789579157,0.6643286573146293,0.5060120240480962,0.5524382097528391,0.6643286573146293
311,0.48697394789579157,0.6643286573146293,0.5060120240480962,0.5524382097528391,0.6643286573146293
312,0.3396793587174349,0.6633266533066132,0.6503006012024048,0.5511022044088176,0.6633266533066132
313,0.48697394789579157,0.6643286573146293,0.5060120240480962,0.5524382097528391,0.6643286573146293
314,0.49298597194388777,0.6442885771543087,0.49198396793587174,0.5430861723446894,0.6442885771543087
315,0.48697394789579157,0.6643286573146293,0.5060120240480962,0.5524382097528391,0.6643286573146293
316,0.3396793587174349,0.6633266533066132,0.6503006012024048,0.5511022044088176,0.6633266533066132
317,0.49298597194388777,0.6442885771543087,0.49198396793587174,0.5430861723446894,0.6442885771543087
318,0.3396793587174349,0.6633266533066132,0.6503006012024048,0.5511022044088176,0.6633266533066132
319,0.49298597194388777,0.6442885771543087,0.49198396793587174,0.5430861723446894,0.6442885771543087
320,0.48697394789579157,0.6643286573146293,0.5060120240480962,0.5524382097528391,0.6643286573146293
321,0.3396793587174349,0.6633266533066132,0.6503006012024048,0.5511022044088176,0.6633266533066132
322,0.3396793587174349,0.6633266533066132,0.6503006012024048,0.5511022044088176,0.6633266533066132
323,0.3466933867735471,0.35370741482965934,0.34769539078156314,0.34936539746158984,0.35370741482965934
324,0.48697394789579157,0.6643286573146293,0.5060120240480962,0.5524382097528391,0.6643286573146293
325,0.49298597194388777,0.6442885771543087,0.49198396793587174,0.5430861723446894,0.6442885771543087
326,0.48697394789579157,0.6643286573146293,0.5060120240480962,0.5524382097528391,0.6643286573146293
327,0.3396793587174349,0.6633266533066132,0.6503006012024048,0.5511022044088176,0.6633266533066132
328,0.3466933867735471,0.35370741482965934,0.34769539078156314,0.34936539746158984,0.35370741482965934
329,0.3396793587174349,0.6633266533066132,0.6503006012024048,0.5511022044088176,0.6633266533066132
330,0.49298597194388777,0.6442885771543087,0.49198396793587174,0.5430861723446894,0.6442885771543087
331,0.3396793587174349,0.6633266533066132,0.6503006012024048,0.5511022044088176,0.6633266533066132
332,0.49298597194388777,0.6442885771543087,0.49198396793587174,0.5430861723446894,0.6442885771543087
333,0.3396793587174349,0.6633266533066132,0.6503006012024048,0.5511022044088176,0.6633266533066132
334,0.3396793587174349,0.6633266533066132,0.6503006012024048,0.5511022044088176,0.6633266533066132
335,0.3396793587174349,0.6633266533066132,0.6503006012024048,0.5511022044088176,0.6633266533066132
336,0.3396793587174349,0.6633266533066132,0.6503006012024048,0.5511022044088176,0.6633266533066132
337,0.3396793587174349,0.6633266533066132,0.6503006012024048,0.5511022044088176,0.6633266533066132
338,0.49298597194388777,0.6442885771543087,0.49198396793587174,0.5430861723446894,0.6442885771543087
339,0.49298597194388777,0.6442885771543087,0.49198396793587174,0.5430861723446894,0.6442885771543087
340,0.48697394789579157,0.6643286573146293,0.5060120240480962,0.5524382097528391,0.6643286573146293
341,0.48697394789579157,0.6643286573146293,0.5060120240480962,0.5524382097528391,0.6643286573146293
342,0.3396793587174349,0.6633266533066132,0.6503006012024048,0.5511022044088176,0.6633266533066132
343,0.48697394789579157,0.6643286573146293,0.5060120240480962,0.5524382097528391,0.6643286573146293
344,0.3396793587174349,0.6633266533066132,0.6503006012024048,0.5511022044088176,0.6633266533066132
345,0.48697394789579157,0.6643286573146293,0.5060120240480962,0.5524382097528391,0.6643286573146293
346,0.49298597194388777,0.6442885771543087,0.49198396793587174,0.5430861723446894,0.6442885771543087
347,0.49298597194388777,0.6442885771543087,0.49198396793587174,0.5430861723446894,0.6442885771543087
348,0.49298597194388777,0.6442885771543087,0.49198396793587174,0.5430861723446894,0.6442885771543087
349,0.48697394789579157,0.6643286573146293,0.5060120240480962,0.5524382097528391,0.6643286573146293
350,0.3396793587174349,0.6633266533066132,0.6503006012024048,0.5511022044088176,0.6633266533066132
351,0.48697394789579157,0.6643286573146293,0.5060120240480962,0.5524382097528391,0.6643286573146293
352,0.48697394789579157,0.6643286573146293,0.5060120240480962,0.5524382097528391,0.6643286573146293
353,0.3396793587174349,0.6633266533066132,0.6503006012024048,0.5511022044088176,0.6633266533066132
354,0.49298597194388777,0.6442885771543087,0.49198396793587174,0.5430861723446894,0.6442885771543087
355,0.3396793587174349,0.6633266533066132,0.6503006012024048,0.5511022044088176,0.6633266533066132
356,0.3396793587174349,0.6633266533066132,0.6503006012024048,0.5511022044088176,0.6633266533066132
357,0.48697394789579157,0.6643286573146293,0.5060120240480962,0.5524382097528391,0.6643286573146293
358,0.3396793587174349,0.6633266533066132,0.6503006012024048,0.5511022044088176,0.6633266533066132
359,0.3396793587174349,0.6633266533066132,0.6503006012024048,0.5511022044088176,0.6633266533066132
360,0.3396793587174349,0.6633266533066132,0.6503006012024048,0.5511022044088176,0.6633266533066132
361,0.48697394789579157,0.6643286573146293,0.5060120240480962,0.5524382097528391,0.6643286573146293
362,0.49298597194388777,0.6442885771543087,0.49198396793587174,0.5430861723446894,0.6442885771543087
363,0.3396793587174349,0.6633266533066132,0.6503006012024048,0.5511022044088176,0.6633266533066132
364,0.3396793587174349,0.6633266533066132,0.6503006012024048,0.5511022044088176,0.6633266533066132
365,0.49298597194388777,0.6442885771543087,0.49198396793587174,0.5430861723446894,0.6442885771543087
366,0.49298597194388777,0.6442885771543087,0.49198396793587174,0.5430861723446894,0.6442885771543087
367,0.3396793587174349,0.6633266533066132,0.6503006012024048,0.5511022044088176,0.6633266533066132
368,0.49298597194388777,0.6442885771543087,0.49198396793587174,0.5430861723446894,0.6442885771543087
369,0.3396793587174349,0.6633266533066132,0.6503006012024048,0.5511022044088176,0.6633266533066132
370,0.48697394789579157,0.6643286573146293,0.5060120240480962,0.5524382097528391,0.6643286573146293
371,0.3396793587174349,0.6633266533066132,0.6503006012024048,0.5511022044088176,0.6633266533066132
372,0.48697394789579157,0.6643286573146293,0.5060120240480962,0.5524382097528391,0.6643286573146293
373,0.3396793587174349,0.6633266533066132,0.6503006012024048,0.5511022044088176,0.6633266533066132
374,0.49298597194388777,0.6442885771543087,0.49198396793587174,0.5430861723446894,0.6442885771543087
375,0.3396793587174349,0.6633266533066132,0.6503006012024048,0.5511022044088176,0.6633266533066132
376,0.49298597194388777,0.6442885771543087,0.49198396793587174,0.5430861723446894,0.6442885771543087
377,0.3396793587174349,0.6633266533066132,0.6503006012024048,0.5511022044088176,0.6633266533066132
378,0.48697394789579157,0.6643286573146293,0.5060120240480962,0.5524382097528391,0.6643286573146293
379,0.48697394789579157,0.6643286573146293,0.5060120240480962,0.5524382097528391,0.6643286573146293
380,0.48697394789579157,0.6643286573146293,0.5060120240480962,0.5524382097528391,0.6643286573146293
381,0.49298597194388777,0.6442885771543087,0.49198396793587174,0.5430861723446894,0.6442885771543087
382,0.3396793587174349,0.6633266533066132,0.6503006012024048,0.5511022044088176,0.6633266533066132
383,0.48697394789579157,0.6643286573146293,0.5060120240480962,0.5524382097528391,0.6643286573146293
384,0.3396793587174349,0.6633266533066132,0.6503006012024048,0.5511022044088176,0.6633266533066132
385,0.49298597194388777,0.6442885771543087,0.49198396793587174,0.5430861723446894,0.6442885771543087
386,0.49298597194388777,0.6442885771543087,0.49198396793587174,0.5430861723446894,0.6442885771543087
387,0.3396793587174349,0.6633266533066132,0.6503006012024048,0.5511022044088176,0.6633266533066132
388,0.48697394789579157,0.6643286573146293,0.5060120240480962,0.5524382097528391,0.6643286573146293
389,0.48697394789579157,0.6643286573146293,0.5060120240480962,0.5524382097528391,0.6643286573146293
390,0.48697394789579157,0.6643286573146293,0.5060120240480962,0.5524382097528391,0.6643286573146293
391,0.49298597194388777,0.6442885771543087,0.49198396793587174,0.5430861723446894,0.6442885771543087
392,0.49298597194388777,0.6442885771543087,0.49198396793587174,0.5430861723446894,0.6442885771543087
393,0.48697394789579157,0.6643286573146293,0.5060120240480962,0.5524382097528391,0.6643286573146293
394,0.3396793587174349,0.6633266533066132,0.6503006012024048,0.5511022044088176,0.6633266533066132
395,0.48697394789579157,0.6643286573146293,0.5060120240480962,0.5524382097528391,0.6643286573146293
396,0.49298597194388777,0.6442885771543087,0.49198396793587174,0.5430861723446894,0.6442885771543087
397,0.3396793587174349,0.6633266533066132,0.6503006012024048,0.5511022044088176,0.6633266533066132
398,0.3466933867735471,0.35370741482965934,0.34769539078156314,0.34936539746158984,0.35370741482965934
399,0.49298597194388777,0.6442885771543087,0.49198396793587174,0.5430861723446894,0.6442885771543087
400,0.3396793587174349,0.6633266533066132,0.6503006012024048,0.5511022044088176,0.6633266533066132
401,0.48697394789579157,0.6643286573146293,0.5060120240480962,0.5524382097528391,0.6643286573146293
402,0.3396793587174349,0.6633266533066132,0.6503006012024048,0.5511022044088176,0.6633266533066132
403,0.48697394789579157,0.6643286573146293,0.5060120240480962,0.5524382097528391,0.6643286573146293
404,0.3396793587174349,0.6633266533066132,0.6503006012024048,0.5511022044088176,0.6633266533066132
405,0.48697394789579157,0.6643286573146293,0.5060120240480962,0.5524382097528391,0.6643286573146293
406,0.48697394789579157,0.6643286573146293,0.5060120240480962,0.5524382097528391,0.6643286573146293
407,0.48697394789579157,0.6643286573146293,0.5060120240480962,0.5524382097528391,0.6643286573146293
408,0.48697394789579157,0.6643286573146293,0.5060120240480962,0.5524382097528391,0.6643286573146293
409,0.3396793587174349,0.6633266533066132,0.6503006012024048,0.5511022044088176,0.6633266533066132
410,0.49298597194388777,0.6442885771543087,0.49198396793587174,0.5430861723446894,0.6442885771543087
411,0.49298597194388777,0.6442885771543087,0.49198396793587174,0.5430861723446894,0.6442885771543087
412,0.49298597194388777,0.6442885771543087,0.49198396793587174,0.5430861723446894,0.6442885771543087
413,0.49298597194388777,0.6442885771543087,0.49198396793587174,0.5430861723446894,0.6442885771543087
414,0.48697394789579157,0.6643286573146293,0.5060120240480962,0.5524382097528391,0.6643286573146293
415,0.3396793587174349,0.6633266533066132,0.6503006012024048,0.5511022044088176,0.6633266533066132
416,0.3396793587174349,0.6633266533066132,0.6503006012024048,0.5511022044088176,0.6633266533066132
417,0.3396793587174349,0.6633266533066132,0.6503006012024048,0.5511022044088176,0.6633266533066132
418,0.49298597194388777,0.6442885771543087,0.49198396793587174,0.5430861723446894,0.6442885771543087
419,0.48697394789579157,0.6643286573146293,0.5060120240480962,0.5524382097528391,0.6643286573146293
420,0.3466933867735471,0.35370741482965934,0.34769539078156314,0.34936539746158984,0.35370741482965934
421,0.48697394789579157,0.6643286573146293,0.5060120240480962,0.5524382097528391,0.6643286573146293
422,0.48697394789579157,0.6643286573146293,0.5060120240480962,0.5524382097528391,0.6643286573146293
423,0.48697394789579157,0.6643286573146293,0.5060120240480962,0.5524382097528391,0.6643286573146293
424,0.48697394789579157,0.6643286573146293,0.5060120240480962,0.5524382097528391,0.6643286573146293
425,0.3396793587174349,0.6633266533066132,0.6503006012024048,0.5511022044088176,0.6633266533066132
426,0.48697394789579157,0.6643286573146293,0.5060120240480962,0.5524382097528391,0.6643286573146293
427,0.3396793587174349,0.6633266533066132,0.6503006012024048,0.5511022044088176,0.6633266533066132
428,0.48697394789579157,0.6643286573146293,0.5060120240480962,0.5524382097528391,0.6643286573146293
429,0.49298597194388777,0.6442885771543087,0.49198396793587174,0.5430861723446894,0.6442885771543087
430,0.49298597194388777,0.6442885771543087,0.49198396793587174,0.5430861723446894,0.6442885771543087
431,0.49298597194388777,0.6442885771543087,0.49198396793587174,0.5430861723446894,0.6442885771543087
432,0.49298597194388777,0.6442885771543087,0.49198396793587174,0.5430861723446894,0.6442885771543087
433,0.49298597194388777,0.6442885771543087,0.49198396793587174,0.5430861723446894,0.6442885771543087
434,0.48697394789579157,0.6643286573146293,0.5060120240480962,0.5524382097528391,0.6643286573146293
435,0.3396793587174349,0.6633266533066132,0.6503006012024048,0.5511022044088176,0.6633266533066132
436,0.49298597194388777,0.6442885771543087,0.49198396793587174,0.5430861723446894,0.6442885771543087
437,0.48697394789579157,0.6643286573146293,0.5060120240480962,0.5524382097528391,0.6643286573146293
438,0.49298597194388777,0.6442885771543087,0.49198396793587174,0.5430861723446894,0.6442885771543087
439,0.48697394789579157,0.6643286573146293,0.5060120240480962,0.5524382097528391,0.6643286573146293
440,0.49298597194388777,0.6442885771543087,0.49198396793587174,0.5430861723446894,0.6442885771543087
441,0.49298597194388777,0.6442885771543087,0.49198396793587174,0.5430861723446894,0.6442885771543087
442,0.49298597194388777,0.6442885771543087,0.49198396793587174,0.5430861723446894,0.6442885771543087
443,0.48697394789579157,0.6643286573146293,0.5060120240480962,0.5524382097528391,0.6643286573146293
444,0.48697394789579157,0.6643286573146293,0.5060120240480962,0.5524382097528391,0.6643286573146293
445,0.3466933867735471,0.35370741482965934,0.34769539078156314,0.34936539746158984,0.35370741482965934
446,0.49298597194388777,0.6442885771543087,0.49198396793587174,0.5430861723446894,0.6442885771543087
447,0.48697394789579157,0.6643286573146293,0.5060120240480962,0.5524382097528391,0.6643286573146293
448,0.3396793587174349,0.6633266533066132,0.6503006012024048,0.5511022044088176,0.6633266533066132
449,0.48697394789579157,0.6643286573146293,0.5060120240480962,0.5524382097528391,0.6643286573146293
450,0.49298597194388777,0.6442885771543087,0.49198396793587174,0.5430861723446894,0.6442885771543087
451,0.3396793587174349,0.6633266533066132,0.6503006012024048,0.5511022044088176,0.6633266533066132
452,0.49298597194388777,0.6442885771543087,0.49198396793587174,0.5430861723446894,0.6442885771543087
453,0.49298597194388777,0.6442885771543087,0.49198396793587174,0.5430861723446894,0.6442885771543087
454,0.49298597194388777,0.6442885771543087,0.49198396793587174,0.5430861723446894,0.6442885771543087
455,0.3396793587174349,0.6633266533066132,0.6503006012024048,0.5511022044088176,0.6633266533066132
456,0.49298597194388777,0.6442885771543087,0.49198396793587174,0.5430861723446894,0.6442885771543087
457,0.3396793587174349,0.6633266533066132,0.6503006012024048,0.5511022044088176,0.6633266533066132
458,0.49298597194388777,0.6442885771543087,0.49198396793587174,0.5430861723446894,0.6442885771543087
459,0.48697394789579157,0.6643286573146293,0.5060120240480962,0.5524382097528391,0.6643286573146293
460,0.49298597194388777,0.6442885771543087,0.49198396793587174,0.5430861723446894,0.6442885771543087
461,0.3396793587174349,0.6633266533066132,0.6503006012024048,0.5511022044088176,0.6633266533066132
462,0.3396793587174349,0.6633266533066132,0.6503006012024048,0.5511022044088176,0.6633266533066132
463,0.49298597194388777,0.6442885771543087,0.49198396793587174,0.5430861723446894,0.6442885771543087
464,0.49298597194388777,0.6442885771543087,0.49198396793587174,0.5430861723446894,0.6442885771543087
465,0.48697394789579157,0.6643286573146293,0.5060120240480962,0.5524382097528391,0.6643286573146293
466,0.3396793587174349,0.6633266533066132,0.6503006012024048,0.5511022044088176,0.6633266533066132
467,0.49298597194388777,0.6442885771543087,0.49198396793587174,0.5430861723446894,0.6442885771543087
468,0.3396793587174349,0.6633266533066132,0.6503006012024048,0.5511022044088176,0.6633266533066132
469,0.3396793587174349,0.6633266533066132,0.6503006012024048,0.5511022044088176,0.6633266533066132
470,0.48697394789579157,0.6643286573146293,0.5060120240480962,0.5524382097528391,0.6643286573146293
471,0.49298597194388777,0.6442885771543087,0.49198396793587174,0.5430861723446894,0.6442885771543087
472,0.3396793587174349,0.6633266533066132,0.6503006012024048,0.5511022044088176,0.6633266533066132
473,0.49298597194388777,0.6442885771543087,0.49198396793587174,0.5430861723446894,0.6442885771543087
474,0.48697394789579157,0.6643286573146293,0.5060120240480962,0.5524382097528391,0.6643286573146293
475,0.3396793587174349,0.6633266533066132,0.6503006012024048,0.5511022044088176,0.6633266533066132
476,0.3396793587174349,0.6633266533066132,0.6503006012024048,0.5511022044088176,0.6633266533066132
477,0.3396793587174349,0.6633266533066132,0.6503006012024048,0.5511022044088176,0.6633266533066132
478,0.3396793587174349,0.6633266533066132,0.6503006012024048,0.5511022044088176,0.6633266533066132
479,0.49298597194388777,0.6442885771543087,0.49198396793587174,0.5430861723446894,0.6442885771543087
480,0.49298597194388777,0.6442885771543087,0.49198396793587174,0.5430861723446894,0.6442885771543087
481,0.48697394789579157,0.6643286573146293,0.5060120240480962,0.5524382097528391,0.6643286573146293
482,0.49298597194388777,0.6442885771543087,0.49198396793587174,0.5430861723446894,0.6442885771543087
483,0.49298597194388777,0.6442885771543087,0.49198396793587174,0.5430861723446894,0.6442885771543087
484,0.49298597194388777,0.6442885771543087,0.49198396793587174,0.5430861723446894,0.6442885771543087
485,0.48697394789579157,0.6643286573146293,0.5060120240480962,0.5524382097528391,0.6643286573146293
486,0.3396793587174349,0.6633266533066132,0.6503006012024048,0.5511022044088176,0.6633266533066132
487,0.48697394789579157,0.6643286573146293,0.5060120240480962,0.5524382097528391,0.6643286573146293
488,0.48697394789579157,0.6643286573146293,0.5060120240480962,0.5524382097528391,0.6643286573146293
489,0.49298597194388777,0.6442885771543087,0.49198396793587174,0.5430861723446894,0.6442885771543087
490,0.49298597194388777,0.6442885771543087,0.49198396793587174,0.5430861723446894,0.6442885771543087
491,0.3396793587174349,0.6633266533066132,0.6503006012024048,0.5511022044088176,0.6633266533066132
492,0.3396793587174349,0.6633266533066132,0.6503006012024048,0.5511022044088176,0.6633266533066132
493,0.48697394789579157,0.6643286573146293,0.5060120240480962,0.5524382097528391,0.6643286573146293
494,0.48697394789579157,0.6643286573146293,0.5060120240480962,0.5524382097528391,0.6643286573146293
495,0.49298597194388777,0.6442885771543087,0.49198396793587174,0.5430861723446894,0.6442885771543087
496,0.3396793587174349,0.6633266533066132,0.6503006012024048,0.5511022044088176,0.6633266533066132
497,0.48697394789579157,0.6643286573146293,0.5060120240480962,0.5524382097528391,0.6643286573146293
498,0.48697394789579157,0.6643286573146293,0.5060120240480962,0.5524382097528391,0.6643286573146293
499,0.3396793587174349,0.6633266533066132,0.6503006012024048,0.5511022044088176,0.6633266533066132
