,kmeans_n_clusters_1,kmeans_n_clusters_2,kmeans_n_clusters_3,kmeans_n_clusters_4,kmeans_n_clusters_5,kmeans_n_clusters_6,kmeans_n_clusters_7,kmeans_n_clusters_8,dbscan_eps_0_1_min_samples_2,dbscan_eps_0_2_min_samples_2,dbscan_eps_0_3_min_samples_2,dbscan_eps_0_4_min_samples_2,dbscan_eps_0_5_min_samples_2,dbscan_eps_0_6_min_samples_2,dbscan_eps_0_7_min_samples_2,dbscan_eps_0_8_min_samples_2,dbscan_eps_0_9_min_samples_2,kernel_kmeans_n_clusters_1_kernel_gak_random_state_0,kernel_kmeans_n_clusters_2_kernel_gak_random_state_0,kernel_kmeans_n_clusters_3_kernel_gak_random_state_0,kernel_kmeans_n_clusters_4_kernel_gak_random_state_0,kernel_kmeans_n_clusters_5_kernel_gak_random_state_0,kernel_kmeans_n_clusters_6_kernel_gak_random_state_0,kernel_kmeans_n_clusters_7_kernel_gak_random_state_0,kernel_kmeans_n_clusters_8_kernel_gak_random_state_0,spectral_clustering_n_clusters_1_eigen_solver_arpack_affinity_nearest_neighbors,spectral_clustering_n_clusters_2_eigen_solver_arpack_affinity_nearest_neighbors,spectral_clustering_n_clusters_3_eigen_solver_arpack_affinity_nearest_neighbors,spectral_clustering_n_clusters_4_eigen_solver_arpack_affinity_nearest_neighbors,spectral_clustering_n_clusters_5_eigen_solver_arpack_affinity_nearest_neighbors,spectral_clustering_n_clusters_6_eigen_solver_arpack_affinity_nearest_neighbors,spectral_clustering_n_clusters_7_eigen_solver_arpack_affinity_nearest_neighbors,spectral_clustering_n_clusters_8_eigen_solver_arpack_affinity_nearest_neighbors,mean_shift_,optics_min_samples_7_xi_0_05_min_cluster_size_0_1,random_model_n1,random_model_n2,random_model_n3,random_model_n4,random_model_n5,random_model_n6,random_model_n7,random_model_n8,random_model_n9,random_model_n10
0,0,0,2,2,0,2,2,0,0,0,0,0,0,0,0,0,0,0,1,1,2,2,1,2,4,0,1,2,0,1,3,0,6,0,0,1,0,2,2,3,2,3,3,2,1
1,0,0,1,3,0,5,1,6,1,0,0,0,0,0,0,0,0,0,1,1,1,2,0,5,7,0,0,0,1,0,0,1,7,0,0,3,3,0,2,2,1,0,0,0,1
2,0,0,2,2,2,0,1,7,2,0,0,0,0,0,0,0,0,0,1,1,2,1,3,5,6,0,1,2,0,2,4,1,0,0,0,0,1,1,3,3,3,1,1,2,0
3,0,0,1,3,1,3,3,5,3,0,0,0,0,0,0,0,0,0,1,2,1,0,4,6,5,0,0,0,1,0,2,4,4,0,0,0,0,3,1,1,0,2,1,1,3
4,0,1,1,0,4,1,0,1,4,0,0,0,0,0,0,0,0,0,0,2,0,4,2,1,2,0,0,1,3,3,5,2,7,0,0,3,2,0,1,2,2,3,1,2,0
5,0,1,0,1,0,2,2,0,5,0,0,0,0,0,0,0,0,0,0,0,3,2,1,2,4,0,1,2,2,1,3,0,6,0,0,1,3,0,0,2,1,3,2,0,1
6,0,0,2,3,1,3,3,5,6,0,0,0,0,0,0,0,0,0,1,1,1,0,4,6,5,0,0,0,1,0,2,4,4,0,0,3,2,0,3,0,3,3,0,3,3
7,0,1,0,1,3,4,5,4,7,0,0,0,0,0,0,0,0,0,0,0,3,3,5,0,3,0,0,1,2,4,1,3,1,0,0,1,3,1,0,1,2,3,3,2,0
8,0,1,0,1,3,4,5,2,8,0,0,0,0,0,0,0,0,0,0,0,3,3,5,0,1,0,1,1,2,1,3,6,5,0,0,3,0,1,2,0,0,0,0,1,1
9,0,1,0,0,4,1,4,3,9,0,0,0,0,0,0,0,0,0,0,2,0,4,2,4,0,0,0,1,3,4,1,3,1,0,0,0,3,3,1,0,2,1,3,1,1
10,0,0,2,2,2,0,6,7,10,0,0,0,0,0,0,0,0,0,1,1,2,1,3,3,6,0,1,2,0,2,4,5,2,0,0,0,2,2,2,3,1,2,0,2,0
11,0,0,1,3,1,3,3,5,11,0,0,0,0,0,0,0,0,0,1,2,1,0,4,6,5,0,0,0,1,0,2,4,4,0,0,1,1,3,0,2,1,3,1,0,1
12,0,1,0,1,0,2,2,4,12,0,0,0,0,0,0,0,0,0,0,0,3,2,1,2,3,0,1,1,2,1,0,0,6,0,0,0,3,1,3,3,3,0,1,3,1
13,0,1,0,1,3,4,5,4,13,0,0,0,0,0,0,0,0,0,0,0,3,3,5,0,3,0,0,1,2,4,1,3,1,0,0,3,3,1,1,0,1,1,0,0,2
14,0,0,1,3,1,5,0,1,14,0,0,0,0,0,0,0,0,0,1,2,1,0,4,1,2,0,0,0,1,0,5,2,7,0,0,1,1,2,2,2,1,2,1,2,0
15,0,1,1,0,4,1,4,3,15,0,0,0,0,0,0,0,0,0,0,2,0,4,2,4,0,0,0,1,3,3,5,2,3,0,0,0,3,1,3,0,2,2,3,1,1
16,0,1,0,0,4,1,4,3,9,0,0,0,0,0,0,0,0,0,0,2,0,4,2,4,0,0,0,1,3,4,1,3,3,0,0,2,3,3,3,3,3,2,2,0,0
17,0,1,0,1,3,4,5,2,16,0,0,0,0,0,0,0,0,0,0,0,3,3,5,0,1,0,1,1,2,1,3,6,5,0,0,1,3,2,1,0,1,0,3,1,2
18,0,1,1,0,4,1,4,3,17,0,0,0,0,0,0,0,0,0,0,2,0,4,2,4,0,0,0,1,3,3,5,2,3,0,0,2,2,0,0,3,0,3,0,3,0
19,0,1,0,1,3,4,5,4,18,0,0,0,0,0,0,0,0,0,0,0,3,2,5,0,3,0,0,1,2,4,1,3,1,0,0,0,0,0,0,1,2,2,1,1,2
20,0,0,2,2,2,0,1,6,19,0,0,0,0,0,0,0,0,0,1,1,2,1,3,5,7,0,1,2,0,2,0,1,0,0,0,2,0,0,2,1,0,0,1,1,0
21,0,1,1,0,4,1,4,3,20,0,0,0,0,0,0,0,0,0,0,2,0,4,2,4,0,0,0,1,3,3,5,2,3,0,0,1,0,1,0,3,1,0,1,0,3
22,0,0,1,3,1,3,3,5,-1,0,0,0,0,0,0,0,0,0,1,2,1,0,4,6,5,0,0,0,1,0,2,4,7,0,0,2,1,3,2,0,0,3,3,0,0
23,0,1,1,0,4,1,4,3,21,0,0,0,0,0,0,0,0,0,0,2,0,4,2,4,0,0,0,1,3,3,5,2,3,0,0,0,3,2,2,3,2,3,1,0,0
24,0,1,0,1,3,4,5,4,7,0,0,0,0,0,0,0,0,0,0,0,3,3,5,0,3,0,0,1,2,4,1,3,1,0,0,3,3,0,2,0,0,0,2,2,3
25,0,0,1,3,1,3,3,5,22,0,0,0,0,0,0,0,0,0,1,2,1,0,4,6,5,0,0,0,1,0,2,4,4,0,0,0,2,2,0,1,0,0,3,3,3
26,0,1,0,0,4,1,4,4,23,0,0,0,0,0,0,0,0,0,0,0,0,4,2,4,3,0,0,1,3,4,1,3,1,0,0,2,0,1,3,3,3,3,2,0,2
27,0,1,0,1,3,4,5,2,24,0,0,0,0,0,0,0,0,0,0,0,3,3,5,0,1,0,1,1,2,4,1,6,1,0,0,0,2,2,0,1,3,3,2,2,0
28,0,0,2,2,2,0,6,7,25,0,0,0,0,0,0,0,0,0,1,1,2,1,3,3,6,0,1,2,0,2,4,5,2,0,0,1,3,2,3,3,2,2,2,0,3
29,0,1,1,0,4,1,4,3,26,0,0,0,0,0,0,0,0,0,0,2,0,4,2,4,0,0,0,1,3,3,5,2,3,0,0,2,3,2,1,2,1,2,1,1,2
30,0,1,1,0,4,1,0,1,27,0,0,0,0,0,0,0,0,0,0,2,0,4,2,1,2,0,0,1,3,3,5,2,7,0,0,2,3,2,1,0,1,3,0,2,2
31,0,0,1,3,1,3,3,5,22,0,0,0,0,0,0,0,0,0,1,2,1,0,4,6,5,0,0,0,1,0,2,4,4,0,0,0,2,3,1,2,2,0,1,2,1
32,0,0,2,2,2,0,6,7,28,0,0,0,0,0,0,0,0,0,1,1,2,1,3,3,6,0,1,2,0,2,4,5,2,0,0,3,2,0,2,1,3,0,3,0,0
33,0,1,0,1,3,4,5,2,24,0,0,0,0,0,0,0,0,0,0,0,3,3,5,0,1,0,0,1,2,4,1,3,1,0,0,3,1,1,1,2,1,3,0,0,0
34,0,0,1,3,1,3,3,5,-1,0,0,0,0,0,0,0,0,0,1,2,1,0,4,6,5,0,0,0,1,0,2,4,4,0,0,1,2,3,2,2,2,1,1,0,2
35,0,0,2,2,0,5,1,6,29,0,0,0,0,0,0,0,0,0,1,1,2,2,0,5,7,0,1,2,0,2,0,1,0,0,0,1,0,2,0,1,2,0,1,2,1
36,0,0,2,2,0,2,1,6,29,0,0,0,0,0,0,0,0,0,1,1,2,2,1,5,7,0,1,2,0,2,0,1,6,0,0,3,3,1,2,1,3,0,3,2,3
37,0,0,1,3,1,3,3,5,30,0,0,0,0,0,0,0,0,0,1,2,1,0,4,6,5,0,0,0,1,0,0,1,4,0,0,2,3,0,2,2,1,3,3,0,2
38,0,0,2,2,2,0,1,7,31,0,0,0,0,0,0,0,0,0,1,1,2,1,3,3,6,0,1,2,0,2,4,1,0,0,0,0,1,2,1,1,1,1,2,1,1
39,0,1,0,1,3,4,5,2,16,0,0,0,0,0,0,0,0,0,0,0,3,3,5,0,1,0,1,1,2,1,3,6,5,0,0,2,0,1,2,1,1,0,1,0,1
40,0,1,1,0,4,5,0,1,32,0,0,0,0,0,0,0,0,0,0,2,0,4,2,1,2,0,0,1,3,3,5,2,7,0,0,1,0,1,0,2,0,3,2,3,1
41,0,0,1,3,1,5,0,1,33,0,0,0,0,0,0,0,0,0,1,2,1,0,0,1,2,0,0,0,1,0,0,1,7,0,0,1,2,2,1,1,1,1,2,3,3
42,0,0,1,3,1,3,3,5,34,0,0,0,0,0,0,0,0,0,1,2,1,0,4,6,5,0,0,0,1,0,2,4,4,0,0,1,2,0,2,2,2,0,2,1,1
43,0,0,2,2,2,0,1,6,2,0,0,0,0,0,0,0,0,0,1,1,2,1,3,5,7,0,1,2,0,2,0,1,0,0,0,3,3,3,2,3,0,2,1,3,2
44,0,1,0,1,0,2,2,0,-1,0,0,0,0,0,0,0,0,0,0,0,3,2,1,2,4,0,1,1,2,1,3,0,6,0,0,3,3,2,3,0,2,0,1,2,1
45,0,1,0,1,3,4,5,2,16,0,0,0,0,0,0,0,0,0,0,0,3,3,5,0,1,0,1,1,2,1,3,6,5,0,0,1,1,3,0,2,3,1,1,3,0
46,0,1,1,0,4,1,4,3,26,0,0,0,0,0,0,0,0,0,0,2,0,4,2,4,0,0,0,1,3,3,5,2,3,0,0,2,3,0,0,1,2,2,2,1,2
47,0,1,0,0,4,1,4,3,35,0,0,0,0,0,0,0,0,0,0,2,0,4,2,4,0,0,0,1,3,4,1,3,3,0,0,1,2,3,3,2,3,2,1,0,2
48,0,1,1,0,4,1,4,3,26,0,0,0,0,0,0,0,0,0,0,2,0,4,2,4,0,0,0,1,3,3,5,2,3,0,0,1,0,1,2,0,3,0,3,0,2
49,0,1,1,0,4,5,0,1,4,0,0,0,0,0,0,0,0,0,0,2,0,4,0,1,2,0,0,1,3,3,0,2,7,0,0,0,0,3,1,0,1,2,3,1,1
50,0,1,1,0,4,1,4,3,-1,0,0,0,0,0,0,0,0,0,0,2,0,4,2,4,0,0,0,1,3,3,5,2,3,0,0,0,2,3,1,0,0,1,0,3,0
51,0,0,2,2,0,2,2,0,0,0,0,0,0,0,0,0,0,0,0,0,2,2,1,2,4,0,1,2,2,1,3,0,6,0,0,1,0,0,0,2,0,3,3,0,1
52,0,1,1,0,4,1,4,3,36,0,0,0,0,0,0,0,0,0,0,2,0,4,2,4,0,0,0,1,3,3,5,2,3,0,0,0,2,1,2,0,3,3,3,1,3
53,0,1,0,1,0,2,2,4,37,0,0,0,0,0,0,0,0,0,0,0,3,2,1,2,3,0,1,1,2,1,0,0,6,0,0,0,0,0,1,1,1,3,3,3,1
54,0,1,1,0,4,1,4,3,20,0,0,0,0,0,0,0,0,0,0,2,0,4,2,4,0,0,0,1,3,3,5,3,3,0,0,1,2,2,0,3,1,0,2,2,0
55,0,0,2,2,2,0,6,7,38,0,0,0,0,0,0,0,0,0,1,1,2,1,3,3,6,0,1,2,0,2,4,5,2,0,0,3,3,1,3,3,2,3,3,1,3
56,0,0,2,3,1,5,1,6,29,0,0,0,0,0,0,0,0,0,1,1,1,0,0,5,7,0,0,0,1,0,0,1,0,0,0,3,3,1,2,3,2,0,0,1,2
57,0,1,0,0,3,4,5,4,39,0,0,0,0,0,0,0,0,0,0,0,3,3,5,4,3,0,0,1,2,4,1,3,1,0,0,2,1,3,3,2,2,1,1,1,1
58,0,0,2,2,2,0,1,7,40,0,0,0,0,0,0,0,0,0,1,1,2,1,3,3,6,0,1,2,0,2,4,1,0,0,0,1,3,2,3,0,3,0,1,0,1
59,0,1,0,0,4,5,5,4,-1,0,0,0,0,0,0,0,0,0,0,0,0,4,0,1,3,0,0,1,2,4,1,3,1,0,0,0,3,0,2,2,0,0,0,2,2
60,0,1,1,0,4,1,0,4,41,0,0,0,0,0,0,0,0,0,0,2,0,4,0,1,3,0,0,1,3,4,1,3,1,0,0,2,2,0,3,1,1,2,0,2,3
61,0,1,0,1,3,4,5,2,16,0,0,0,0,0,0,0,0,0,0,0,3,3,5,0,1,0,1,1,2,1,3,6,5,0,0,3,0,3,1,3,2,3,0,3,2
62,0,0,2,3,1,5,1,6,42,0,0,0,0,0,0,0,0,0,1,1,1,0,0,5,7,0,1,0,1,0,0,1,0,0,0,3,2,2,3,3,2,1,3,2,0
63,0,1,0,1,3,4,5,4,18,0,0,0,0,0,0,0,0,0,0,0,3,3,5,0,3,0,0,1,2,4,1,3,1,0,0,2,1,0,2,2,2,0,3,2,3
64,0,0,2,2,0,2,2,0,43,0,0,0,0,0,0,0,0,0,0,0,2,2,1,2,4,0,1,2,2,1,3,0,6,0,0,1,2,0,1,1,3,0,2,0,0
65,0,1,0,1,0,2,2,0,44,0,0,0,0,0,0,0,0,0,0,0,3,3,1,2,4,0,1,2,2,1,3,0,6,0,0,1,3,1,0,1,2,0,0,0,2
66,0,0,1,3,1,3,3,5,22,0,0,0,0,0,0,0,0,0,1,2,1,0,4,6,5,0,0,0,1,0,2,4,4,0,0,1,1,2,1,3,3,3,3,1,0
67,0,0,1,3,1,3,3,5,11,0,0,0,0,0,0,0,0,0,1,2,1,0,4,6,5,0,0,0,1,0,2,4,4,0,0,3,1,0,1,0,1,3,1,3,1
68,0,1,0,1,0,5,0,6,-1,0,0,0,0,0,0,0,0,0,0,0,0,2,0,1,7,0,0,1,2,4,0,1,6,0,0,0,0,3,1,0,3,2,2,0,3
69,0,1,1,0,4,5,0,1,32,0,0,0,0,0,0,0,0,0,0,2,0,4,2,1,2,0,0,1,3,3,5,2,7,0,0,0,3,1,3,1,1,1,2,2,2
70,0,0,1,3,1,3,3,5,22,0,0,0,0,0,0,0,0,0,1,2,1,0,4,6,5,0,0,0,1,0,2,4,4,0,0,1,1,0,0,2,2,3,3,0,0
71,0,0,2,3,1,3,3,5,6,0,0,0,0,0,0,0,0,0,1,1,1,0,4,6,5,0,0,0,1,0,2,4,4,0,0,3,2,0,0,2,3,0,3,2,2
72,0,1,0,1,3,4,5,4,45,0,0,0,0,0,0,0,0,0,0,0,3,3,5,0,3,0,1,1,2,1,3,0,1,0,0,0,0,3,3,3,2,1,0,0,3
73,0,1,1,0,4,1,4,3,17,0,0,0,0,0,0,0,0,0,0,2,0,4,2,4,0,0,0,1,3,3,5,2,7,0,0,2,2,1,2,3,1,3,3,0,0
74,0,1,0,0,4,1,4,3,35,0,0,0,0,0,0,0,0,0,0,2,0,4,2,4,0,0,0,1,3,4,1,3,3,0,0,0,1,1,2,3,3,3,0,0,3
75,0,0,2,2,0,2,2,0,46,0,0,0,0,0,0,0,0,0,1,1,2,2,1,2,4,0,1,2,0,2,0,0,6,0,0,0,1,2,2,0,1,0,1,3,1
76,0,0,1,3,1,3,3,5,11,0,0,0,0,0,0,0,0,0,1,2,1,0,4,6,5,0,0,0,1,0,2,4,4,0,0,1,1,1,3,1,0,3,0,1,2
77,0,0,2,2,2,0,6,0,47,0,0,0,0,0,0,0,0,0,1,1,2,1,3,3,4,0,1,2,0,2,4,0,6,0,0,3,1,1,2,3,0,0,2,0,3
78,0,1,1,0,4,1,0,1,4,0,0,0,0,0,0,0,0,0,0,2,0,4,0,1,2,0,0,1,3,3,0,2,7,0,0,1,2,1,2,3,2,1,3,0,3
79,0,1,0,1,3,4,5,2,16,0,0,0,0,0,0,0,0,0,0,0,3,3,5,0,1,0,1,1,2,1,3,6,5,0,0,2,0,1,3,3,3,0,0,3,0
80,0,0,2,3,1,3,1,5,48,0,0,0,0,0,0,0,0,0,1,1,1,0,4,5,5,0,0,0,1,0,2,4,4,0,0,3,2,1,3,2,3,3,1,2,1
81,0,0,1,3,1,5,0,1,49,0,0,0,0,0,0,0,0,0,1,2,1,0,0,1,2,0,0,0,1,0,0,1,7,0,0,0,2,3,0,3,0,1,3,0,0
82,0,0,2,2,2,0,1,6,2,0,0,0,0,0,0,0,0,0,1,1,2,1,3,5,7,0,1,2,0,2,0,1,0,0,0,0,3,2,2,1,3,3,2,0,2
83,0,0,2,2,2,0,6,7,50,0,0,0,0,0,0,0,0,0,1,1,2,1,3,3,6,0,1,2,0,2,4,1,0,0,0,1,0,3,2,1,0,3,2,3,0
84,0,1,1,3,1,5,0,1,14,0,0,0,0,0,0,0,0,0,1,2,1,0,4,1,2,0,0,0,1,3,5,2,7,0,0,3,3,0,3,1,1,3,2,0,0
85,0,0,2,2,0,2,2,0,46,0,0,0,0,0,0,0,0,0,1,1,2,2,1,2,4,0,1,2,0,2,0,0,6,0,0,2,0,0,1,1,0,1,2,0,0
86,0,0,2,3,2,0,1,6,51,0,0,0,0,0,0,0,0,0,1,1,1,1,3,5,7,0,1,2,0,2,0,1,0,0,0,3,2,3,2,3,2,3,2,1,1
87,0,0,2,2,2,0,6,7,52,0,0,0,0,0,0,0,0,0,1,1,2,1,3,3,6,0,1,2,0,2,4,5,2,0,0,3,2,3,3,0,0,3,3,2,0
88,0,1,1,0,4,5,0,1,-1,0,0,0,0,0,0,0,0,0,1,2,0,4,0,1,2,0,0,1,3,3,5,2,7,0,0,2,0,0,1,2,1,0,2,1,3
89,0,0,0,1,0,2,2,0,0,0,0,0,0,0,0,0,0,0,0,0,3,2,1,2,4,0,1,2,2,1,3,0,6,0,0,1,0,3,2,2,3,3,2,3,0
90,0,1,0,0,4,1,4,3,9,0,0,0,0,0,0,0,0,0,0,2,0,4,2,4,0,0,0,1,3,4,1,3,1,0,0,0,2,0,3,2,1,1,1,0,0
91,0,1,0,1,3,4,5,4,45,0,0,0,0,0,0,0,0,0,0,0,3,3,5,0,3,0,1,1,2,1,3,0,1,0,0,2,2,0,1,3,3,3,2,3,2
92,0,1,0,1,4,4,5,4,-1,0,0,0,0,0,0,0,0,0,0,0,3,3,5,0,3,0,0,1,2,4,1,3,1,0,0,1,0,0,3,1,1,2,3,1,0
93,0,1,0,0,4,1,4,4,-1,0,0,0,0,0,0,0,0,0,0,0,0,4,2,4,0,0,0,1,3,4,1,3,1,0,0,3,2,2,0,2,1,1,0,3,2
94,0,1,1,0,4,1,4,3,26,0,0,0,0,0,0,0,0,0,0,2,0,4,2,4,0,0,0,1,3,3,5,2,3,0,0,3,0,2,1,3,3,1,1,3,2
95,0,1,0,1,3,4,5,2,16,0,0,0,0,0,0,0,0,0,0,0,3,3,5,0,1,0,1,1,2,1,3,6,5,0,0,2,1,3,2,0,2,1,2,2,0
96,0,1,0,1,3,4,5,4,53,0,0,0,0,0,0,0,0,0,0,0,3,3,5,0,3,0,0,1,2,4,1,3,1,0,0,3,2,3,3,1,1,1,3,3,3
97,0,1,1,0,4,1,4,3,35,0,0,0,0,0,0,0,0,0,0,2,0,4,2,4,0,0,0,1,3,3,5,2,3,0,0,1,1,0,0,2,1,1,2,0,1
98,0,0,2,2,2,0,6,7,54,0,0,0,0,0,0,0,0,0,1,1,2,1,3,3,6,0,1,2,0,2,4,1,0,0,0,0,2,3,3,1,0,3,1,0,0
99,0,1,0,1,3,4,5,2,16,0,0,0,0,0,0,0,0,0,0,0,3,3,5,0,1,0,1,1,2,1,3,6,5,0,0,3,2,1,3,3,0,3,2,2,3
100,0,0,2,3,1,3,3,5,6,0,0,0,0,0,0,0,0,0,1,1,1,0,4,6,5,0,0,0,1,0,2,4,4,0,0,1,2,1,3,0,1,2,2,2,1
101,0,0,2,2,0,2,2,0,0,0,0,0,0,0,0,0,0,0,1,1,2,2,1,2,4,0,1,2,0,1,3,0,6,0,0,1,3,2,3,1,2,3,2,2,2
102,0,0,2,2,2,0,1,6,2,0,0,0,0,0,0,0,0,0,1,1,2,1,3,5,7,0,1,2,0,2,0,1,0,0,0,3,0,0,0,2,0,2,3,1,2
103,0,0,2,2,2,0,1,6,19,0,0,0,0,0,0,0,0,0,1,1,2,1,3,5,7,0,1,2,0,2,0,1,0,0,0,2,2,1,1,3,1,2,3,2,1
104,0,0,2,2,2,0,6,7,25,0,0,0,0,0,0,0,0,0,1,1,2,1,3,3,6,0,1,2,0,2,4,5,2,0,0,0,1,1,1,0,1,1,0,2,2
105,0,0,2,2,2,0,6,7,10,0,0,0,0,0,0,0,0,0,1,1,2,1,3,3,6,0,1,2,0,2,4,5,2,0,0,0,0,0,0,3,1,3,1,1,2
106,0,1,0,1,3,4,5,4,7,0,0,0,0,0,0,0,0,0,0,0,3,3,5,0,3,0,0,1,2,4,1,3,1,0,0,2,0,1,3,0,3,3,0,2,3
107,0,1,1,0,4,1,4,3,26,0,0,0,0,0,0,0,0,0,0,2,0,4,2,4,0,0,0,1,3,3,5,2,3,0,0,2,1,0,2,0,2,3,0,3,0
108,0,0,2,2,0,2,1,6,29,0,0,0,0,0,0,0,0,0,1,1,2,2,0,5,7,0,1,2,0,2,0,1,0,0,0,3,1,2,1,0,2,2,2,1,0
109,0,1,0,0,4,1,4,3,35,0,0,0,0,0,0,0,0,0,0,0,0,4,2,4,0,0,0,1,3,4,1,3,3,0,0,3,2,2,2,1,1,3,2,2,0
110,0,1,0,1,3,4,5,4,39,0,0,0,0,0,0,0,0,0,0,0,3,3,5,0,3,0,0,1,2,4,1,3,1,0,0,3,1,0,3,2,1,0,1,2,0
111,0,0,2,2,2,0,1,7,19,0,0,0,0,0,0,0,0,0,1,1,2,1,3,5,6,0,1,2,0,2,4,1,0,0,0,3,1,0,0,3,0,0,3,1,2
112,0,1,0,1,3,4,5,2,55,0,0,0,0,0,0,0,0,0,0,0,3,3,5,0,1,0,1,1,2,1,3,6,5,0,0,1,1,2,2,2,2,1,0,3,2
113,0,1,1,0,0,5,0,1,56,0,0,0,0,0,0,0,0,0,1,2,0,2,0,1,2,0,0,1,3,3,0,1,7,0,0,3,1,0,0,2,0,3,3,0,1
114,0,1,1,0,4,1,0,1,57,0,0,0,0,0,0,0,0,0,0,2,0,4,2,1,0,0,0,1,3,3,5,2,7,0,0,3,2,0,2,0,1,1,1,1,1
115,0,1,1,0,4,1,4,3,35,0,0,0,0,0,0,0,0,0,0,2,0,4,2,4,0,0,0,1,3,3,5,2,3,0,0,0,0,0,3,3,1,1,0,0,3
116,0,1,0,1,0,2,2,4,58,0,0,0,0,0,0,0,0,0,0,0,3,2,1,2,3,0,1,1,2,1,0,0,6,0,0,2,2,3,0,3,2,0,0,2,0
117,0,1,0,1,3,4,2,2,59,0,0,0,0,0,0,0,0,0,0,0,3,3,5,0,1,0,1,1,2,1,3,0,6,0,0,2,3,2,0,2,3,3,2,0,0
118,0,0,1,3,1,3,3,5,-1,0,0,0,0,0,0,0,0,0,1,2,1,0,4,6,5,0,0,0,1,0,2,4,4,0,0,2,2,2,3,3,2,2,3,0,2
119,0,1,1,0,4,1,4,3,20,0,0,0,0,0,0,0,0,0,0,2,0,4,2,4,0,0,0,1,3,3,5,2,3,0,0,0,3,0,0,0,3,2,2,2,1
120,0,1,1,0,4,1,4,3,35,0,0,0,0,0,0,0,0,0,0,2,0,4,2,4,0,0,0,1,3,3,5,2,3,0,0,0,0,0,1,0,1,0,0,0,1
121,0,0,2,2,0,2,2,0,-1,0,0,0,0,0,0,0,0,0,0,0,2,2,1,2,4,0,1,2,2,1,0,0,6,0,0,3,1,3,2,0,0,0,2,0,3
122,0,0,2,3,1,3,3,5,60,0,0,0,0,0,0,0,0,0,1,1,1,0,4,6,5,0,0,0,1,0,2,1,4,0,0,3,2,1,1,2,1,1,3,2,1
123,0,1,1,0,4,1,4,3,61,0,0,0,0,0,0,0,0,0,0,2,0,4,2,4,0,0,0,1,3,3,5,2,3,0,0,1,0,1,1,0,0,0,0,3,2
124,0,0,1,3,1,3,3,5,62,0,0,0,0,0,0,0,0,0,1,2,1,0,4,6,5,0,0,0,1,0,2,4,7,0,0,1,2,1,1,2,0,3,1,1,1
125,0,1,1,0,4,1,4,3,63,0,0,0,0,0,0,0,0,0,0,2,0,4,2,4,0,0,0,1,3,3,5,2,3,0,0,1,3,0,0,1,2,3,2,3,0
126,0,0,2,3,1,5,1,6,42,0,0,0,0,0,0,0,0,0,1,1,1,0,0,5,7,0,1,0,1,0,0,1,0,0,0,3,3,0,2,2,2,3,3,3,1
127,0,0,1,3,1,3,3,5,11,0,0,0,0,0,0,0,0,0,1,2,1,0,4,6,5,0,0,0,1,0,2,4,4,0,0,0,0,3,2,3,2,0,3,0,1
128,0,1,0,1,3,4,5,2,16,0,0,0,0,0,0,0,0,0,0,0,3,3,5,0,1,0,1,1,2,1,3,6,5,0,0,0,0,1,3,1,2,0,3,2,1
129,0,0,2,2,2,0,1,6,2,0,0,0,0,0,0,0,0,0,1,1,2,1,3,5,7,0,1,2,0,2,0,1,0,0,0,1,1,0,3,1,0,3,3,0,0
130,0,0,1,3,1,5,1,6,29,0,0,0,0,0,0,0,0,0,1,1,1,0,0,5,7,0,0,0,1,0,0,1,0,0,0,1,3,0,0,2,2,0,2,3,2
131,0,1,0,1,3,4,2,2,64,0,0,0,0,0,0,0,0,0,0,0,3,3,5,2,1,0,1,1,2,1,3,0,6,0,0,2,3,1,3,0,2,2,0,0,3
132,0,0,1,3,1,3,3,5,22,0,0,0,0,0,0,0,0,0,1,2,1,0,4,6,5,0,0,0,1,0,2,4,4,0,0,0,1,1,2,1,3,2,0,1,3
133,0,0,1,3,1,5,0,1,49,0,0,0,0,0,0,0,0,0,1,2,1,0,0,1,2,0,0,0,1,0,0,1,7,0,0,1,3,3,2,2,1,2,3,2,1
134,0,1,1,0,4,1,4,3,20,0,0,0,0,0,0,0,0,0,0,2,0,4,2,4,0,0,0,1,3,3,5,2,3,0,0,2,1,3,0,0,2,3,1,0,0
135,0,0,1,3,1,3,3,5,62,0,0,0,0,0,0,0,0,0,1,2,1,0,4,6,5,0,0,0,1,0,2,4,4,0,0,2,0,0,0,3,0,3,2,3,0
136,0,0,2,2,2,0,1,7,65,0,0,0,0,0,0,0,0,0,1,1,2,1,3,5,6,0,1,2,0,2,4,1,0,0,0,0,0,0,0,1,2,3,3,2,2
137,0,1,0,1,3,4,5,2,59,0,0,0,0,0,0,0,0,0,0,0,3,3,5,0,1,0,1,1,2,1,3,6,5,0,0,3,2,3,3,0,1,1,3,1,0
138,0,1,0,1,3,4,2,2,-1,0,0,0,0,0,0,0,0,0,0,0,3,3,1,2,1,0,1,1,2,1,3,0,6,0,0,1,2,3,3,0,3,2,3,3,2
139,0,0,1,3,1,5,0,1,14,0,0,0,0,0,0,0,0,0,1,2,1,0,4,1,2,0,0,0,1,0,5,2,7,0,0,3,1,0,1,1,2,3,2,0,3
140,0,0,2,2,2,0,1,6,19,0,0,0,0,0,0,0,0,0,1,1,2,1,0,5,7,0,1,2,0,2,0,1,0,0,0,3,3,2,2,0,3,3,0,2,3
141,0,1,0,1,3,4,5,4,24,0,0,0,0,0,0,0,0,0,0,0,3,3,5,0,1,0,0,1,2,4,1,3,1,0,0,1,1,0,0,3,0,1,0,2,3
142,0,0,2,3,1,3,1,6,66,0,0,0,0,0,0,0,0,0,1,1,1,0,0,5,7,0,1,0,0,2,0,1,0,0,0,0,3,0,2,2,0,0,1,1,1
143,0,1,1,0,4,1,4,3,26,0,0,0,0,0,0,0,0,0,0,2,0,4,2,4,0,0,0,1,3,3,5,2,3,0,0,3,2,0,2,3,3,0,3,0,2
144,0,0,2,2,2,0,6,7,10,0,0,0,0,0,0,0,0,0,1,1,2,1,3,3,6,0,1,2,0,2,4,5,2,0,0,0,1,0,1,3,2,3,0,0,1
145,0,1,0,0,4,1,4,4,67,0,0,0,0,0,0,0,0,0,0,0,0,4,2,4,3,0,0,1,3,4,1,3,1,0,0,3,2,0,3,0,2,1,3,1,1
146,0,1,0,1,3,4,5,2,64,0,0,0,0,0,0,0,0,0,0,0,3,3,5,0,1,0,1,1,2,1,3,0,6,0,0,0,3,0,1,1,0,0,3,1,2
147,0,0,2,3,1,5,1,6,29,0,0,0,0,0,0,0,0,0,1,1,1,0,0,5,7,0,0,0,1,0,0,1,0,0,0,2,3,3,0,3,2,2,0,3,0
148,0,1,1,0,4,1,4,3,15,0,0,0,0,0,0,0,0,0,0,2,0,4,2,4,0,0,0,1,3,3,5,2,3,0,0,0,3,3,3,0,1,2,3,3,2
149,0,0,2,2,2,2,6,0,68,0,0,0,0,0,0,0,0,0,1,1,2,1,3,3,4,0,1,2,0,2,4,5,2,0,0,3,3,0,2,0,3,1,0,1,1
150,0,0,1,3,1,5,0,1,33,0,0,0,0,0,0,0,0,0,1,2,1,2,0,1,2,0,0,0,1,0,0,1,7,0,0,3,0,0,3,2,0,2,1,0,0
151,0,0,2,2,2,0,6,7,54,0,0,0,0,0,0,0,0,0,1,1,2,1,3,3,6,0,1,2,0,2,4,5,2,0,0,1,3,2,3,1,0,1,0,2,1
152,0,1,0,1,3,4,5,2,24,0,0,0,0,0,0,0,0,0,0,0,3,3,5,0,1,0,0,1,2,4,1,3,1,0,0,0,2,3,1,0,1,0,3,0,1
153,0,1,0,1,0,2,2,0,44,0,0,0,0,0,0,0,0,0,0,0,3,3,1,2,1,0,1,2,2,1,3,0,6,0,0,1,3,2,0,3,0,3,2,2,0
154,0,0,1,3,1,3,3,5,69,0,0,0,0,0,0,0,0,0,1,2,1,0,4,6,5,0,0,0,1,0,2,4,4,0,0,0,1,1,2,3,1,3,1,3,1
155,0,1,1,0,4,1,4,3,57,0,0,0,0,0,0,0,0,0,0,2,0,4,2,4,0,0,0,1,3,3,5,2,7,0,0,0,0,3,0,2,3,1,1,3,2
156,0,1,0,1,3,4,5,4,24,0,0,0,0,0,0,0,0,0,0,0,3,3,5,0,1,0,0,1,2,4,1,3,1,0,0,2,2,1,3,0,3,2,2,2,0
157,0,1,0,1,3,4,5,2,55,0,0,0,0,0,0,0,0,0,0,0,3,3,5,0,1,0,1,1,2,1,3,6,5,0,0,0,3,2,1,1,1,3,2,1,2
158,0,0,2,3,1,3,3,5,6,0,0,0,0,0,0,0,0,0,1,1,1,0,4,6,5,0,0,0,1,0,2,4,4,0,0,1,3,0,2,2,0,1,2,2,2
159,0,0,0,1,0,2,2,0,43,0,0,0,0,0,0,0,0,0,0,0,3,2,1,2,4,0,1,2,2,1,3,0,6,0,0,2,0,1,3,2,2,0,3,2,1
160,0,1,0,1,0,2,2,6,70,0,0,0,0,0,0,0,0,0,0,0,3,2,1,2,3,0,1,1,2,1,0,0,6,0,0,3,2,2,3,3,0,0,3,0,1
161,0,1,0,1,0,2,2,0,-1,0,0,0,0,0,0,0,0,0,0,0,3,2,1,2,4,0,1,2,2,1,0,0,6,0,0,0,0,3,2,0,3,1,0,1,0
162,0,1,0,1,3,4,5,4,45,0,0,0,0,0,0,0,0,0,0,0,3,3,5,0,3,0,1,1,2,1,3,0,6,0,0,1,2,2,3,3,0,1,2,0,0
163,0,0,2,2,2,0,6,7,71,0,0,0,0,0,0,0,0,0,1,1,2,1,3,3,6,0,1,2,0,2,4,5,2,0,0,3,1,3,0,0,1,1,1,1,0
164,0,1,0,1,3,4,5,4,72,0,0,0,0,0,0,0,0,0,0,0,3,3,5,0,3,0,0,1,3,4,1,3,1,0,0,1,0,3,3,3,3,2,1,0,3
165,0,1,1,0,4,1,0,1,73,0,0,0,0,0,0,0,0,0,0,2,0,4,2,1,2,0,0,1,3,3,5,2,7,0,0,0,0,0,0,1,0,0,2,1,1
166,0,1,0,1,3,4,5,4,7,0,0,0,0,0,0,0,0,0,0,0,3,3,5,0,3,0,0,1,2,4,1,3,1,0,0,2,3,2,0,0,0,0,0,2,1
167,0,0,2,2,2,0,6,7,74,0,0,0,0,0,0,0,0,0,1,1,2,1,3,3,6,0,1,2,0,2,4,5,2,0,0,0,3,1,0,2,2,2,0,1,0
168,0,0,1,3,1,3,3,5,75,0,0,0,0,0,0,0,0,0,1,2,1,0,4,6,5,0,0,0,1,0,2,4,4,0,0,0,2,2,3,3,0,2,1,2,0
169,0,0,1,3,1,3,3,5,22,0,0,0,0,0,0,0,0,0,1,2,1,0,4,6,5,0,0,0,1,0,2,4,7,0,0,0,2,0,2,0,1,2,1,3,0
170,0,0,2,2,0,2,2,0,76,0,0,0,0,0,0,0,0,0,1,1,2,2,1,2,4,0,1,2,0,1,0,0,6,0,0,0,1,3,1,1,0,0,3,2,2
171,0,0,2,2,0,2,2,0,29,0,0,0,0,0,0,0,0,0,1,1,2,2,1,2,4,0,1,2,0,2,0,1,6,0,0,1,3,3,2,0,0,2,1,1,2
172,0,0,2,2,2,0,6,7,38,0,0,0,0,0,0,0,0,0,1,1,2,1,3,3,6,0,1,2,0,2,4,5,2,0,0,2,1,1,2,0,3,0,1,3,2
173,0,0,2,2,2,0,6,7,77,0,0,0,0,0,0,0,0,0,1,1,2,1,3,3,6,0,1,2,0,2,4,1,0,0,0,0,1,1,0,2,1,2,0,2,0
174,0,0,2,2,2,0,6,7,74,0,0,0,0,0,0,0,0,0,1,1,2,1,3,3,6,0,1,2,0,2,4,5,2,0,0,1,2,3,0,3,2,3,0,1,2
175,0,1,0,1,3,4,5,2,78,0,0,0,0,0,0,0,0,0,0,0,3,3,5,0,1,0,1,1,2,1,3,6,5,0,0,0,1,0,1,3,1,2,0,2,3
176,0,0,1,3,1,3,3,5,34,0,0,0,0,0,0,0,0,0,1,2,1,0,4,6,5,0,0,0,1,0,2,4,4,0,0,2,3,0,3,0,0,2,0,1,2
177,0,0,2,2,2,0,6,7,10,0,0,0,0,0,0,0,0,0,1,1,2,1,3,3,6,0,1,2,0,2,4,5,2,0,0,3,3,0,0,2,0,0,0,0,3
178,0,0,2,2,2,0,6,7,38,0,0,0,0,0,0,0,0,0,1,1,2,1,3,3,6,0,1,2,0,2,4,5,2,0,0,1,2,0,3,2,2,1,2,0,3
179,0,1,0,1,3,4,5,4,45,0,0,0,0,0,0,0,0,0,0,0,3,3,5,0,3,0,1,1,2,1,3,3,1,0,0,2,0,0,2,1,2,1,3,2,3
180,0,0,2,2,2,0,1,7,65,0,0,0,0,0,0,0,0,0,1,1,2,1,3,5,6,0,1,2,0,2,4,1,0,0,0,0,3,3,1,3,3,2,0,0,2
181,0,1,0,1,3,4,5,4,79,0,0,0,0,0,0,0,0,0,0,0,3,3,5,0,3,0,0,1,2,4,1,3,1,0,0,0,1,1,3,2,2,2,1,1,2
182,0,0,2,2,2,0,6,7,80,0,0,0,0,0,0,0,0,0,1,1,2,1,3,3,6,0,1,2,0,2,4,5,2,0,0,3,0,3,2,2,0,1,0,3,2
183,0,1,1,3,1,5,0,1,14,0,0,0,0,0,0,0,0,0,1,2,1,0,4,1,2,0,0,0,1,3,5,2,7,0,0,2,0,0,3,2,3,1,0,2,1
184,0,1,0,1,3,4,5,2,-1,0,0,0,0,0,0,0,0,0,0,0,3,3,5,0,1,0,1,1,2,1,3,6,5,0,0,2,2,0,2,2,3,3,3,0,2
185,0,0,1,3,1,3,3,5,34,0,0,0,0,0,0,0,0,0,1,2,1,0,4,6,5,0,0,0,1,0,2,4,4,0,0,2,3,0,0,1,1,1,1,1,3
186,0,0,2,2,2,0,6,7,38,0,0,0,0,0,0,0,0,0,1,1,2,1,3,3,6,0,1,2,0,2,4,5,2,0,0,0,1,0,0,3,3,2,2,1,0
187,0,0,2,2,2,0,6,7,52,0,0,0,0,0,0,0,0,0,1,1,2,1,3,3,6,0,1,2,0,2,4,5,2,0,0,1,3,2,3,0,2,0,1,3,1
188,0,1,1,0,1,5,0,1,4,0,0,0,0,0,0,0,0,0,1,2,0,0,0,1,2,0,0,0,3,3,0,2,7,0,0,2,2,0,3,0,1,1,1,2,1
189,0,0,2,2,2,0,1,6,19,0,0,0,0,0,0,0,0,0,1,1,2,1,3,5,7,0,1,2,0,2,4,1,0,0,0,2,2,3,2,0,0,0,0,3,1
190,0,1,0,1,3,4,5,4,7,0,0,0,0,0,0,0,0,0,0,0,3,3,5,0,3,0,0,1,2,4,1,3,1,0,0,2,2,0,3,3,1,0,2,2,3
191,0,0,2,2,0,2,1,6,29,0,0,0,0,0,0,0,0,0,1,1,2,2,1,5,7,0,1,2,0,2,0,1,6,0,0,2,3,1,1,1,1,2,2,2,1
192,0,1,1,0,4,1,4,3,63,0,0,0,0,0,0,0,0,0,0,2,0,4,2,4,0,0,0,1,3,3,5,2,3,0,0,3,0,2,2,3,3,3,1,0,3
193,0,0,2,2,2,0,6,7,0,0,0,0,0,0,0,0,0,0,1,1,2,1,3,3,6,0,1,2,0,2,4,5,2,0,0,3,3,2,2,0,2,1,2,3,2
194,0,1,0,1,3,4,5,2,81,0,0,0,0,0,0,0,0,0,0,0,3,3,5,0,1,0,1,1,2,1,3,6,1,0,0,0,0,0,3,0,2,1,2,1,1
195,0,1,0,1,3,5,5,4,18,0,0,0,0,0,0,0,0,0,0,0,3,2,0,1,3,0,0,1,2,4,1,3,1,0,0,2,1,1,1,3,3,3,0,0,3
196,0,0,1,3,1,5,1,6,82,0,0,0,0,0,0,0,0,0,1,1,1,0,0,5,7,0,0,0,1,0,0,1,0,0,0,3,3,0,3,0,3,1,3,2,1
197,0,0,2,2,2,0,6,7,28,0,0,0,0,0,0,0,0,0,1,1,2,1,3,3,6,0,1,2,0,2,4,5,2,0,0,1,2,3,2,2,3,0,2,0,1
198,0,0,2,2,2,0,6,7,28,0,0,0,0,0,0,0,0,0,1,1,2,1,3,3,6,0,1,2,0,2,4,5,2,0,0,1,2,3,2,2,3,3,3,3,3
199,0,0,1,3,1,5,0,1,14,0,0,0,0,0,0,0,0,0,1,2,1,0,0,1,2,0,0,0,1,3,0,2,7,0,0,2,1,1,3,0,3,0,3,0,3
200,0,1,0,1,0,5,0,4,-1,0,0,0,0,0,0,0,0,0,0,0,3,2,0,1,3,0,0,1,2,4,0,3,1,0,0,0,2,2,2,0,1,1,3,1,0
201,0,1,1,0,4,5,0,1,4,0,0,0,0,0,0,0,0,0,0,2,0,4,0,1,2,0,0,1,3,3,0,2,7,0,0,2,1,1,3,0,3,3,2,2,0
202,0,1,0,0,4,1,4,4,83,0,0,0,0,0,0,0,0,0,0,0,0,4,2,4,3,0,0,1,3,4,1,3,1,0,0,0,3,1,1,3,0,2,1,0,1
203,0,0,2,2,0,2,1,6,29,0,0,0,0,0,0,0,0,0,1,1,2,2,1,5,7,0,1,2,0,2,0,1,0,0,0,2,3,0,0,2,3,0,2,2,1
204,0,1,1,0,4,1,4,3,26,0,0,0,0,0,0,0,0,0,0,2,0,4,2,4,0,0,0,1,3,3,5,2,3,0,0,1,1,1,0,1,3,1,0,3,0
205,0,0,1,3,0,5,1,6,1,0,0,0,0,0,0,0,0,0,1,1,1,2,0,5,7,0,0,0,1,0,0,1,0,0,0,1,0,2,3,3,3,1,0,0,1
206,0,1,1,0,4,5,0,1,4,0,0,0,0,0,0,0,0,0,1,2,0,4,0,1,2,0,0,1,3,3,0,2,7,0,0,1,3,0,3,2,2,1,3,1,3
207,0,0,1,3,1,3,3,5,11,0,0,0,0,0,0,0,0,0,1,2,1,0,4,6,5,0,0,0,1,0,2,4,4,0,0,2,1,3,0,3,1,2,2,2,3
208,0,0,2,3,1,3,1,6,84,0,0,0,0,0,0,0,0,0,1,1,1,0,0,5,7,0,1,0,1,0,0,1,0,0,0,1,0,0,1,3,1,3,3,0,2
209,0,1,1,0,4,5,0,1,4,0,0,0,0,0,0,0,0,0,1,2,0,4,0,1,2,0,0,1,3,3,0,2,7,0,0,1,3,0,0,0,3,0,0,1,3
210,0,1,0,1,3,4,5,4,72,0,0,0,0,0,0,0,0,0,0,0,3,3,5,0,3,0,0,1,2,4,1,3,1,0,0,0,2,1,1,0,0,0,1,3,0
211,0,0,1,3,1,5,3,5,85,0,0,0,0,0,0,0,0,0,1,2,1,0,0,6,7,0,0,0,1,0,0,1,7,0,0,2,0,2,1,2,0,3,1,3,1
212,0,1,0,1,3,4,5,4,79,0,0,0,0,0,0,0,0,0,0,0,3,3,5,0,1,0,0,1,2,4,1,3,1,0,0,0,3,0,3,2,3,3,2,1,0
213,0,0,2,2,0,2,2,0,0,0,0,0,0,0,0,0,0,0,1,1,2,2,1,2,4,0,1,2,0,1,3,0,6,0,0,3,3,0,1,1,0,3,3,1,0
214,0,1,0,1,3,4,5,2,86,0,0,0,0,0,0,0,0,0,0,0,3,3,5,0,1,0,1,1,2,1,3,6,5,0,0,1,1,2,1,3,3,1,3,1,3
215,0,0,2,2,2,0,6,7,38,0,0,0,0,0,0,0,0,0,1,1,2,1,3,3,6,0,1,2,0,2,4,5,2,0,0,0,3,0,2,1,1,0,0,0,1
216,0,1,1,3,1,5,0,1,14,0,0,0,0,0,0,0,0,0,1,2,1,0,4,1,2,0,0,0,1,3,5,2,7,0,0,1,1,0,0,1,3,0,0,2,2
217,0,0,2,2,2,0,1,6,19,0,0,0,0,0,0,0,0,0,1,1,2,1,3,5,7,0,1,2,0,2,4,1,0,0,0,1,3,2,2,3,0,1,0,1,3
218,0,0,1,3,1,3,0,1,87,0,0,0,0,0,0,0,0,0,1,2,1,0,4,6,2,0,0,0,1,0,2,4,7,0,0,3,3,0,1,3,3,0,2,3,1
219,0,0,2,2,0,2,2,0,46,0,0,0,0,0,0,0,0,0,1,1,2,2,1,2,4,0,1,2,0,2,0,0,6,0,0,0,3,2,1,1,1,3,0,1,1
220,0,0,2,2,2,0,6,7,88,0,0,0,0,0,0,0,0,0,1,1,2,1,3,3,6,0,1,2,0,2,4,1,0,0,0,1,0,1,0,3,3,1,3,0,2
221,0,0,1,3,1,5,0,1,33,0,0,0,0,0,0,0,0,0,1,2,1,0,0,1,2,0,0,0,1,0,0,1,7,0,0,3,1,0,1,2,1,2,0,2,1
222,0,0,2,2,0,2,1,6,29,0,0,0,0,0,0,0,0,0,1,1,2,2,1,5,7,0,1,2,0,2,0,1,6,0,0,1,0,0,2,2,2,1,2,2,1
223,0,0,2,2,0,5,1,6,29,0,0,0,0,0,0,0,0,0,1,1,2,2,0,5,7,0,1,2,0,2,0,1,0,0,0,1,3,1,3,3,0,2,1,1,2
224,0,0,2,2,2,0,1,7,40,0,0,0,0,0,0,0,0,0,1,1,2,1,3,3,6,0,1,2,0,2,4,1,0,0,0,2,2,2,0,2,3,3,0,3,1
225,0,0,1,3,1,3,3,5,11,0,0,0,0,0,0,0,0,0,1,2,1,0,4,6,5,0,0,0,1,0,2,4,4,0,0,1,1,3,3,0,2,3,1,3,1
226,0,1,0,1,3,2,2,2,89,0,0,0,0,0,0,0,0,0,0,0,3,3,1,2,1,0,1,1,2,1,3,0,6,0,0,0,1,0,2,0,0,3,3,0,1
227,0,1,0,0,4,4,5,4,67,0,0,0,0,0,0,0,0,0,0,0,3,3,5,0,3,0,0,1,3,4,1,3,1,0,0,0,1,3,0,1,1,2,0,2,0
228,0,0,2,3,1,5,1,6,29,0,0,0,0,0,0,0,0,0,1,1,1,0,0,5,7,0,1,0,1,0,0,1,0,0,0,3,3,0,1,1,1,3,0,3,3
229,0,1,1,0,4,5,0,1,4,0,0,0,0,0,0,0,0,0,1,2,0,4,0,1,2,0,0,1,3,3,0,2,7,0,0,2,2,3,0,1,1,0,2,2,2
230,0,1,1,0,4,1,4,3,17,0,0,0,0,0,0,0,0,0,0,2,0,4,2,4,0,0,0,1,3,3,5,2,3,0,0,1,0,0,0,1,0,0,3,3,0
231,0,1,0,1,3,4,5,2,24,0,0,0,0,0,0,0,0,0,0,0,3,3,5,0,1,0,1,1,2,4,1,6,5,0,0,0,2,1,3,0,0,1,2,1,3
232,0,1,0,0,4,1,4,3,9,0,0,0,0,0,0,0,0,0,0,2,0,4,2,4,0,0,0,1,3,4,1,3,3,0,0,3,0,0,0,0,2,3,1,1,3
233,0,1,0,1,3,4,5,2,8,0,0,0,0,0,0,0,0,0,0,0,3,3,5,0,1,0,1,1,2,1,3,6,5,0,0,3,0,1,0,3,2,1,2,2,3
234,0,0,2,2,2,0,1,6,19,0,0,0,0,0,0,0,0,0,1,1,2,1,3,5,7,0,1,2,0,2,0,1,0,0,0,0,2,3,3,3,3,0,1,2,1
235,0,1,1,0,4,1,4,3,15,0,0,0,0,0,0,0,0,0,0,2,0,4,2,4,0,0,0,1,3,3,5,2,3,0,0,3,3,2,0,1,2,1,2,2,3
236,0,1,1,0,4,1,4,3,26,0,0,0,0,0,0,0,0,0,0,2,0,4,2,4,0,0,0,1,3,3,5,2,3,0,0,1,3,3,0,0,1,3,3,2,2
237,0,1,1,0,4,1,0,1,57,0,0,0,0,0,0,0,0,0,0,2,0,4,2,4,0,0,0,1,3,3,5,2,7,0,0,2,1,0,2,3,2,3,2,3,0
238,0,0,1,3,1,3,3,5,90,0,0,0,0,0,0,0,0,0,1,2,1,0,4,6,5,0,0,0,1,0,2,4,4,0,0,3,1,3,3,1,0,1,1,2,3
239,0,0,2,2,0,5,1,6,29,0,0,0,0,0,0,0,0,0,1,1,2,2,0,5,7,0,1,0,1,0,0,1,0,0,0,1,0,2,3,3,0,1,2,3,1
240,0,0,2,3,1,3,3,5,6,0,0,0,0,0,0,0,0,0,1,1,1,0,4,6,5,0,0,0,1,0,2,4,4,0,0,1,1,1,2,0,1,0,2,3,0
241,0,1,0,1,3,4,5,4,39,0,0,0,0,0,0,0,0,0,0,0,3,3,5,0,3,0,0,1,2,4,1,3,1,0,0,0,1,0,3,2,0,0,0,1,0
242,0,1,0,1,3,4,5,2,-1,0,0,0,0,0,0,0,0,0,0,0,3,3,5,0,1,0,1,1,2,1,3,6,5,0,0,1,1,1,2,1,3,3,2,1,0
243,0,0,2,2,2,0,6,7,74,0,0,0,0,0,0,0,0,0,1,1,2,1,3,3,6,0,1,2,0,2,4,5,2,0,0,0,0,3,3,3,2,2,1,1,2
244,0,0,2,2,0,0,1,6,91,0,0,0,0,0,0,0,0,0,1,1,2,2,1,5,7,0,1,2,0,2,0,1,0,0,0,1,2,3,3,1,0,1,2,2,2
245,0,0,1,3,1,3,3,5,62,0,0,0,0,0,0,0,0,0,1,2,1,0,4,6,5,0,0,0,1,0,2,4,4,0,0,0,3,1,3,0,1,1,0,0,2
246,0,1,0,1,0,2,2,0,43,0,0,0,0,0,0,0,0,0,0,0,3,2,1,2,4,0,1,2,2,1,3,0,6,0,0,1,0,3,1,0,0,2,2,0,0
247,0,1,0,0,4,1,4,3,35,0,0,0,0,0,0,0,0,0,0,2,0,4,2,4,0,0,0,1,3,4,1,3,3,0,0,3,3,0,1,2,1,0,0,1,0
248,0,1,0,1,3,2,2,2,64,0,0,0,0,0,0,0,0,0,0,0,3,3,1,2,1,0,1,1,2,1,3,0,6,0,0,1,3,3,1,2,2,2,2,1,2
249,0,0,2,2,2,0,1,6,-1,0,0,0,0,0,0,0,0,0,1,1,1,1,0,5,7,0,1,2,0,2,0,1,0,0,0,1,3,2,0,2,1,3,3,2,2
250,0,1,0,1,3,4,5,2,16,0,0,0,0,0,0,0,0,0,0,0,3,3,5,0,1,0,1,1,2,1,3,6,5,0,0,3,2,3,0,1,0,0,1,3,1
251,0,0,2,2,2,0,1,7,31,0,0,0,0,0,0,0,0,0,1,1,2,1,3,3,6,0,1,2,0,2,4,1,0,0,0,1,0,1,3,1,0,3,1,3,2
252,0,1,0,1,0,2,2,0,92,0,0,0,0,0,0,0,0,0,0,0,3,3,1,2,4,0,1,2,2,1,3,0,6,0,0,0,0,1,0,2,1,2,1,3,1
253,0,1,0,1,3,4,5,4,18,0,0,0,0,0,0,0,0,0,0,0,3,2,5,0,3,0,0,1,2,4,1,3,1,0,0,2,2,1,0,3,1,2,3,3,2
254,0,0,1,3,1,3,3,5,11,0,0,0,0,0,0,0,0,0,1,2,1,0,4,6,5,0,0,0,1,0,2,4,4,0,0,1,3,0,2,1,1,1,3,1,1
255,0,1,1,0,4,1,4,3,26,0,0,0,0,0,0,0,0,0,0,2,0,4,2,4,0,0,0,1,3,3,5,2,3,0,0,3,0,0,0,1,0,1,0,3,2
256,0,0,2,2,2,0,1,7,31,0,0,0,0,0,0,0,0,0,1,1,2,1,3,3,6,0,1,2,0,2,4,1,0,0,0,0,0,0,2,2,1,1,0,3,3
257,0,1,0,1,3,2,2,2,64,0,0,0,0,0,0,0,0,0,0,0,3,3,1,2,1,0,1,1,2,1,3,0,6,0,0,0,0,3,2,0,0,1,2,2,2
258,0,0,2,2,0,2,2,0,43,0,0,0,0,0,0,0,0,0,0,0,2,2,1,2,4,0,1,2,2,1,3,0,6,0,0,2,2,0,2,1,1,3,0,0,1
259,0,1,0,0,4,1,4,4,23,0,0,0,0,0,0,0,0,0,0,0,0,4,2,4,3,0,0,1,3,4,1,3,1,0,0,1,1,3,1,0,2,1,0,1,3
260,0,0,2,2,2,0,6,7,25,0,0,0,0,0,0,0,0,0,1,1,2,1,3,3,6,0,1,2,0,2,4,5,2,0,0,3,1,2,1,1,1,3,1,1,0
261,0,1,0,1,3,4,5,2,93,0,0,0,0,0,0,0,0,0,0,0,3,3,5,0,1,0,1,1,2,1,3,6,5,0,0,0,3,0,0,2,1,2,1,1,1
262,0,1,1,0,4,1,0,1,57,0,0,0,0,0,0,0,0,0,0,2,0,4,2,1,2,0,0,1,3,3,5,2,7,0,0,2,3,1,1,2,1,0,2,3,1
263,0,1,1,0,4,1,0,1,94,0,0,0,0,0,0,0,0,0,0,2,0,4,2,1,2,0,0,1,3,3,5,2,7,0,0,2,3,2,3,3,3,0,0,2,3
264,0,1,0,1,0,2,2,0,43,0,0,0,0,0,0,0,0,0,0,0,3,2,1,2,4,0,1,2,2,1,3,0,6,0,0,2,3,3,1,2,2,1,3,2,0
265,0,1,0,1,3,4,5,4,7,0,0,0,0,0,0,0,0,0,0,0,3,3,5,0,3,0,0,1,2,4,1,3,1,0,0,0,3,0,2,0,0,1,2,1,0
266,0,0,1,3,1,3,3,5,11,0,0,0,0,0,0,0,0,0,1,2,1,0,4,6,5,0,0,0,1,0,2,4,4,0,0,1,2,0,3,2,2,2,3,1,2
267,0,1,0,1,3,4,5,4,7,0,0,0,0,0,0,0,0,0,0,0,3,3,5,0,3,0,0,1,2,4,1,3,1,0,0,3,2,0,3,1,0,1,0,0,2
268,0,1,1,0,4,5,0,1,49,0,0,0,0,0,0,0,0,0,1,2,0,4,0,1,2,0,0,0,3,3,5,2,7,0,0,3,1,3,3,2,0,1,1,1,2
269,0,0,2,2,0,2,1,6,29,0,0,0,0,0,0,0,0,0,1,1,2,2,0,5,7,0,1,2,0,2,0,1,0,0,0,3,1,2,3,3,2,3,1,1,0
270,0,1,0,1,0,2,2,0,37,0,0,0,0,0,0,0,0,0,0,0,3,2,1,2,3,0,1,1,2,1,0,0,6,0,0,1,2,2,2,1,2,3,1,2,2
271,0,1,0,1,3,4,5,4,7,0,0,0,0,0,0,0,0,0,0,0,3,3,5,0,3,0,0,1,2,4,1,3,1,0,0,1,1,3,1,0,3,2,2,2,0
272,0,0,2,2,2,0,1,6,95,0,0,0,0,0,0,0,0,0,1,1,2,1,3,5,7,0,1,2,0,2,0,1,0,0,0,1,1,3,0,3,2,0,0,1,3
273,0,0,2,2,2,0,1,7,19,0,0,0,0,0,0,0,0,0,1,1,2,1,3,5,6,0,1,2,0,2,4,1,0,0,0,2,0,1,0,2,0,1,1,3,2
274,0,1,0,0,4,1,4,3,35,0,0,0,0,0,0,0,0,0,0,2,0,4,2,4,0,0,0,1,3,4,1,3,3,0,0,0,0,0,0,2,1,2,0,1,2
275,0,0,1,3,1,5,0,1,-1,0,0,0,0,0,0,0,0,0,1,2,1,0,0,1,2,0,0,0,1,0,0,1,7,0,0,3,2,1,2,1,3,2,0,2,2
276,0,1,1,0,4,1,0,1,-1,0,0,0,0,0,0,0,0,0,0,2,0,4,2,1,2,0,0,0,3,3,5,2,7,0,0,0,1,0,1,1,2,2,0,0,1
277,0,1,0,1,3,4,5,2,78,0,0,0,0,0,0,0,0,0,0,0,3,3,5,0,1,0,1,1,2,1,3,6,5,0,0,2,0,1,2,1,0,0,1,2,0
278,0,1,0,1,0,2,2,0,43,0,0,0,0,0,0,0,0,0,0,0,3,2,1,2,4,0,1,2,2,1,3,0,6,0,0,0,1,2,3,2,2,2,0,1,1
279,0,0,2,2,2,0,6,7,0,0,0,0,0,0,0,0,0,0,1,1,2,1,3,3,6,0,1,2,0,2,4,5,2,0,0,1,0,3,3,1,2,3,0,0,2
280,0,1,0,1,3,4,5,4,79,0,0,0,0,0,0,0,0,0,0,0,3,3,5,0,3,0,0,1,2,4,1,3,1,0,0,0,1,1,1,1,1,0,1,0,2
281,0,1,1,0,0,5,0,1,4,0,0,0,0,0,0,0,0,0,0,2,0,2,0,1,2,0,0,1,3,3,0,1,7,0,0,3,0,0,1,1,2,0,2,1,0
282,0,1,0,1,0,2,2,4,37,0,0,0,0,0,0,0,0,0,0,0,3,2,1,2,3,0,1,1,2,1,0,0,6,0,0,2,0,1,2,2,0,3,0,2,0
283,0,1,0,1,0,2,2,0,-1,0,0,0,0,0,0,0,0,0,0,0,3,2,1,2,4,0,1,2,2,1,0,0,6,0,0,3,2,3,2,1,3,1,2,0,1
284,0,0,2,2,0,2,6,0,47,0,0,0,0,0,0,0,0,0,1,1,2,2,1,2,4,0,1,2,0,2,4,0,6,0,0,0,2,0,1,0,2,0,1,1,3
285,0,1,1,0,4,5,0,1,4,0,0,0,0,0,0,0,0,0,0,2,0,4,0,1,2,0,0,1,3,3,0,2,7,0,0,2,3,1,2,0,2,1,0,0,3
286,0,0,2,3,1,0,1,6,66,0,0,0,0,0,0,0,0,0,1,1,1,0,0,5,7,0,1,2,0,2,0,1,0,0,0,2,3,1,1,0,2,0,1,3,1
287,0,0,1,3,1,5,0,1,33,0,0,0,0,0,0,0,0,0,1,2,1,0,0,1,2,0,0,0,1,0,0,1,7,0,0,0,1,0,3,1,1,2,3,0,2
288,0,1,1,0,4,1,0,1,94,0,0,0,0,0,0,0,0,0,0,2,0,4,2,1,2,0,0,1,3,3,5,2,7,0,0,1,1,0,1,2,0,3,1,2,3
289,0,0,2,2,2,0,1,6,91,0,0,0,0,0,0,0,0,0,1,1,2,2,3,5,7,0,1,2,0,2,0,1,0,0,0,3,1,2,2,0,3,2,1,2,3
290,0,0,2,2,2,0,1,7,65,0,0,0,0,0,0,0,0,0,1,1,2,1,3,5,6,0,1,2,0,2,4,1,0,0,0,0,0,1,0,3,0,2,1,1,1
291,0,0,2,2,0,2,2,0,46,0,0,0,0,0,0,0,0,0,1,1,2,2,1,2,4,0,1,2,0,2,0,0,6,0,0,0,3,3,2,1,3,0,2,2,3
292,0,0,2,2,2,0,6,7,38,0,0,0,0,0,0,0,0,0,1,1,2,1,3,3,6,0,1,2,0,2,4,5,2,0,0,0,1,1,0,1,2,3,0,1,0
293,0,0,2,2,2,0,1,6,19,0,0,0,0,0,0,0,0,0,1,1,2,1,3,5,7,0,1,2,0,2,0,1,0,0,0,1,2,2,1,2,2,1,1,2,3
294,0,0,2,2,2,0,1,6,19,0,0,0,0,0,0,0,0,0,1,1,2,1,3,5,7,0,1,2,0,2,0,1,0,0,0,2,2,1,1,1,2,3,2,3,3
295,0,1,1,3,1,5,0,1,49,0,0,0,0,0,0,0,0,0,1,2,1,0,0,1,2,0,0,0,1,3,0,2,7,0,0,3,1,2,3,3,0,0,3,3,3
296,0,1,1,0,4,5,0,1,32,0,0,0,0,0,0,0,0,0,0,2,0,4,0,1,2,0,0,1,3,3,5,2,7,0,0,1,2,2,0,0,1,2,2,0,2
297,0,0,2,2,0,2,2,0,43,0,0,0,0,0,0,0,0,0,0,0,2,2,1,2,4,0,1,2,2,1,3,0,6,0,0,0,0,2,0,3,1,3,3,2,0
298,0,1,0,1,3,4,5,4,7,0,0,0,0,0,0,0,0,0,0,0,3,3,5,0,3,0,0,1,2,4,1,3,1,0,0,0,1,1,2,3,1,0,3,3,1
299,0,0,2,2,0,2,2,0,29,0,0,0,0,0,0,0,0,0,1,1,2,2,1,2,4,0,1,2,0,2,0,0,6,0,0,3,3,2,2,0,2,0,2,3,2
300,0,1,0,1,3,4,5,2,96,0,0,0,0,0,0,0,0,0,0,0,3,3,5,0,1,0,1,1,2,1,3,6,5,0,0,0,1,3,2,3,0,0,0,3,0
301,0,1,1,0,4,5,0,1,4,0,0,0,0,0,0,0,0,0,1,2,0,4,0,1,2,0,0,1,3,3,0,2,7,0,0,1,2,2,1,3,3,0,3,1,0
302,0,1,1,0,4,1,4,3,17,0,0,0,0,0,0,0,0,0,0,2,0,4,2,4,0,0,0,1,3,3,5,2,7,0,0,2,3,2,3,3,3,1,3,1,0
303,0,1,0,0,4,1,4,3,35,0,0,0,0,0,0,0,0,0,0,2,0,4,2,4,0,0,0,1,3,4,1,3,3,0,0,0,0,0,3,3,2,2,3,0,2
304,0,0,2,2,0,5,1,6,29,0,0,0,0,0,0,0,0,0,1,1,2,2,0,5,7,0,1,2,0,2,0,1,0,0,0,0,1,3,3,3,0,0,3,0,1
305,0,1,1,0,4,1,4,3,97,0,0,0,0,0,0,0,0,0,0,2,0,4,2,4,0,0,0,1,3,3,5,2,3,0,0,3,2,2,0,3,2,2,0,1,1
306,0,0,1,3,1,5,0,1,98,0,0,0,0,0,0,0,0,0,1,2,1,0,0,1,2,0,0,0,1,0,0,1,7,0,0,2,1,3,0,2,3,0,2,3,0
307,0,0,2,3,1,3,1,6,-1,0,0,0,0,0,0,0,0,0,1,1,1,0,4,5,7,0,0,0,1,0,2,4,4,0,0,3,3,1,0,2,0,3,2,0,2
308,0,0,2,2,2,0,6,7,28,0,0,0,0,0,0,0,0,0,1,1,2,1,3,3,6,0,1,2,0,2,4,5,2,0,0,2,1,1,1,1,2,3,0,0,2
309,0,0,2,2,0,2,2,0,43,0,0,0,0,0,0,0,0,0,0,0,2,2,1,2,4,0,1,2,2,1,3,0,6,0,0,3,0,1,3,2,3,1,0,3,1
310,0,1,0,1,0,2,2,0,5,0,0,0,0,0,0,0,0,0,0,0,3,2,1,2,4,0,1,2,2,1,3,0,6,0,0,3,0,3,3,2,3,1,3,3,0
311,0,0,2,2,2,0,6,7,25,0,0,0,0,0,0,0,0,0,1,1,2,1,3,3,6,0,1,2,0,2,4,5,2,0,0,3,2,0,0,3,1,0,0,3,0
312,0,1,0,1,3,2,2,2,64,0,0,0,0,0,0,0,0,0,0,0,3,3,1,2,1,0,1,1,2,1,3,0,6,0,0,2,0,0,1,3,2,1,2,2,3
313,0,1,1,0,4,5,0,1,4,0,0,0,0,0,0,0,0,0,0,2,0,4,0,1,2,0,0,1,3,3,0,2,7,0,0,3,2,1,2,0,0,3,3,0,0
314,0,0,2,2,2,0,6,0,0,0,0,0,0,0,0,0,0,0,1,1,2,1,3,3,4,0,1,2,0,2,4,5,2,0,0,2,2,2,2,3,3,2,1,1,2
315,0,0,2,2,0,2,6,0,47,0,0,0,0,0,0,0,0,0,1,1,2,2,1,2,4,0,1,2,0,2,4,0,6,0,0,3,0,1,1,0,2,0,3,2,2
316,0,1,0,1,3,4,5,4,7,0,0,0,0,0,0,0,0,0,0,0,3,3,5,0,3,0,0,1,2,4,1,3,1,0,0,3,1,3,0,3,3,0,0,0,0
317,0,1,0,0,4,1,4,3,9,0,0,0,0,0,0,0,0,0,0,2,0,4,2,4,0,0,0,1,3,4,1,3,3,0,0,1,2,0,1,1,0,0,1,1,1
318,0,0,2,2,2,0,6,7,-1,0,0,0,0,0,0,0,0,0,1,1,2,1,3,3,6,0,1,2,0,2,4,5,2,0,0,3,3,2,1,1,3,1,0,2,0
319,0,1,1,0,4,1,4,3,20,0,0,0,0,0,0,0,0,0,0,2,0,4,2,4,0,0,0,1,3,3,5,2,3,0,0,2,1,3,1,2,1,0,2,0,0
320,0,1,0,1,3,4,5,2,55,0,0,0,0,0,0,0,0,0,0,0,3,3,5,0,1,0,1,1,2,1,3,6,5,0,0,0,1,2,0,3,2,3,2,1,3
321,0,1,0,1,0,5,5,4,18,0,0,0,0,0,0,0,0,0,0,0,3,2,0,1,3,0,0,1,2,4,1,3,1,0,0,3,1,1,3,3,3,1,2,2,3
322,0,1,0,1,0,2,2,4,37,0,0,0,0,0,0,0,0,0,0,0,3,2,1,2,3,0,1,1,2,1,0,0,6,0,0,2,1,0,1,1,2,1,0,1,2
323,0,1,1,0,4,1,4,3,20,0,0,0,0,0,0,0,0,0,0,2,0,4,2,4,0,0,0,1,3,3,5,2,3,0,0,0,1,0,3,2,1,1,2,2,1
324,0,1,0,1,3,4,5,2,8,0,0,0,0,0,0,0,0,0,0,0,3,3,5,0,1,0,1,1,2,1,3,6,5,0,0,0,0,2,2,3,1,2,1,0,3
325,0,0,1,3,1,3,3,5,22,0,0,0,0,0,0,0,0,0,1,2,1,0,4,6,5,0,0,0,1,0,2,4,4,0,0,0,1,0,1,3,3,2,1,3,1
326,0,1,1,0,4,1,4,3,57,0,0,0,0,0,0,0,0,0,0,2,0,4,2,4,0,0,0,1,3,3,5,2,7,0,0,3,3,1,2,3,1,0,1,0,3
327,0,0,1,3,1,3,3,5,22,0,0,0,0,0,0,0,0,0,1,2,1,0,4,6,5,0,0,0,1,0,2,4,4,0,0,3,0,3,2,2,2,0,3,3,1
328,0,1,0,1,3,4,5,2,16,0,0,0,0,0,0,0,0,0,0,0,3,3,5,0,1,0,1,1,2,1,3,6,5,0,0,0,3,0,2,1,2,3,1,0,3
329,0,0,1,3,1,5,3,5,85,0,0,0,0,0,0,0,0,0,1,2,1,0,0,6,7,0,0,0,1,0,0,1,7,0,0,3,0,1,1,1,0,3,0,3,2
330,0,1,1,3,1,5,0,1,14,0,0,0,0,0,0,0,0,0,1,2,1,0,4,1,2,0,0,0,1,3,5,2,7,0,0,1,2,2,3,3,1,0,0,3,2
331,0,1,0,1,3,4,5,4,7,0,0,0,0,0,0,0,0,0,0,0,3,3,5,0,3,0,0,1,2,4,1,3,1,0,0,2,0,0,3,1,1,3,2,3,3
332,0,0,2,3,1,5,1,6,42,0,0,0,0,0,0,0,0,0,1,1,1,0,0,5,7,0,1,0,1,0,0,1,0,0,0,2,2,2,1,2,1,2,2,2,1
333,0,1,1,0,4,5,0,1,4,0,0,0,0,0,0,0,0,0,0,2,0,4,0,1,2,0,0,1,3,3,0,2,7,0,0,3,2,3,0,3,0,2,1,0,1
334,0,0,1,3,1,3,3,5,22,0,0,0,0,0,0,0,0,0,1,2,1,0,4,6,5,0,0,0,1,0,2,4,4,0,0,3,0,0,1,2,1,0,1,2,0
335,0,1,0,0,4,5,0,4,99,0,0,0,0,0,0,0,0,0,0,0,0,4,0,1,3,0,0,1,3,4,1,3,1,0,0,1,3,0,1,3,1,2,1,1,0
336,0,0,2,2,2,0,1,7,19,0,0,0,0,0,0,0,0,0,1,1,2,1,3,5,6,0,1,2,0,2,4,1,0,0,0,3,3,2,2,2,2,3,2,2,2
337,0,0,1,3,1,3,3,5,100,0,0,0,0,0,0,0,0,0,1,2,1,0,4,6,5,0,0,0,1,0,2,4,4,0,0,3,3,3,0,2,2,2,1,3,1
338,0,1,0,1,0,2,2,0,101,0,0,0,0,0,0,0,0,0,0,0,3,3,1,2,4,0,1,2,2,1,3,0,6,0,0,1,3,3,0,0,3,2,0,3,0
339,0,1,0,1,3,2,2,2,-1,0,0,0,0,0,0,0,0,0,0,0,3,3,5,2,1,0,1,1,2,1,3,6,5,0,0,3,0,3,3,2,0,1,2,2,3
340,0,0,2,2,2,0,6,7,74,0,0,0,0,0,0,0,0,0,1,1,2,1,3,3,6,0,1,2,0,2,4,5,2,0,0,0,3,2,1,1,2,3,3,1,3
341,0,1,0,1,0,2,2,0,102,0,0,0,0,0,0,0,0,0,0,0,3,2,1,2,4,0,1,2,2,1,3,0,6,0,0,2,2,2,0,2,2,1,1,2,0
342,0,1,1,3,1,5,0,1,14,0,0,0,0,0,0,0,0,0,1,2,1,0,4,1,2,0,0,0,1,3,5,2,7,0,0,2,1,0,1,0,0,1,2,2,3
343,0,1,0,0,4,1,4,3,9,0,0,0,0,0,0,0,0,0,0,2,0,4,2,4,0,0,0,1,3,4,1,3,1,0,0,2,1,3,3,0,3,0,0,2,1
344,0,0,2,2,2,0,1,6,95,0,0,0,0,0,0,0,0,0,1,1,2,1,3,5,7,0,1,2,0,2,0,1,0,0,0,0,3,2,0,0,1,3,3,2,1
345,0,1,1,0,4,5,0,1,4,0,0,0,0,0,0,0,0,0,1,2,0,4,0,1,2,0,0,0,3,3,0,2,7,0,0,2,1,1,2,1,1,3,2,2,1
346,0,1,1,0,4,1,4,4,-1,0,0,0,0,0,0,0,0,0,0,2,0,4,2,4,3,0,0,1,3,4,1,3,1,0,0,2,0,0,2,0,3,1,1,1,2
347,0,1,0,1,0,5,2,6,70,0,0,0,0,0,0,0,0,0,0,1,2,2,0,5,7,0,1,1,2,2,0,1,6,0,0,1,3,2,3,1,0,2,0,1,3
348,0,1,0,1,3,4,5,2,8,0,0,0,0,0,0,0,0,0,0,0,3,3,5,0,1,0,1,1,2,1,3,6,5,0,0,0,0,2,1,3,3,0,3,2,0
349,0,1,1,0,4,1,4,3,17,0,0,0,0,0,0,0,0,0,0,2,0,4,2,4,0,0,0,1,3,3,5,2,3,0,0,0,1,3,1,3,2,1,2,2,1
350,0,1,0,1,3,4,5,2,55,0,0,0,0,0,0,0,0,0,0,0,3,3,5,0,1,0,1,1,2,1,3,6,5,0,0,0,1,2,0,1,0,3,0,1,3
351,0,1,1,0,4,1,4,3,103,0,0,0,0,0,0,0,0,0,0,2,0,4,2,4,0,0,0,1,3,3,5,2,3,0,0,0,2,3,3,3,1,3,1,0,0
352,0,1,0,1,3,4,5,2,16,0,0,0,0,0,0,0,0,0,0,0,3,3,5,0,1,0,1,1,2,1,3,6,5,0,0,2,0,1,3,0,2,0,3,0,2
353,0,0,2,2,2,0,6,7,38,0,0,0,0,0,0,0,0,0,1,1,2,1,3,3,6,0,1,2,0,2,4,5,2,0,0,1,3,1,3,3,0,2,3,3,1
354,0,0,1,3,1,3,3,5,100,0,0,0,0,0,0,0,0,0,1,2,1,0,4,6,5,0,0,0,1,0,2,4,4,0,0,3,3,2,0,2,1,3,1,0,0
355,0,1,0,1,0,2,2,0,5,0,0,0,0,0,0,0,0,0,0,0,3,2,1,2,4,0,1,2,2,1,3,0,6,0,0,3,2,0,0,2,1,1,0,1,0
356,0,0,1,3,1,5,0,1,33,0,0,0,0,0,0,0,0,0,1,2,1,0,0,1,2,0,0,0,1,0,0,1,7,0,0,1,2,2,3,1,1,3,1,0,2
357,0,0,2,2,0,2,2,0,0,0,0,0,0,0,0,0,0,0,0,0,2,2,1,2,4,0,1,2,2,1,3,0,6,0,0,0,2,3,3,0,3,1,3,0,2
358,0,1,0,1,0,4,5,4,18,0,0,0,0,0,0,0,0,0,0,0,3,2,1,2,3,0,0,1,2,4,1,3,1,0,0,2,2,1,3,3,3,1,2,2,0
359,0,1,0,0,4,4,5,4,-1,0,0,0,0,0,0,0,0,0,0,0,3,3,5,0,3,0,0,1,2,4,1,3,1,0,0,2,2,0,0,1,0,2,2,3,2
360,0,0,2,2,0,2,2,0,76,0,0,0,0,0,0,0,0,0,0,0,2,2,1,2,4,0,1,2,2,1,0,0,6,0,0,1,1,2,1,0,3,2,1,0,3
361,0,1,1,3,1,5,0,1,14,0,0,0,0,0,0,0,0,0,1,2,1,0,4,1,2,0,0,0,1,3,5,2,7,0,0,2,1,2,3,0,0,0,1,1,1
362,0,0,2,2,2,0,1,7,31,0,0,0,0,0,0,0,0,0,1,1,2,1,3,3,6,0,1,2,0,2,4,1,0,0,0,1,2,0,0,2,2,3,3,3,1
363,0,0,2,2,2,0,6,7,28,0,0,0,0,0,0,0,0,0,1,1,2,1,3,3,6,0,1,2,0,2,4,5,2,0,0,2,3,2,3,2,0,0,1,3,3
364,0,1,1,0,4,5,0,1,104,0,0,0,0,0,0,0,0,0,1,2,0,4,4,1,2,0,0,0,1,3,5,2,7,0,0,1,1,2,0,1,2,0,0,2,0
365,0,0,2,2,2,0,1,6,19,0,0,0,0,0,0,0,0,0,1,1,2,1,3,5,7,0,1,2,0,2,0,1,0,0,0,2,2,3,3,1,3,1,2,0,3
366,0,0,1,3,1,5,1,6,82,0,0,0,0,0,0,0,0,0,1,1,1,0,0,5,7,0,0,0,1,0,0,1,0,0,0,0,0,0,3,2,3,2,0,0,0
367,0,1,0,1,3,4,5,4,7,0,0,0,0,0,0,0,0,0,0,0,3,3,5,0,3,0,0,1,2,4,1,3,1,0,0,0,3,1,1,2,2,2,1,3,3
368,0,0,2,2,2,0,6,7,0,0,0,0,0,0,0,0,0,0,1,1,2,1,3,3,6,0,1,2,0,2,4,5,2,0,0,2,1,2,2,3,0,0,0,2,1
369,0,1,0,1,3,4,5,4,7,0,0,0,0,0,0,0,0,0,0,0,3,3,5,0,3,0,0,1,2,4,1,3,1,0,0,2,0,3,1,3,1,0,0,0,2
370,0,0,2,2,2,0,6,7,74,0,0,0,0,0,0,0,0,0,1,1,2,1,3,3,6,0,1,2,0,2,4,5,2,0,0,0,2,3,3,1,2,3,2,0,2
371,0,0,1,3,1,5,0,1,33,0,0,0,0,0,0,0,0,0,1,2,1,0,0,1,2,0,0,0,1,0,0,1,7,0,0,1,3,1,2,3,2,1,0,2,3
372,0,0,1,3,1,3,3,5,11,0,0,0,0,0,0,0,0,0,1,2,1,0,4,6,5,0,0,0,1,0,2,4,4,0,0,2,1,3,1,2,1,0,3,2,1
373,0,0,2,2,0,2,1,6,29,0,0,0,0,0,0,0,0,0,1,1,2,2,1,5,7,0,1,2,0,2,0,1,6,0,0,0,2,0,3,0,0,0,0,2,1
374,0,1,0,1,3,4,5,2,16,0,0,0,0,0,0,0,0,0,0,0,3,3,5,0,1,0,1,1,2,1,3,6,5,0,0,2,2,0,2,2,1,2,3,3,1
375,0,0,2,2,2,0,6,7,-1,0,0,0,0,0,0,0,0,0,1,1,2,1,3,3,6,0,1,2,0,2,4,5,2,0,0,3,0,0,0,0,0,1,1,0,2
376,0,0,2,2,0,5,1,6,-1,0,0,0,0,0,0,0,0,0,1,1,2,2,0,5,7,0,1,0,1,0,0,1,0,0,0,0,3,0,0,0,0,3,1,1,0
377,0,0,2,2,2,0,6,0,47,0,0,0,0,0,0,0,0,0,1,1,2,1,3,3,4,0,1,2,0,2,4,0,6,0,0,3,1,1,3,3,2,2,0,3,0
378,0,0,2,2,2,0,6,7,10,0,0,0,0,0,0,0,0,0,1,1,2,1,3,3,6,0,1,2,0,2,4,5,2,0,0,1,2,0,1,3,2,0,1,2,3
379,0,0,1,3,1,3,3,5,11,0,0,0,0,0,0,0,0,0,1,2,1,0,4,6,5,0,0,0,1,0,2,4,4,0,0,0,3,2,3,3,0,1,1,0,2
380,0,0,1,3,1,3,3,5,69,0,0,0,0,0,0,0,0,0,1,2,1,0,4,6,5,0,0,0,1,0,2,4,4,0,0,0,3,1,3,3,2,2,1,1,2
381,0,1,1,0,4,5,0,1,4,0,0,0,0,0,0,0,0,0,0,2,0,2,0,1,2,0,0,1,3,3,0,1,7,0,0,3,2,0,0,1,1,0,2,3,1
382,0,1,0,0,4,1,4,3,9,0,0,0,0,0,0,0,0,0,0,2,0,4,2,4,0,0,0,1,3,4,1,3,1,0,0,3,3,1,0,1,2,0,2,1,0
383,0,1,0,1,3,4,5,4,7,0,0,0,0,0,0,0,0,0,0,0,3,3,5,0,3,0,0,1,2,4,1,3,1,0,0,2,0,2,1,3,1,0,3,1,2
384,0,1,0,0,4,5,0,4,99,0,0,0,0,0,0,0,0,0,0,0,0,2,0,1,3,0,0,1,2,4,1,3,1,0,0,3,0,2,2,1,2,3,3,2,0
385,0,0,1,3,1,3,3,5,105,0,0,0,0,0,0,0,0,0,1,2,1,0,4,6,5,0,0,0,1,0,2,4,4,0,0,0,0,1,3,2,3,0,2,0,1
386,0,0,2,2,2,0,1,6,19,0,0,0,0,0,0,0,0,0,1,1,2,1,3,5,7,0,1,2,0,2,0,1,0,0,0,3,3,0,2,3,2,3,2,0,0
387,0,0,2,2,0,2,2,0,0,0,0,0,0,0,0,0,0,0,0,0,2,2,1,2,4,0,1,2,2,1,3,0,6,0,0,2,0,0,1,1,3,1,2,1,1
388,0,1,1,0,4,1,4,3,97,0,0,0,0,0,0,0,0,0,0,2,0,4,2,4,0,0,0,1,3,3,5,2,3,0,0,3,2,3,3,0,0,2,0,3,3
389,0,1,0,0,4,1,4,3,35,0,0,0,0,0,0,0,0,0,0,2,0,4,2,4,0,0,0,1,3,4,1,3,3,0,0,1,1,1,3,3,2,0,1,3,2
390,0,1,1,0,4,1,0,1,106,0,0,0,0,0,0,0,0,0,0,2,0,4,2,1,2,0,0,1,3,3,5,2,7,0,0,2,2,1,3,3,1,1,2,3,0
391,0,1,0,1,3,2,2,2,107,0,0,0,0,0,0,0,0,0,0,0,3,3,5,2,1,0,1,1,2,1,3,0,6,0,0,0,2,0,1,1,3,2,2,3,3
392,0,0,2,2,2,0,6,7,74,0,0,0,0,0,0,0,0,0,1,1,2,1,3,3,6,0,1,2,0,2,4,5,2,0,0,3,3,2,2,1,2,1,0,3,0
393,0,1,0,0,4,1,4,3,35,0,0,0,0,0,0,0,0,0,0,2,0,4,2,4,0,0,0,1,3,4,1,3,3,0,0,0,1,1,2,0,3,2,1,3,0
394,0,0,2,2,2,0,6,7,71,0,0,0,0,0,0,0,0,0,1,1,2,1,3,3,6,0,1,2,0,2,4,5,2,0,0,0,3,1,3,0,0,2,0,2,2
395,0,1,1,0,4,1,0,1,-1,0,0,0,0,0,0,0,0,0,0,2,0,4,2,1,2,0,0,1,3,3,5,2,7,0,0,0,1,1,2,2,1,1,3,0,1
396,0,1,1,0,4,5,0,1,4,0,0,0,0,0,0,0,0,0,0,2,0,2,0,1,2,0,0,1,3,3,0,1,7,0,0,2,3,1,2,2,2,3,0,1,3
397,0,0,2,2,2,0,6,7,28,0,0,0,0,0,0,0,0,0,1,1,2,1,3,3,6,0,1,2,0,2,4,5,2,0,0,2,1,3,2,2,1,3,2,1,3
398,0,1,1,0,4,1,4,3,20,0,0,0,0,0,0,0,0,0,0,2,0,4,2,4,0,0,0,1,3,3,5,2,3,0,0,3,1,1,3,1,3,1,2,3,3
399,0,1,0,1,3,4,5,2,96,0,0,0,0,0,0,0,0,0,0,0,3,3,5,0,1,0,1,1,2,1,3,6,5,0,0,3,1,2,2,2,1,1,2,1,0
400,0,1,1,0,4,1,4,3,63,0,0,0,0,0,0,0,0,0,0,2,0,4,2,4,0,0,0,1,3,3,5,2,3,0,0,0,3,3,3,2,0,2,0,0,3
401,0,0,2,2,2,0,6,7,28,0,0,0,0,0,0,0,0,0,1,1,2,1,3,3,6,0,1,2,0,2,4,5,2,0,0,2,0,1,0,2,1,3,1,1,1
402,0,1,1,0,4,1,4,3,20,0,0,0,0,0,0,0,0,0,0,2,0,4,2,4,0,0,0,1,3,3,5,2,3,0,0,1,0,0,3,2,2,1,1,3,0
403,0,0,1,3,1,3,3,5,-1,0,0,0,0,0,0,0,0,0,1,2,1,0,4,6,5,0,0,0,1,0,2,4,4,0,0,3,0,1,1,0,3,0,0,2,0
404,0,0,2,2,0,2,2,0,108,0,0,0,0,0,0,0,0,0,0,0,2,2,1,2,4,0,1,2,2,1,0,0,6,0,0,1,2,3,2,1,0,2,1,3,0
405,0,0,1,3,1,3,3,5,22,0,0,0,0,0,0,0,0,0,1,2,1,0,4,6,5,0,0,0,1,0,2,4,4,0,0,1,0,3,1,1,3,2,3,3,1
406,0,1,0,1,3,2,2,2,107,0,0,0,0,0,0,0,0,0,0,0,3,3,5,2,1,0,1,1,2,1,3,6,5,0,0,0,1,0,2,0,1,2,0,0,3
407,0,0,2,3,1,5,1,6,29,0,0,0,0,0,0,0,0,0,1,1,1,2,0,5,7,0,1,0,1,0,0,1,0,0,0,1,3,3,2,3,2,0,3,1,2
408,0,1,0,1,3,4,5,2,16,0,0,0,0,0,0,0,0,0,0,0,3,3,5,0,1,0,1,1,2,1,3,6,5,0,0,2,1,3,1,2,2,2,2,1,3
409,0,0,1,3,1,3,3,5,11,0,0,0,0,0,0,0,0,0,1,2,1,0,4,6,5,0,0,0,1,0,2,4,4,0,0,1,0,1,0,2,2,2,0,0,2
410,0,0,1,3,1,3,3,5,109,0,0,0,0,0,0,0,0,0,1,2,1,0,4,6,5,0,0,0,1,0,2,4,4,0,0,2,2,1,2,2,2,1,1,0,2
411,0,0,1,3,1,5,0,1,33,0,0,0,0,0,0,0,0,0,1,2,1,0,0,1,2,0,0,0,1,0,0,1,7,0,0,2,3,3,0,2,1,2,1,2,1
412,0,0,2,2,0,2,2,6,29,0,0,0,0,0,0,0,0,0,1,1,2,2,1,5,7,0,1,2,0,2,0,1,6,0,0,1,2,2,1,3,2,0,3,2,3
413,0,1,0,1,3,4,5,2,8,0,0,0,0,0,0,0,0,0,0,0,3,3,5,0,1,0,1,1,2,1,3,6,5,0,0,0,3,2,3,1,3,2,1,2,2
414,0,1,1,0,4,5,0,1,4,0,0,0,0,0,0,0,0,0,0,2,0,4,0,1,2,0,0,1,3,3,0,2,7,0,0,1,2,1,1,2,3,0,3,1,3
415,0,0,2,2,2,0,1,6,19,0,0,0,0,0,0,0,0,0,1,1,2,1,3,5,7,0,1,2,0,2,0,1,0,0,0,2,1,2,0,1,2,1,2,0,2
416,0,1,1,0,4,1,0,1,73,0,0,0,0,0,0,0,0,0,0,2,0,4,2,1,2,0,0,1,3,3,5,2,7,0,0,3,0,0,1,1,1,3,1,2,1
417,0,0,2,3,1,3,3,5,6,0,0,0,0,0,0,0,0,0,1,1,1,0,4,6,5,0,0,0,1,0,2,4,4,0,0,2,2,3,1,0,3,3,1,2,2
418,0,1,1,0,4,1,4,3,35,0,0,0,0,0,0,0,0,0,0,2,0,4,2,4,0,0,0,1,3,3,5,2,3,0,0,0,1,2,2,2,1,3,3,0,3
419,0,0,1,3,1,3,3,5,85,0,0,0,0,0,0,0,0,0,1,2,1,0,4,6,5,0,0,0,1,0,0,1,7,0,0,0,2,1,3,2,0,0,1,1,0
420,0,1,0,1,3,4,5,2,-1,0,0,0,0,0,0,0,0,0,0,0,3,3,5,2,3,0,1,1,2,1,3,0,6,0,0,0,3,3,0,0,1,2,0,1,3
421,0,0,2,2,0,2,2,0,0,0,0,0,0,0,0,0,0,0,1,1,2,2,1,2,4,0,1,2,0,1,3,0,6,0,0,3,1,1,1,2,0,0,3,2,1
422,0,1,0,1,3,4,2,2,-1,0,0,0,0,0,0,0,0,0,0,0,3,3,5,0,1,0,1,1,2,1,3,6,5,0,0,2,1,3,1,0,0,1,1,2,0
423,0,1,0,1,3,4,5,2,96,0,0,0,0,0,0,0,0,0,0,0,3,3,5,0,1,0,1,1,2,1,3,6,5,0,0,0,2,2,2,1,3,0,2,3,3
424,0,0,1,3,1,3,3,5,22,0,0,0,0,0,0,0,0,0,1,2,1,0,4,6,5,0,0,0,1,0,2,4,4,0,0,3,2,2,2,1,0,1,0,3,3
425,0,1,0,1,3,4,2,4,12,0,0,0,0,0,0,0,0,0,0,0,3,3,1,2,3,0,1,1,2,1,3,0,6,0,0,3,2,3,1,0,0,1,1,3,1
426,0,1,0,1,3,4,5,2,59,0,0,0,0,0,0,0,0,0,0,0,3,3,5,0,1,0,1,1,2,1,3,6,5,0,0,3,3,0,1,1,0,0,0,0,2
427,0,0,1,3,1,5,0,1,33,0,0,0,0,0,0,0,0,0,1,2,1,0,0,1,2,0,0,0,1,0,0,1,7,0,0,1,1,2,0,1,2,3,3,0,3
428,0,0,2,3,1,5,1,6,29,0,0,0,0,0,0,0,0,0,1,1,1,0,0,5,7,0,0,0,1,0,0,1,0,0,0,3,3,3,1,1,1,3,2,2,1
429,0,1,1,0,4,1,4,3,15,0,0,0,0,0,0,0,0,0,0,2,0,4,2,4,0,0,0,1,3,3,5,2,3,0,0,0,1,1,1,3,0,2,3,3,2
430,0,1,1,0,4,5,0,1,-1,0,0,0,0,0,0,0,0,0,1,2,0,4,0,1,2,0,0,0,3,3,5,2,7,0,0,2,2,2,1,0,2,2,1,3,0
431,0,1,1,0,4,1,0,1,110,0,0,0,0,0,0,0,0,0,0,2,0,4,2,1,2,0,0,1,3,3,5,2,7,0,0,2,0,3,3,2,0,2,1,0,2
432,0,0,1,3,1,3,3,5,11,0,0,0,0,0,0,0,0,0,1,2,1,0,4,6,5,0,0,0,1,0,2,4,4,0,0,3,3,3,1,0,3,2,1,0,2
433,0,1,0,1,3,4,5,4,79,0,0,0,0,0,0,0,0,0,0,0,3,3,5,0,3,0,0,1,2,4,1,3,1,0,0,0,3,0,0,1,3,1,0,0,2
434,0,0,1,3,1,5,0,1,33,0,0,0,0,0,0,0,0,0,1,2,1,0,0,1,2,0,0,0,1,0,0,1,7,0,0,1,1,0,2,1,1,2,1,1,0
435,0,1,1,0,4,5,0,1,4,0,0,0,0,0,0,0,0,0,0,2,0,2,0,1,2,0,0,1,3,3,0,1,7,0,0,1,2,2,3,1,2,1,1,0,2
436,0,0,1,3,1,5,0,1,33,0,0,0,0,0,0,0,0,0,1,2,1,0,0,1,2,0,0,0,1,0,0,1,7,0,0,2,0,1,1,3,0,2,0,1,3
437,0,0,1,3,1,3,3,5,22,0,0,0,0,0,0,0,0,0,1,2,1,0,4,6,5,0,0,0,1,0,2,4,4,0,0,1,0,2,0,0,0,1,2,2,0
438,0,1,1,0,4,1,4,3,27,0,0,0,0,0,0,0,0,0,0,2,0,4,2,4,0,0,0,1,3,3,5,2,3,0,0,3,2,2,1,0,1,3,3,2,1
439,0,0,2,2,0,2,1,6,29,0,0,0,0,0,0,0,0,0,1,1,2,2,0,5,7,0,1,2,0,2,0,1,0,0,0,2,3,3,0,1,3,3,3,0,0
440,0,0,2,2,2,0,1,6,19,0,0,0,0,0,0,0,0,0,1,1,2,1,3,5,7,0,1,2,0,2,4,1,0,0,0,0,3,2,1,0,1,0,1,2,3
441,0,0,1,3,1,5,0,1,111,0,0,0,0,0,0,0,0,0,1,2,1,0,0,6,2,0,0,0,1,0,0,1,7,0,0,1,2,1,1,3,2,0,3,2,0
442,0,0,0,1,0,2,2,0,-1,0,0,0,0,0,0,0,0,0,0,0,3,2,1,2,4,0,1,2,2,1,3,0,6,0,0,1,0,3,2,2,3,3,3,1,1
443,0,1,1,0,4,1,4,3,61,0,0,0,0,0,0,0,0,0,0,2,0,4,2,4,0,0,0,1,3,3,5,2,3,0,0,0,2,1,3,3,3,1,0,3,1
444,0,1,1,3,1,5,0,1,112,0,0,0,0,0,0,0,0,0,1,2,0,2,0,1,2,0,0,0,1,0,0,1,7,0,0,1,2,2,2,2,3,2,3,0,3
445,0,0,2,2,0,2,2,0,108,0,0,0,0,0,0,0,0,0,0,0,2,2,1,2,4,0,1,2,2,1,0,0,6,0,0,3,3,0,0,1,2,0,0,0,3
446,0,1,0,1,3,4,5,2,113,0,0,0,0,0,0,0,0,0,0,0,3,3,5,0,1,0,1,1,2,1,3,6,5,0,0,3,2,3,0,3,3,0,2,3,3
447,0,0,1,3,1,3,3,5,85,0,0,0,0,0,0,0,0,0,1,2,1,0,0,6,5,0,0,0,1,0,0,1,7,0,0,1,2,1,1,0,3,0,2,1,2
448,0,0,2,3,1,3,3,5,-1,0,0,0,0,0,0,0,0,0,1,2,1,0,4,6,5,0,0,0,1,0,2,4,4,0,0,2,3,2,3,3,3,1,2,1,1
449,0,1,0,1,3,4,5,2,16,0,0,0,0,0,0,0,0,0,0,0,3,3,5,0,1,0,1,1,2,1,3,6,5,0,0,3,3,0,1,0,2,1,0,2,2
450,0,0,2,2,2,0,6,7,10,0,0,0,0,0,0,0,0,0,1,1,2,1,3,3,6,0,1,2,0,2,4,5,2,0,0,2,2,3,1,2,2,2,1,3,1
451,0,1,0,1,3,4,5,2,16,0,0,0,0,0,0,0,0,0,0,0,3,3,5,0,1,0,1,1,2,1,3,6,5,0,0,0,3,2,0,3,1,3,2,3,3
452,0,1,0,1,3,4,5,4,7,0,0,0,0,0,0,0,0,0,0,0,3,3,5,0,3,0,0,1,2,4,1,3,1,0,0,2,1,1,3,3,0,3,2,3,0
453,0,1,1,0,4,1,4,3,103,0,0,0,0,0,0,0,0,0,0,2,0,4,2,4,0,0,0,1,3,3,5,2,3,0,0,0,0,3,2,0,1,3,3,0,0
454,0,1,1,0,4,5,0,1,-1,0,0,0,0,0,0,0,0,0,0,2,0,4,0,1,2,0,0,1,3,3,0,1,7,0,0,2,0,1,3,0,1,0,1,0,1
455,0,0,0,1,0,2,2,0,114,0,0,0,0,0,0,0,0,0,0,0,3,2,1,2,4,0,1,2,2,1,3,0,6,0,0,3,1,2,0,2,1,0,2,1,2
456,0,0,1,3,1,5,0,1,49,0,0,0,0,0,0,0,0,0,1,2,1,0,0,1,2,0,0,0,1,3,0,2,7,0,0,0,2,2,0,3,2,1,2,2,2
457,0,0,2,3,1,5,1,6,29,0,0,0,0,0,0,0,0,0,1,1,1,0,0,5,7,0,0,0,1,0,0,1,0,0,0,2,3,3,2,2,3,3,1,2,0
458,0,0,1,3,1,5,0,1,33,0,0,0,0,0,0,0,0,0,1,2,1,0,0,1,2,0,0,0,1,0,0,1,7,0,0,2,2,1,0,3,3,1,3,0,1
459,0,0,1,3,1,5,0,1,33,0,0,0,0,0,0,0,0,0,1,2,1,0,0,1,2,0,0,0,1,0,0,1,7,0,0,0,2,1,3,2,3,3,3,2,3
460,0,0,2,2,2,0,6,7,0,0,0,0,0,0,0,0,0,0,1,1,2,1,3,3,6,0,1,2,0,2,4,5,2,0,0,3,1,0,0,1,1,1,0,3,1
461,0,1,1,0,4,1,4,3,20,0,0,0,0,0,0,0,0,0,0,2,0,4,2,4,0,0,0,1,3,3,5,2,3,0,0,2,2,2,1,0,0,3,1,0,0
462,0,1,0,0,4,1,4,4,67,0,0,0,0,0,0,0,0,0,0,0,0,4,2,4,3,0,0,1,3,4,1,3,1,0,0,0,1,1,0,1,2,1,1,0,1
463,0,0,1,3,1,3,3,5,62,0,0,0,0,0,0,0,0,0,1,2,1,0,4,6,5,0,0,0,1,0,2,4,7,0,0,3,3,2,2,0,3,2,2,1,2
464,0,1,1,0,4,1,4,3,17,0,0,0,0,0,0,0,0,0,0,2,0,4,2,4,0,0,0,1,3,3,5,2,3,0,0,2,2,2,1,1,0,3,2,2,1
465,0,1,1,0,4,1,0,1,94,0,0,0,0,0,0,0,0,0,0,2,0,4,2,1,2,0,0,1,3,3,5,2,7,0,0,3,2,2,2,2,3,3,2,2,3
466,0,0,2,2,2,0,6,7,68,0,0,0,0,0,0,0,0,0,1,1,2,1,3,3,6,0,1,2,0,2,4,5,2,0,0,3,2,0,1,3,2,2,2,2,0
467,0,1,1,0,4,5,0,1,4,0,0,0,0,0,0,0,0,0,0,2,0,4,0,1,2,0,0,1,3,3,0,2,7,0,0,0,2,0,1,2,3,1,3,1,2
468,0,0,1,3,1,3,3,5,22,0,0,0,0,0,0,0,0,0,1,2,1,0,4,6,5,0,0,0,1,0,2,4,4,0,0,1,1,1,0,1,2,2,3,0,1
469,0,0,2,3,1,5,1,6,29,0,0,0,0,0,0,0,0,0,1,1,1,0,0,5,7,0,0,0,1,0,0,1,0,0,0,2,0,3,1,1,1,3,3,3,0
470,0,1,0,1,3,4,5,4,18,0,0,0,0,0,0,0,0,0,0,0,3,3,5,0,3,0,0,1,2,4,1,3,1,0,0,1,3,2,3,1,3,2,2,0,1
471,0,0,2,3,1,3,3,5,6,0,0,0,0,0,0,0,0,0,1,1,1,0,4,6,5,0,0,0,1,0,2,4,4,0,0,0,2,2,2,0,0,1,1,2,2
472,0,0,2,2,2,0,6,7,10,0,0,0,0,0,0,0,0,0,1,1,2,1,3,3,6,0,1,2,0,2,4,5,2,0,0,3,3,0,1,3,3,1,0,3,3
473,0,0,2,2,0,2,1,6,29,0,0,0,0,0,0,0,0,0,1,1,2,2,0,5,7,0,1,2,0,2,0,1,0,0,0,2,2,1,3,0,1,0,3,3,1
474,0,1,1,0,4,1,4,3,17,0,0,0,0,0,0,0,0,0,0,2,0,4,2,4,0,0,0,1,3,3,5,2,3,0,0,2,1,2,0,0,2,0,3,0,3
475,0,0,2,2,2,0,1,6,19,0,0,0,0,0,0,0,0,0,1,1,2,1,3,5,7,0,1,2,0,2,4,1,0,0,0,2,3,0,2,0,1,3,0,1,0
476,0,1,0,1,0,2,2,0,102,0,0,0,0,0,0,0,0,0,0,0,3,2,1,2,4,0,1,2,2,1,0,0,6,0,0,0,1,0,3,0,0,2,3,3,0
477,0,0,2,3,1,3,3,5,6,0,0,0,0,0,0,0,0,0,1,1,1,0,4,6,5,0,0,0,1,0,2,4,4,0,0,1,0,1,3,0,1,2,1,2,1
478,0,1,1,0,4,1,4,3,63,0,0,0,0,0,0,0,0,0,0,2,0,4,2,4,0,0,0,1,3,3,5,2,3,0,0,2,2,0,2,3,0,3,3,2,0
479,0,1,0,1,3,4,5,2,8,0,0,0,0,0,0,0,0,0,0,0,3,3,5,0,1,0,1,1,2,1,3,6,5,0,0,3,0,3,1,0,0,3,2,2,3
480,0,1,1,3,1,5,0,1,14,0,0,0,0,0,0,0,0,0,1,2,1,0,4,1,2,0,0,0,1,3,5,2,7,0,0,1,2,1,1,2,2,1,2,1,1
481,0,0,1,3,1,3,3,5,115,0,0,0,0,0,0,0,0,0,1,2,1,0,4,6,5,0,0,0,1,0,2,4,4,0,0,1,3,2,3,1,0,2,1,3,2
482,0,0,1,3,1,5,0,1,98,0,0,0,0,0,0,0,0,0,1,2,1,0,0,1,2,0,0,0,1,0,0,1,7,0,0,1,3,2,0,1,0,3,2,1,3
483,0,1,0,1,3,4,5,4,7,0,0,0,0,0,0,0,0,0,0,0,3,3,5,0,3,0,0,1,2,4,1,3,1,0,0,1,1,1,1,3,0,0,2,3,0
484,0,0,1,3,1,5,0,1,14,0,0,0,0,0,0,0,0,0,1,2,1,0,4,1,2,0,0,0,1,0,5,2,7,0,0,0,1,3,3,2,0,0,3,2,1
485,0,0,2,2,2,0,6,7,25,0,0,0,0,0,0,0,0,0,1,1,2,1,3,3,6,0,1,2,0,2,4,5,2,0,0,1,3,1,2,3,3,1,1,2,3
486,0,1,1,0,4,1,4,3,35,0,0,0,0,0,0,0,0,0,0,2,0,4,2,4,0,0,0,1,3,3,5,3,3,0,0,2,0,3,2,0,0,0,1,2,0
487,0,0,2,2,0,2,2,0,43,0,0,0,0,0,0,0,0,0,0,0,2,2,1,2,4,0,1,2,2,1,3,0,6,0,0,1,3,3,2,1,1,0,2,3,1
488,0,1,0,1,3,4,5,4,7,0,0,0,0,0,0,0,0,0,0,0,3,3,5,0,3,0,0,1,2,4,1,3,1,0,0,0,1,3,0,2,3,1,3,1,0
489,0,0,1,3,1,3,3,5,-1,0,0,0,0,0,0,0,0,0,1,2,1,0,4,6,5,0,0,0,1,0,2,4,4,0,0,0,1,3,0,1,2,2,3,1,3
490,0,1,0,1,3,4,5,2,96,0,0,0,0,0,0,0,0,0,0,0,3,3,5,0,1,0,1,1,2,1,3,6,5,0,0,2,0,2,2,1,3,3,1,1,2
491,0,1,0,1,0,4,5,4,18,0,0,0,0,0,0,0,0,0,0,0,3,2,1,2,3,0,0,1,2,4,1,3,1,0,0,2,3,1,0,2,0,0,0,0,2
492,0,0,2,2,2,0,1,6,2,0,0,0,0,0,0,0,0,0,1,1,2,1,3,5,7,0,1,2,0,2,0,1,0,0,0,3,3,3,2,2,2,0,0,0,1
493,0,0,2,2,2,0,6,7,10,0,0,0,0,0,0,0,0,0,1,1,2,1,3,3,6,0,1,2,0,2,4,5,2,0,0,1,2,1,1,2,0,2,0,2,2
494,0,1,1,0,4,1,0,1,110,0,0,0,0,0,0,0,0,0,0,2,0,4,2,1,2,0,0,1,3,3,5,2,7,0,0,0,1,0,3,2,3,1,1,2,0
495,0,1,0,1,3,4,5,4,-1,0,0,0,0,0,0,0,0,0,0,0,3,3,5,0,3,0,0,1,2,4,1,3,1,0,0,0,0,3,2,2,0,3,1,3,0
496,0,0,1,3,1,3,3,5,22,0,0,0,0,0,0,0,0,0,1,2,1,0,4,6,5,0,0,0,1,0,2,4,4,0,0,0,2,2,2,1,2,1,1,0,1
497,0,1,0,1,3,4,5,4,39,0,0,0,0,0,0,0,0,0,0,0,3,3,5,0,3,0,0,1,2,4,1,3,1,0,0,2,1,0,0,3,0,1,3,1,1
498,0,0,2,2,2,0,1,6,19,0,0,0,0,0,0,0,0,0,1,1,2,1,3,5,7,0,1,2,0,2,0,1,0,0,0,3,2,2,2,0,2,1,3,0,2
499,0,0,1,3,1,3,3,5,11,0,0,0,0,0,0,0,0,0,1,2,1,0,4,6,5,0,0,0,1,0,2,4,4,0,0,2,2,2,2,3,1,2,1,0,1
500,0,1,0,0,4,1,4,3,9,0,0,0,0,0,0,0,0,0,0,2,0,4,2,4,0,0,0,1,3,4,1,3,3,0,0,0,2,2,0,2,3,0,3,3,1
501,0,1,1,0,4,5,0,1,4,0,0,0,0,0,0,0,0,0,1,2,0,4,0,1,2,0,0,1,3,3,0,2,7,0,0,1,3,2,0,3,1,1,3,2,2
502,0,0,2,2,0,2,1,6,29,0,0,0,0,0,0,0,0,0,1,1,2,2,0,5,7,0,1,2,0,2,0,1,0,0,0,3,1,0,2,1,2,3,0,2,0
503,0,1,1,0,4,1,4,3,26,0,0,0,0,0,0,0,0,0,0,2,0,4,2,4,0,0,0,1,3,3,5,2,3,0,0,1,2,3,2,1,1,3,3,2,0
504,0,0,2,2,2,0,6,7,38,0,0,0,0,0,0,0,0,0,1,1,2,1,3,3,6,0,1,2,0,2,4,5,2,0,0,1,0,3,1,2,1,3,1,1,2
505,0,0,1,3,1,3,3,5,22,0,0,0,0,0,0,0,0,0,1,2,1,0,4,6,5,0,0,0,1,0,2,4,4,0,0,2,1,1,0,1,1,2,2,3,2
506,0,0,2,2,0,0,1,6,-1,0,0,0,0,0,0,0,0,0,1,1,2,2,3,5,7,0,1,2,0,2,0,1,0,0,0,1,3,0,0,3,0,0,0,2,1
507,0,1,0,1,0,2,2,0,101,0,0,0,0,0,0,0,0,0,0,0,3,3,1,2,4,0,1,1,2,1,3,0,6,0,0,1,1,0,3,2,2,2,1,0,2
508,0,1,0,1,3,4,5,4,24,0,0,0,0,0,0,0,0,0,0,0,3,3,5,0,1,0,0,1,2,4,1,3,1,0,0,0,2,2,1,0,2,3,1,0,1
509,0,1,1,0,4,1,4,3,20,0,0,0,0,0,0,0,0,0,0,2,0,4,2,4,0,0,0,1,3,3,5,2,3,0,0,1,1,2,0,2,3,0,1,0,3
510,0,0,1,3,1,5,0,1,33,0,0,0,0,0,0,0,0,0,1,2,1,0,0,1,2,0,0,0,1,0,0,1,7,0,0,2,2,1,1,3,3,2,2,1,0
511,0,1,0,1,3,4,5,2,81,0,0,0,0,0,0,0,0,0,0,0,3,3,5,0,1,0,1,1,2,1,3,6,5,0,0,0,1,2,3,1,2,2,2,1,1
512,0,0,2,2,0,2,1,6,29,0,0,0,0,0,0,0,0,0,1,1,2,2,1,5,7,0,1,2,0,2,0,1,6,0,0,3,3,2,1,3,0,0,2,1,3
513,0,0,2,2,2,0,6,7,-1,0,0,0,0,0,0,0,0,0,1,1,2,1,3,3,6,0,1,2,0,2,4,5,2,0,0,0,0,0,3,3,3,1,0,2,1
514,0,0,2,2,0,2,2,0,0,0,0,0,0,0,0,0,0,0,1,1,2,2,1,2,4,0,1,2,0,1,3,0,6,0,0,0,0,1,0,1,3,3,3,2,2
515,0,0,1,3,1,3,3,5,100,0,0,0,0,0,0,0,0,0,1,2,1,0,4,6,5,0,0,0,1,0,2,4,4,0,0,2,2,3,2,1,3,0,1,1,3
516,0,1,1,3,1,5,0,1,49,0,0,0,0,0,0,0,0,0,1,2,1,0,0,1,2,0,0,0,3,3,0,2,7,0,0,3,2,1,0,2,3,2,1,0,1
517,0,1,0,1,3,4,5,4,45,0,0,0,0,0,0,0,0,0,0,0,3,3,5,0,3,0,1,1,2,1,3,0,6,0,0,1,3,0,3,2,3,0,3,1,2
518,0,1,0,1,0,2,2,0,101,0,0,0,0,0,0,0,0,0,0,0,3,2,1,2,4,0,1,2,2,1,3,0,6,0,0,1,0,0,1,0,1,2,0,3,0
519,0,1,1,0,4,1,4,3,20,0,0,0,0,0,0,0,0,0,0,2,0,4,2,4,0,0,0,1,3,3,5,2,3,0,0,1,2,2,0,0,0,2,2,0,3
520,0,0,2,2,2,0,1,6,2,0,0,0,0,0,0,0,0,0,1,1,2,1,3,5,7,0,1,2,0,2,4,1,0,0,0,0,2,2,0,3,1,1,1,0,3
521,0,0,1,3,1,3,3,5,11,0,0,0,0,0,0,0,0,0,1,2,1,0,4,6,5,0,0,0,1,0,2,4,4,0,0,0,0,0,3,1,1,2,2,0,0
522,0,1,0,1,3,4,5,4,7,0,0,0,0,0,0,0,0,0,0,0,3,3,5,0,3,0,0,1,2,4,1,3,1,0,0,0,0,1,1,2,3,2,3,0,2
523,0,0,2,2,2,0,1,7,2,0,0,0,0,0,0,0,0,0,1,1,2,1,3,5,6,0,1,2,0,2,4,1,0,0,0,2,3,0,1,3,3,0,1,1,3
524,0,0,2,2,2,0,1,6,2,0,0,0,0,0,0,0,0,0,1,1,2,1,3,5,7,0,1,2,0,2,4,1,0,0,0,1,3,3,3,0,2,3,3,0,1
525,0,0,2,2,2,0,6,7,88,0,0,0,0,0,0,0,0,0,1,1,2,1,3,3,6,0,1,2,0,2,4,1,0,0,0,2,3,3,3,0,2,1,3,3,1
526,0,1,0,1,3,4,5,4,39,0,0,0,0,0,0,0,0,0,0,0,3,3,5,0,3,0,0,1,2,4,1,3,1,0,0,3,3,0,0,2,2,0,0,0,2
527,0,1,0,1,0,2,2,0,92,0,0,0,0,0,0,0,0,0,0,0,3,3,1,2,1,0,1,2,2,1,3,0,6,0,0,3,3,0,2,1,3,1,0,3,2
528,0,0,2,2,0,2,2,0,46,0,0,0,0,0,0,0,0,0,1,1,2,2,1,2,4,0,1,2,0,2,0,0,6,0,0,2,0,3,0,0,0,3,2,1,2
529,0,0,1,3,1,3,3,5,116,0,0,0,0,0,0,0,0,0,1,2,1,0,4,6,5,0,0,0,1,0,2,4,4,0,0,0,0,2,0,1,3,0,2,0,1
530,0,1,0,1,3,4,5,4,13,0,0,0,0,0,0,0,0,0,0,0,3,3,5,0,3,0,0,1,2,4,1,3,1,0,0,1,3,3,3,0,0,1,2,0,1
531,0,0,2,3,1,5,1,6,29,0,0,0,0,0,0,0,0,0,1,1,1,0,0,5,7,0,0,0,1,0,0,1,0,0,0,3,1,0,2,0,1,2,1,1,0
532,0,0,1,3,1,3,3,5,116,0,0,0,0,0,0,0,0,0,1,2,1,0,4,6,5,0,0,0,1,0,2,4,4,0,0,0,2,1,1,2,2,1,3,1,1
533,0,1,0,1,3,4,5,4,7,0,0,0,0,0,0,0,0,0,0,0,3,3,5,0,3,0,0,1,2,4,1,3,1,0,0,3,2,2,0,1,2,1,0,0,0
534,0,1,0,1,3,4,5,4,7,0,0,0,0,0,0,0,0,0,0,0,3,3,5,0,3,0,0,1,2,4,1,3,1,0,0,1,2,0,1,1,3,1,3,1,3
535,0,0,2,2,0,2,1,6,29,0,0,0,0,0,0,0,0,0,1,1,2,2,0,5,7,0,1,2,0,2,0,1,6,0,0,2,2,2,3,3,1,0,3,2,1
536,0,1,1,0,4,5,0,1,4,0,0,0,0,0,0,0,0,0,0,2,0,4,0,1,2,0,0,1,3,3,0,2,7,0,0,2,2,0,1,1,3,0,1,1,3
537,0,1,1,0,4,5,0,1,4,0,0,0,0,0,0,0,0,0,0,2,0,4,0,1,2,0,0,1,3,3,0,2,7,0,0,0,3,0,0,1,2,0,1,3,2
538,0,1,1,0,4,1,4,3,20,0,0,0,0,0,0,0,0,0,0,2,0,4,2,4,0,0,0,1,3,3,5,2,3,0,0,2,1,0,2,1,2,2,0,0,3
539,0,0,2,2,2,0,6,7,50,0,0,0,0,0,0,0,0,0,1,1,2,1,3,3,6,0,1,2,0,2,4,1,0,0,0,3,2,0,0,1,3,0,1,3,0
540,0,1,0,1,3,4,5,4,7,0,0,0,0,0,0,0,0,0,0,0,3,3,5,0,3,0,0,1,2,4,1,3,1,0,0,2,0,0,1,0,0,2,1,0,2
541,0,1,1,0,4,1,0,1,4,0,0,0,0,0,0,0,0,0,0,2,0,4,2,1,2,0,0,1,3,3,0,2,7,0,0,2,2,3,2,1,3,1,2,0,0
542,0,0,2,2,2,0,1,6,19,0,0,0,0,0,0,0,0,0,1,1,2,1,3,5,7,0,1,2,0,2,0,1,0,0,0,2,0,2,0,1,1,3,3,3,1
543,0,0,2,2,0,2,2,0,-1,0,0,0,0,0,0,0,0,0,0,0,2,2,1,2,4,0,1,2,2,1,3,0,6,0,0,0,3,1,0,2,1,3,3,0,2
544,0,1,1,3,1,5,0,1,14,0,0,0,0,0,0,0,0,0,1,2,1,0,4,1,2,0,0,0,1,3,5,2,7,0,0,1,3,1,1,0,2,3,2,3,2
545,0,1,0,0,4,1,4,4,9,0,0,0,0,0,0,0,0,0,0,2,0,4,2,4,3,0,0,1,3,4,1,3,1,0,0,2,3,3,1,3,0,1,1,3,2
546,0,0,2,2,2,0,1,6,19,0,0,0,0,0,0,0,0,0,1,1,2,1,0,5,7,0,1,2,0,2,0,1,0,0,0,3,0,2,3,2,0,2,3,1,0
547,0,0,1,3,1,3,3,5,116,0,0,0,0,0,0,0,0,0,1,2,1,0,4,6,5,0,0,0,1,0,2,4,4,0,0,0,0,0,1,2,3,2,0,1,0
548,0,1,1,0,4,1,0,1,94,0,0,0,0,0,0,0,0,0,0,2,0,4,2,1,2,0,0,1,3,3,5,2,7,0,0,0,3,1,3,1,2,2,3,3,0
549,0,1,1,0,4,5,0,1,-1,0,0,0,0,0,0,0,0,0,0,2,0,4,0,1,2,0,0,1,3,3,5,2,7,0,0,1,0,2,3,2,1,2,3,3,3
550,0,1,0,1,3,4,5,4,39,0,0,0,0,0,0,0,0,0,0,0,3,3,5,0,3,0,0,1,2,4,1,3,1,0,0,1,3,1,1,3,2,0,2,1,3
551,0,1,0,0,4,1,4,4,83,0,0,0,0,0,0,0,0,0,0,0,0,4,2,4,3,0,0,1,3,4,1,3,1,0,0,1,0,0,2,1,3,3,2,2,0
552,0,1,1,0,4,1,4,3,117,0,0,0,0,0,0,0,0,0,0,2,0,4,2,4,0,0,0,1,3,3,5,2,3,0,0,0,0,2,0,3,2,2,2,0,2
553,0,1,1,0,4,1,4,3,26,0,0,0,0,0,0,0,0,0,0,2,0,4,2,4,0,0,0,1,3,3,5,2,3,0,0,2,1,0,1,2,2,0,3,0,2
554,0,0,2,2,2,0,6,7,28,0,0,0,0,0,0,0,0,0,1,1,2,1,3,3,6,0,1,2,0,2,4,5,2,0,0,3,3,3,1,0,3,1,2,3,3
555,0,1,1,0,4,1,0,1,104,0,0,0,0,0,0,0,0,0,1,2,0,4,4,1,2,0,0,0,1,3,5,2,7,0,0,2,1,3,3,3,2,1,2,3,0
556,0,0,1,3,1,3,3,5,100,0,0,0,0,0,0,0,0,0,1,2,1,0,4,6,5,0,0,0,1,0,2,4,4,0,0,2,3,0,3,3,0,2,1,0,3
557,0,0,2,2,0,2,2,0,0,0,0,0,0,0,0,0,0,0,1,1,2,2,1,2,4,0,1,2,0,2,4,0,6,0,0,0,0,2,1,3,0,3,2,3,1
558,0,0,2,2,0,2,1,6,29,0,0,0,0,0,0,0,0,0,1,1,2,2,1,5,7,0,1,2,0,2,0,1,0,0,0,2,1,3,3,3,0,1,3,3,3
559,0,1,0,0,4,1,4,3,35,0,0,0,0,0,0,0,0,0,0,2,0,4,2,4,0,0,0,1,3,4,1,3,3,0,0,0,3,1,1,3,0,0,3,1,2
560,0,1,0,1,3,2,2,2,-1,0,0,0,0,0,0,0,0,0,0,0,3,3,1,2,1,0,1,1,2,1,3,0,6,0,0,3,3,0,1,1,2,3,2,1,3
561,0,0,1,3,1,3,3,5,22,0,0,0,0,0,0,0,0,0,1,2,1,0,4,6,5,0,0,0,1,0,2,4,4,0,0,3,0,3,0,1,1,2,1,3,2
562,0,0,2,2,0,2,2,0,0,0,0,0,0,0,0,0,0,0,0,0,2,2,1,2,4,0,1,2,2,1,3,0,6,0,0,3,2,3,3,1,2,1,1,3,1
563,0,1,1,0,4,1,4,3,20,0,0,0,0,0,0,0,0,0,0,2,0,4,2,4,0,0,0,1,3,3,5,2,3,0,0,3,2,2,0,0,0,2,0,1,1
564,0,1,0,0,4,1,4,4,-1,0,0,0,0,0,0,0,0,0,0,0,0,4,2,4,3,0,0,1,3,4,1,3,1,0,0,3,3,2,2,3,1,0,0,1,2
565,0,1,1,0,4,1,4,3,26,0,0,0,0,0,0,0,0,0,0,2,0,4,2,4,0,0,0,1,3,3,5,2,3,0,0,0,3,1,0,1,2,1,0,3,0
566,0,0,2,2,0,5,1,6,29,0,0,0,0,0,0,0,0,0,1,1,2,2,0,5,7,0,1,2,0,2,0,1,0,0,0,2,3,1,3,3,0,3,1,3,2
567,0,1,0,1,0,2,2,0,-1,0,0,0,0,0,0,0,0,0,0,0,3,2,1,2,4,0,1,2,2,1,3,0,6,0,0,3,0,1,0,1,0,2,2,1,3
568,0,0,1,3,1,3,3,5,22,0,0,0,0,0,0,0,0,0,1,2,1,0,4,6,5,0,0,0,1,0,2,4,4,0,0,1,0,0,1,2,3,3,0,1,2
569,0,1,1,3,1,5,0,1,14,0,0,0,0,0,0,0,0,0,1,2,1,0,4,1,2,0,0,0,1,3,5,2,7,0,0,2,1,1,1,1,0,2,1,1,2
570,0,1,0,1,3,4,5,4,118,0,0,0,0,0,0,0,0,0,0,0,3,3,5,0,3,0,0,1,2,4,1,3,1,0,0,2,2,3,1,2,1,2,1,3,1
571,0,0,1,3,1,3,3,5,22,0,0,0,0,0,0,0,0,0,1,2,1,0,4,6,5,0,0,0,1,0,2,4,4,0,0,0,2,0,0,0,1,0,3,1,2
572,0,1,0,1,0,2,2,0,102,0,0,0,0,0,0,0,0,0,0,0,3,2,1,2,4,0,1,2,2,1,3,0,6,0,0,2,3,0,0,2,2,3,1,1,0
573,0,0,2,2,0,2,2,0,46,0,0,0,0,0,0,0,0,0,1,1,2,2,1,2,4,0,1,2,0,2,0,0,6,0,0,1,1,1,2,2,1,0,2,2,0
574,0,1,1,0,4,1,4,3,57,0,0,0,0,0,0,0,0,0,0,2,0,4,2,4,0,0,0,1,3,3,5,2,7,0,0,2,1,0,2,2,1,0,0,3,2
575,0,1,0,1,3,4,5,4,18,0,0,0,0,0,0,0,0,0,0,0,3,3,5,0,3,0,0,1,2,4,1,3,1,0,0,0,2,0,1,0,1,3,1,3,1
576,0,1,1,0,4,1,4,3,26,0,0,0,0,0,0,0,0,0,0,2,0,4,2,4,0,0,0,1,3,3,5,2,3,0,0,2,3,3,0,0,2,2,3,2,2
577,0,0,2,2,2,0,1,7,2,0,0,0,0,0,0,0,0,0,1,1,2,1,3,5,6,0,1,2,0,2,4,1,0,0,0,3,2,1,1,3,1,2,0,3,2
578,0,1,1,0,4,1,4,3,20,0,0,0,0,0,0,0,0,0,0,2,0,4,2,4,0,0,0,1,3,3,5,2,3,0,0,0,0,0,3,1,3,0,2,0,1
579,0,1,0,1,3,4,5,2,93,0,0,0,0,0,0,0,0,0,0,0,3,3,5,0,1,0,1,1,2,1,3,6,5,0,0,1,3,0,1,3,0,2,0,0,3
580,0,0,2,2,2,0,6,7,10,0,0,0,0,0,0,0,0,0,1,1,2,1,3,3,6,0,1,2,0,2,4,5,2,0,0,0,0,3,0,1,0,3,0,3,1
581,0,0,2,2,2,0,1,6,19,0,0,0,0,0,0,0,0,0,1,1,2,1,3,5,7,0,1,2,0,2,0,1,0,0,0,2,0,1,0,1,2,0,0,2,0
582,0,1,1,0,4,1,0,1,4,0,0,0,0,0,0,0,0,0,0,2,0,4,2,1,2,0,0,1,3,3,0,2,7,0,0,2,3,1,1,1,3,2,0,0,2
583,0,0,2,2,2,0,6,7,40,0,0,0,0,0,0,0,0,0,1,1,2,1,3,3,6,0,1,2,0,2,4,1,0,0,0,2,2,0,1,0,2,0,2,1,2
584,0,0,1,3,1,3,3,5,116,0,0,0,0,0,0,0,0,0,1,2,1,0,4,6,5,0,0,0,1,0,2,4,4,0,0,1,2,0,0,1,1,1,2,1,3
585,0,1,1,0,4,1,4,3,36,0,0,0,0,0,0,0,0,0,0,2,0,4,2,4,0,0,0,1,3,3,5,2,3,0,0,2,2,2,3,2,1,0,1,0,3
586,0,1,0,1,3,4,5,2,-1,0,0,0,0,0,0,0,0,0,0,0,3,3,5,0,1,0,1,1,2,1,3,6,5,0,0,2,2,3,1,2,2,0,2,1,1
587,0,0,2,2,0,2,1,6,29,0,0,0,0,0,0,0,0,0,1,1,2,2,1,5,7,0,1,2,0,2,0,1,6,0,0,3,1,0,1,2,2,0,3,1,1
588,0,1,0,1,3,4,5,2,8,0,0,0,0,0,0,0,0,0,0,0,3,3,5,0,1,0,1,1,2,1,3,6,5,0,0,1,3,3,0,1,1,1,3,3,2
589,0,0,1,3,1,3,3,5,105,0,0,0,0,0,0,0,0,0,1,2,1,0,4,6,5,0,0,0,1,0,2,4,4,0,0,0,0,3,1,2,1,3,3,3,1
590,0,0,1,3,1,3,3,5,22,0,0,0,0,0,0,0,0,0,1,2,1,0,4,6,5,0,0,0,1,0,2,4,4,0,0,3,2,3,2,0,1,0,3,1,2
591,0,0,1,3,1,5,0,1,111,0,0,0,0,0,0,0,0,0,1,2,1,0,0,6,2,0,0,0,1,0,0,1,7,0,0,1,1,2,1,3,0,0,2,0,3
592,0,1,0,1,3,4,5,4,118,0,0,0,0,0,0,0,0,0,0,0,3,3,5,0,3,0,0,1,2,4,1,3,1,0,0,3,1,1,2,1,1,1,0,1,3
593,0,0,2,3,1,3,3,5,119,0,0,0,0,0,0,0,0,0,1,1,1,0,4,6,5,0,0,0,1,0,2,4,4,0,0,1,0,3,0,1,2,1,2,1,2
594,0,1,0,1,0,2,2,0,-1,0,0,0,0,0,0,0,0,0,0,0,3,3,1,2,1,0,1,1,2,1,3,0,6,0,0,3,2,1,1,1,2,3,3,2,2
595,0,0,2,2,0,2,2,0,0,0,0,0,0,0,0,0,0,0,1,1,2,2,1,2,4,0,1,2,0,1,3,0,6,0,0,2,3,1,0,2,1,0,3,1,0
596,0,1,1,0,4,1,4,3,26,0,0,0,0,0,0,0,0,0,0,2,0,4,2,4,0,0,0,1,3,3,5,2,3,0,0,2,1,3,3,0,0,1,0,0,2
597,0,1,1,0,4,1,4,3,26,0,0,0,0,0,0,0,0,0,0,2,0,4,2,4,0,0,0,1,3,3,5,2,3,0,0,0,0,1,3,1,1,0,1,1,3
598,0,1,0,1,3,4,5,2,24,0,0,0,0,0,0,0,0,0,0,0,3,3,5,0,1,0,0,1,2,4,1,3,1,0,0,2,1,2,3,0,1,2,3,0,3
599,0,0,1,3,1,3,3,5,22,0,0,0,0,0,0,0,0,0,1,2,1,0,4,6,5,0,0,0,1,0,2,4,4,0,0,0,0,0,0,3,3,2,3,0,0
600,0,0,2,2,0,2,2,6,29,0,0,0,0,0,0,0,0,0,1,1,2,2,1,2,4,0,1,2,0,2,0,1,6,0,0,0,2,2,0,0,1,2,1,3,3
601,0,0,2,2,2,0,6,7,120,0,0,0,0,0,0,0,0,0,1,1,2,1,3,3,6,0,1,2,0,2,4,5,2,0,0,0,2,0,0,2,3,2,1,1,2
602,0,0,2,2,2,0,6,7,38,0,0,0,0,0,0,0,0,0,1,1,2,1,3,3,6,0,1,2,0,2,4,5,2,0,0,2,2,1,3,3,2,0,0,3,3
603,0,0,1,3,1,3,3,5,22,0,0,0,0,0,0,0,0,0,1,2,1,0,4,6,5,0,0,0,1,0,2,4,4,0,0,3,0,0,3,1,0,2,1,2,3
604,0,1,1,0,4,5,0,1,4,0,0,0,0,0,0,0,0,0,0,2,0,2,0,1,2,0,0,1,3,3,0,1,7,0,0,2,3,0,2,2,3,0,1,3,1
605,0,0,1,3,1,3,3,5,85,0,0,0,0,0,0,0,0,0,1,2,1,0,0,6,5,0,0,0,1,0,0,1,7,0,0,0,1,3,0,3,0,3,0,3,2
606,0,1,0,0,4,5,0,4,99,0,0,0,0,0,0,0,0,0,0,0,0,2,0,1,3,0,0,1,2,4,1,3,1,0,0,0,3,1,0,0,2,0,1,1,1
607,0,1,1,0,1,5,0,1,14,0,0,0,0,0,0,0,0,0,1,2,0,4,4,1,2,0,0,0,1,3,5,2,7,0,0,3,1,1,1,1,1,1,0,2,0
608,0,1,0,1,3,4,5,4,18,0,0,0,0,0,0,0,0,0,0,0,3,2,5,0,3,0,0,1,2,4,1,3,1,0,0,0,3,2,0,0,3,2,3,2,3
609,0,1,0,1,3,4,5,4,7,0,0,0,0,0,0,0,0,0,0,0,3,3,5,0,3,0,0,1,2,4,1,3,1,0,0,1,1,2,2,3,3,0,3,1,2
610,0,0,1,3,1,3,3,5,22,0,0,0,0,0,0,0,0,0,1,2,1,0,4,6,5,0,0,0,1,0,2,4,4,0,0,2,0,2,2,1,0,0,2,0,1
611,0,0,2,2,0,2,2,0,0,0,0,0,0,0,0,0,0,0,0,0,2,2,1,2,4,0,1,2,2,1,3,0,6,0,0,1,2,1,2,0,2,2,0,1,2
612,0,0,2,2,2,0,1,6,19,0,0,0,0,0,0,0,0,0,1,1,2,1,3,5,7,0,1,2,0,2,0,1,0,0,0,2,0,3,0,2,0,3,3,1,2
613,0,1,1,0,4,5,0,1,4,0,0,0,0,0,0,0,0,0,0,2,0,4,0,1,2,0,0,1,3,3,0,2,7,0,0,0,0,2,0,0,1,3,2,0,0
614,0,1,0,1,3,4,5,4,121,0,0,0,0,0,0,0,0,0,0,0,3,3,5,0,3,0,1,1,2,1,3,3,1,0,0,1,1,3,0,1,1,2,1,3,1
615,0,0,2,2,0,2,2,0,-1,0,0,0,0,0,0,0,0,0,0,1,2,2,1,2,4,0,1,2,2,2,0,0,6,0,0,3,1,0,3,1,3,0,3,3,2
616,0,1,0,1,0,2,2,0,44,0,0,0,0,0,0,0,0,0,0,0,3,3,1,2,4,0,1,2,2,1,3,0,6,0,0,1,2,0,0,2,0,1,3,0,3
617,0,0,2,2,2,0,1,6,19,0,0,0,0,0,0,0,0,0,1,1,2,1,3,5,7,0,1,2,0,2,0,1,0,0,0,1,2,3,3,2,0,3,1,1,3
618,0,1,1,0,4,1,4,3,26,0,0,0,0,0,0,0,0,0,0,2,0,4,2,4,0,0,0,1,3,3,5,2,3,0,0,1,2,2,1,2,0,1,3,3,3
619,0,1,0,1,3,4,5,2,78,0,0,0,0,0,0,0,0,0,0,0,3,3,5,0,1,0,1,1,2,1,3,6,5,0,0,1,2,0,3,1,2,2,1,1,0
620,0,0,2,2,2,0,6,7,122,0,0,0,0,0,0,0,0,0,1,1,2,1,3,3,6,0,1,2,0,2,4,5,2,0,0,2,0,2,2,1,2,1,1,1,3
621,0,0,2,2,2,0,6,7,0,0,0,0,0,0,0,0,0,0,1,1,2,1,3,3,6,0,1,2,0,2,4,5,2,0,0,2,2,0,1,2,3,0,1,0,2
622,0,0,2,2,2,0,6,7,74,0,0,0,0,0,0,0,0,0,1,1,2,1,3,3,6,0,1,2,0,2,4,5,2,0,0,0,2,2,3,2,2,0,3,0,3
623,0,0,2,2,2,2,6,0,68,0,0,0,0,0,0,0,0,0,1,1,2,1,3,3,4,0,1,2,0,2,4,5,2,0,0,1,3,2,2,2,3,2,1,3,0
624,0,1,1,0,4,1,4,3,20,0,0,0,0,0,0,0,0,0,0,2,0,4,2,4,0,0,0,1,3,3,5,2,3,0,0,0,1,0,1,3,1,3,0,1,3
625,0,1,0,1,3,4,5,4,7,0,0,0,0,0,0,0,0,0,0,0,3,3,5,0,3,0,0,1,2,4,1,3,1,0,0,2,3,3,1,1,1,0,2,0,2
626,0,0,1,3,1,3,3,5,22,0,0,0,0,0,0,0,0,0,1,2,1,0,4,6,5,0,0,0,1,0,2,4,4,0,0,3,0,1,2,2,2,3,3,3,1
627,0,0,1,3,1,5,0,1,14,0,0,0,0,0,0,0,0,0,1,2,1,0,4,1,2,0,0,0,1,3,5,2,7,0,0,2,3,3,1,2,1,3,2,3,1
628,0,1,0,0,4,1,4,3,9,0,0,0,0,0,0,0,0,0,0,2,0,4,2,4,0,0,0,1,3,4,1,3,3,0,0,1,3,3,2,2,0,0,3,1,1
629,0,0,2,2,2,0,6,7,77,0,0,0,0,0,0,0,0,0,1,1,2,1,3,3,6,0,1,2,0,2,4,1,0,0,0,1,3,1,2,3,1,3,0,0,0
630,0,0,2,2,2,0,1,6,2,0,0,0,0,0,0,0,0,0,1,1,2,1,3,5,7,0,1,2,0,2,4,1,0,0,0,2,1,2,0,2,0,1,2,3,2
631,0,0,1,3,1,5,0,6,33,0,0,0,0,0,0,0,0,0,1,2,1,0,0,5,7,0,0,0,1,0,0,1,7,0,0,0,0,0,0,3,1,2,1,1,3
632,0,0,1,3,1,3,3,5,116,0,0,0,0,0,0,0,0,0,1,2,1,0,4,6,5,0,0,0,1,0,2,4,4,0,0,0,1,0,0,2,1,0,1,0,1
633,0,1,1,0,4,1,4,3,117,0,0,0,0,0,0,0,0,0,0,2,0,4,2,4,0,0,0,1,3,3,5,2,3,0,0,1,0,2,3,1,3,0,0,3,0
634,0,1,0,1,3,4,5,4,45,0,0,0,0,0,0,0,0,0,0,0,3,3,5,0,3,0,1,1,2,1,3,0,1,0,0,3,0,3,1,3,3,2,3,0,2
635,0,0,2,2,0,5,1,6,29,0,0,0,0,0,0,0,0,0,1,1,2,2,0,5,7,0,1,2,0,2,0,1,0,0,0,0,0,0,1,2,1,1,3,3,0
636,0,0,2,2,0,2,2,0,29,0,0,0,0,0,0,0,0,0,1,1,2,2,1,2,4,0,1,2,0,2,0,1,6,0,0,1,0,2,3,1,3,3,1,0,2
637,0,1,1,0,4,1,4,3,4,0,0,0,0,0,0,0,0,0,0,2,0,4,2,4,0,0,0,1,3,3,5,2,3,0,0,1,3,0,2,2,3,1,2,2,0
638,0,1,0,1,3,4,5,4,118,0,0,0,0,0,0,0,0,0,0,0,3,3,5,0,3,0,0,1,2,4,1,3,1,0,0,0,0,3,1,1,0,2,0,2,0
639,0,1,0,1,3,4,5,2,16,0,0,0,0,0,0,0,0,0,0,0,3,3,5,0,1,0,1,1,2,1,3,6,5,0,0,0,0,0,2,1,0,2,3,1,0
640,0,0,2,2,0,2,2,0,76,0,0,0,0,0,0,0,0,0,0,0,2,2,1,2,4,0,1,2,2,1,0,0,6,0,0,0,3,0,2,3,1,2,0,0,2
641,0,1,1,0,4,5,0,1,-1,0,0,0,0,0,0,0,0,0,1,2,0,2,0,1,2,0,0,1,3,3,0,1,7,0,0,2,1,0,2,3,2,0,0,2,1
642,0,0,2,2,0,2,1,6,29,0,0,0,0,0,0,0,0,0,1,1,2,2,0,5,7,0,1,2,0,2,0,1,0,0,0,3,1,0,0,1,2,2,2,0,3
643,0,0,2,2,0,2,2,0,46,0,0,0,0,0,0,0,0,0,1,1,2,2,1,2,4,0,1,2,0,2,0,0,6,0,0,2,1,2,1,2,3,2,1,3,0
644,0,0,1,3,1,3,3,5,11,0,0,0,0,0,0,0,0,0,1,2,1,0,4,6,5,0,0,0,1,0,2,4,4,0,0,0,2,0,2,0,2,1,0,2,0
645,0,1,1,0,4,5,0,1,4,0,0,0,0,0,0,0,0,0,1,2,0,4,0,1,2,0,0,1,3,3,0,2,7,0,0,3,2,2,3,3,2,0,2,3,0
646,0,1,0,1,3,4,5,4,18,0,0,0,0,0,0,0,0,0,0,0,3,2,5,0,3,0,0,1,2,4,1,3,1,0,0,2,2,0,3,3,2,3,2,2,2
647,0,0,2,2,2,0,6,7,25,0,0,0,0,0,0,0,0,0,1,1,2,1,3,3,6,0,1,2,0,2,4,5,2,0,0,0,1,2,0,3,3,2,2,3,0
648,0,0,2,2,2,0,6,7,120,0,0,0,0,0,0,0,0,0,1,1,2,1,3,3,6,0,1,2,0,2,4,5,2,0,0,2,2,3,0,2,0,0,1,2,2
649,0,0,2,2,0,2,2,0,46,0,0,0,0,0,0,0,0,0,1,1,2,2,1,2,4,0,1,2,0,2,0,0,6,0,0,0,0,3,1,3,0,1,2,0,0
650,0,1,0,1,3,4,5,4,7,0,0,0,0,0,0,0,0,0,0,0,3,3,5,0,3,0,0,1,2,4,1,3,1,0,0,0,3,0,0,1,0,0,2,3,2
651,0,0,1,3,1,3,3,5,22,0,0,0,0,0,0,0,0,0,1,2,1,0,4,6,5,0,0,0,1,0,2,4,4,0,0,0,3,0,3,1,1,2,3,3,2
652,0,1,1,0,4,1,4,3,63,0,0,0,0,0,0,0,0,0,0,2,0,4,2,4,0,0,0,1,3,3,5,2,3,0,0,1,3,0,3,1,1,2,3,2,1
653,0,0,2,2,2,0,1,6,2,0,0,0,0,0,0,0,0,0,1,1,2,1,3,5,7,0,1,2,0,2,0,1,0,0,0,3,2,0,1,2,0,3,3,0,3
654,0,1,0,1,3,4,5,4,39,0,0,0,0,0,0,0,0,0,0,0,3,3,5,0,3,0,0,1,2,4,1,3,1,0,0,0,0,1,1,0,2,0,2,1,2
655,0,0,1,3,1,3,3,5,105,0,0,0,0,0,0,0,0,0,1,2,1,0,4,6,5,0,0,0,1,0,2,4,4,0,0,2,2,0,1,2,1,3,2,2,0
656,0,1,0,1,3,4,5,4,121,0,0,0,0,0,0,0,0,0,0,0,3,3,5,0,3,0,0,1,2,4,1,3,1,0,0,2,0,1,1,2,3,2,2,1,0
657,0,1,1,0,4,1,4,3,36,0,0,0,0,0,0,0,0,0,0,2,0,4,2,4,0,0,0,1,3,3,5,2,3,0,0,0,2,2,1,1,1,0,1,1,3
658,0,1,1,0,4,1,0,1,106,0,0,0,0,0,0,0,0,0,0,2,0,4,2,1,2,0,0,1,3,3,5,2,7,0,0,2,0,2,0,1,2,0,3,1,1
659,0,0,2,2,2,0,6,7,25,0,0,0,0,0,0,0,0,0,1,1,2,1,3,3,6,0,1,2,0,2,4,5,2,0,0,2,3,2,3,1,3,0,3,0,1
660,0,1,0,1,3,4,5,4,7,0,0,0,0,0,0,0,0,0,0,0,3,3,5,0,3,0,0,1,2,4,1,3,1,0,0,3,1,2,2,2,1,3,3,3,1
661,0,0,2,2,2,0,6,7,25,0,0,0,0,0,0,0,0,0,1,1,2,1,3,3,6,0,1,2,0,2,4,5,2,0,0,1,0,2,2,0,0,0,2,2,1
662,0,0,2,2,2,0,1,6,19,0,0,0,0,0,0,0,0,0,1,1,2,1,3,5,7,0,1,2,0,2,4,1,0,0,0,0,3,2,1,0,2,0,2,2,0
663,0,1,0,1,3,4,5,4,45,0,0,0,0,0,0,0,0,0,0,0,3,3,5,0,3,0,1,1,2,1,3,0,1,0,0,3,3,0,1,3,1,2,1,3,2
664,0,1,1,0,4,1,4,3,17,0,0,0,0,0,0,0,0,0,0,2,0,4,2,4,0,0,0,1,3,3,5,2,3,0,0,0,1,2,0,1,0,1,0,3,3
665,0,1,0,1,3,4,5,4,67,0,0,0,0,0,0,0,0,0,0,0,3,3,5,0,3,0,0,1,3,4,1,3,1,0,0,0,1,0,3,0,2,3,2,1,3
666,0,0,2,3,2,0,1,6,51,0,0,0,0,0,0,0,0,0,1,1,1,1,3,5,7,0,1,2,0,2,0,1,0,0,0,3,1,1,0,0,1,3,1,0,1
667,0,0,2,2,0,2,2,0,108,0,0,0,0,0,0,0,0,0,0,1,2,2,1,2,4,0,1,2,2,1,0,0,6,0,0,0,3,1,0,0,3,0,3,1,1
668,0,0,1,3,1,3,3,5,11,0,0,0,0,0,0,0,0,0,1,2,1,0,4,6,5,0,0,0,1,0,2,4,4,0,0,3,3,1,2,3,1,0,3,0,2
669,0,0,1,3,1,3,3,5,100,0,0,0,0,0,0,0,0,0,1,2,1,0,4,6,5,0,0,0,1,0,2,4,4,0,0,3,2,2,1,1,0,3,3,3,1
670,0,0,2,2,0,5,1,6,29,0,0,0,0,0,0,0,0,0,1,1,2,2,0,5,7,0,1,2,0,2,0,1,0,0,0,3,1,1,2,1,2,3,0,1,2
671,0,1,0,1,3,4,5,2,24,0,0,0,0,0,0,0,0,0,0,0,3,3,5,0,1,0,0,1,2,4,1,3,1,0,0,0,3,1,2,1,1,2,2,0,1
672,0,1,0,1,3,4,5,4,13,0,0,0,0,0,0,0,0,0,0,0,3,3,5,0,3,0,0,1,2,4,1,3,1,0,0,0,0,1,3,1,0,1,3,1,3
673,0,1,0,1,3,4,5,2,16,0,0,0,0,0,0,0,0,0,0,0,3,3,5,0,1,0,1,1,2,1,3,6,5,0,0,2,0,1,0,2,1,0,1,2,3
674,0,0,2,2,2,0,6,7,28,0,0,0,0,0,0,0,0,0,1,1,2,1,3,3,6,0,1,2,0,2,4,5,2,0,0,3,1,3,0,0,1,1,1,3,1
675,0,0,2,2,2,0,6,7,120,0,0,0,0,0,0,0,0,0,1,1,2,1,3,3,6,0,1,2,0,2,4,5,2,0,0,1,0,1,0,0,3,1,2,3,1
676,0,0,1,3,1,3,3,5,11,0,0,0,0,0,0,0,0,0,1,2,1,0,4,6,5,0,0,0,1,0,2,4,4,0,0,3,2,2,1,1,1,1,3,2,1
677,0,0,1,3,1,3,3,5,105,0,0,0,0,0,0,0,0,0,1,2,1,0,4,6,5,0,0,0,1,0,2,4,4,0,0,1,3,0,2,1,2,0,0,2,2
678,0,0,2,2,2,0,1,7,31,0,0,0,0,0,0,0,0,0,1,1,2,1,3,3,6,0,1,2,0,2,4,1,0,0,0,1,0,3,1,3,3,1,3,2,2
679,0,0,1,3,1,3,3,5,100,0,0,0,0,0,0,0,0,0,1,2,1,0,4,6,5,0,0,0,1,0,2,4,4,0,0,0,3,1,1,2,0,1,2,2,0
680,0,0,2,2,0,2,2,0,46,0,0,0,0,0,0,0,0,0,1,1,2,2,1,2,4,0,1,2,0,2,0,0,6,0,0,3,2,2,1,1,1,2,2,2,2
681,0,0,2,2,0,2,6,0,-1,0,0,0,0,0,0,0,0,0,1,1,2,1,1,3,4,0,1,2,0,2,4,0,6,0,0,0,3,2,2,2,3,2,2,2,0
682,0,0,1,3,1,3,3,5,11,0,0,0,0,0,0,0,0,0,1,2,1,0,4,6,5,0,0,0,1,0,2,4,4,0,0,3,0,2,2,2,0,1,0,3,1
683,0,0,2,2,2,0,6,7,28,0,0,0,0,0,0,0,0,0,1,1,2,1,3,3,6,0,1,2,0,2,4,5,2,0,0,2,2,2,2,1,0,2,2,3,2
684,0,1,0,1,3,4,5,2,113,0,0,0,0,0,0,0,0,0,0,0,3,3,5,0,1,0,1,1,2,1,3,6,5,0,0,2,1,1,0,2,1,3,0,0,0
685,0,1,1,0,4,1,4,3,15,0,0,0,0,0,0,0,0,0,0,2,0,4,2,4,0,0,0,1,3,3,5,2,3,0,0,2,0,1,0,2,2,0,3,1,2
686,0,1,1,0,4,1,0,1,32,0,0,0,0,0,0,0,0,0,0,2,0,4,2,1,2,0,0,1,3,3,5,2,7,0,0,2,3,0,2,1,3,1,3,3,0
687,0,0,2,2,2,0,6,7,10,0,0,0,0,0,0,0,0,0,1,1,2,1,3,3,6,0,1,2,0,2,4,5,2,0,0,2,0,0,3,0,0,1,3,1,2
688,0,0,2,3,1,5,1,6,29,0,0,0,0,0,0,0,0,0,1,1,1,0,0,5,7,0,1,0,1,0,0,1,0,0,0,2,2,0,3,2,3,2,1,2,2
689,0,0,2,2,0,2,2,0,0,0,0,0,0,0,0,0,0,0,1,1,2,2,1,2,4,0,1,2,2,1,3,0,6,0,0,2,1,1,3,2,2,0,2,0,0
690,0,0,2,2,0,2,2,0,108,0,0,0,0,0,0,0,0,0,0,1,2,2,1,2,4,0,1,2,2,1,0,0,6,0,0,2,1,3,1,2,3,1,3,3,3
691,0,0,2,2,2,0,1,6,19,0,0,0,0,0,0,0,0,0,1,1,2,1,0,5,7,0,1,2,0,2,0,1,0,0,0,0,1,1,3,2,2,2,0,1,2
692,0,1,1,0,4,5,0,1,14,0,0,0,0,0,0,0,0,0,1,2,0,4,4,1,2,0,0,0,1,3,5,2,7,0,0,2,0,0,0,2,0,0,1,1,2
693,0,1,1,0,4,1,4,3,26,0,0,0,0,0,0,0,0,0,0,2,0,4,2,4,0,0,0,1,3,3,5,2,3,0,0,1,1,3,0,2,2,3,0,0,0
694,0,0,2,2,0,2,2,0,0,0,0,0,0,0,0,0,0,0,1,1,2,2,1,2,4,0,1,2,0,1,3,0,6,0,0,2,1,2,3,2,2,2,1,1,3
695,0,1,1,0,4,5,0,1,4,0,0,0,0,0,0,0,0,0,0,2,0,4,0,1,2,0,0,1,3,3,0,1,7,0,0,1,2,1,0,1,1,2,1,3,2
696,0,1,1,0,4,1,4,3,26,0,0,0,0,0,0,0,0,0,0,2,0,4,2,4,0,0,0,1,3,3,5,2,3,0,0,2,2,1,2,3,0,2,1,3,3
697,0,1,0,1,3,4,5,2,86,0,0,0,0,0,0,0,0,0,0,0,3,3,5,0,1,0,1,1,2,1,3,6,5,0,0,2,3,0,1,3,3,1,3,2,0
698,0,1,1,0,4,1,4,3,61,0,0,0,0,0,0,0,0,0,0,2,0,4,2,4,0,0,0,1,3,3,5,2,3,0,0,3,2,1,1,0,3,3,3,3,2
699,0,0,2,2,0,2,6,0,47,0,0,0,0,0,0,0,0,0,1,1,2,1,1,3,4,0,1,2,0,2,4,0,6,0,0,1,2,2,1,0,3,1,1,0,0
700,0,0,2,2,2,0,1,6,19,0,0,0,0,0,0,0,0,0,1,1,2,1,3,5,7,0,1,2,0,2,0,1,0,0,0,0,2,3,1,3,3,2,1,0,2
701,0,1,0,1,0,2,2,0,-1,0,0,0,0,0,0,0,0,0,0,0,3,2,1,2,4,0,1,2,2,1,3,0,6,0,0,0,1,2,3,2,3,3,2,3,1
702,0,0,2,2,2,0,6,7,10,0,0,0,0,0,0,0,0,0,1,1,2,1,3,3,6,0,1,2,0,2,4,5,2,0,0,1,0,2,3,3,3,0,0,2,1
703,0,0,2,3,1,3,3,5,6,0,0,0,0,0,0,0,0,0,1,1,1,0,4,6,5,0,0,0,1,0,2,4,4,0,0,1,0,1,3,2,1,0,1,2,0
704,0,1,1,0,4,1,4,3,17,0,0,0,0,0,0,0,0,0,0,2,0,4,2,4,0,0,0,1,3,3,5,2,7,0,0,3,1,1,3,1,2,0,0,3,3
705,0,1,1,0,1,5,0,1,104,0,0,0,0,0,0,0,0,0,1,2,0,4,4,1,2,0,0,0,1,3,5,2,7,0,0,2,0,1,0,3,0,3,0,2,2
706,0,0,2,2,2,0,6,7,123,0,0,0,0,0,0,0,0,0,1,1,2,1,3,3,6,0,1,2,0,2,4,5,2,0,0,1,2,2,2,3,1,0,1,0,1
707,0,0,2,2,2,0,6,0,68,0,0,0,0,0,0,0,0,0,1,1,2,1,3,3,6,0,1,2,0,2,4,5,2,0,0,1,1,3,3,0,3,2,3,0,1
708,0,0,2,2,0,5,1,6,29,0,0,0,0,0,0,0,0,0,1,1,2,2,0,5,7,0,1,2,0,2,0,1,0,0,0,2,2,0,3,0,1,1,2,2,1
709,0,1,0,1,3,4,5,2,59,0,0,0,0,0,0,0,0,0,0,0,3,3,5,0,1,0,1,1,2,1,3,6,5,0,0,1,2,3,0,0,3,2,2,3,0
710,0,0,2,3,1,3,3,5,6,0,0,0,0,0,0,0,0,0,1,1,1,0,4,6,5,0,0,0,1,0,2,4,4,0,0,3,1,3,2,3,1,1,2,0,3
711,0,0,2,2,2,0,6,7,10,0,0,0,0,0,0,0,0,0,1,1,2,1,3,3,6,0,1,2,0,2,4,5,2,0,0,3,1,0,1,0,1,2,3,1,2
712,0,0,2,3,1,5,1,6,84,0,0,0,0,0,0,0,0,0,1,1,1,0,0,5,7,0,1,0,1,0,0,1,0,0,0,1,3,2,0,1,3,2,3,0,3
713,0,0,1,3,1,5,0,1,33,0,0,0,0,0,0,0,0,0,1,2,1,0,0,1,2,0,0,0,1,0,0,1,7,0,0,2,1,1,2,0,0,2,0,3,1
714,0,0,1,3,1,3,3,5,75,0,0,0,0,0,0,0,0,0,1,2,1,0,4,6,5,0,0,0,1,0,2,4,4,0,0,3,2,1,1,0,1,2,2,3,0
715,0,1,0,1,0,2,2,0,43,0,0,0,0,0,0,0,0,0,0,0,3,2,1,2,4,0,1,2,2,1,3,0,6,0,0,2,2,2,1,3,2,3,3,3,3
716,0,1,1,0,4,1,4,3,20,0,0,0,0,0,0,0,0,0,0,2,0,4,2,4,0,0,0,1,3,3,5,2,3,0,0,1,2,0,2,2,2,0,2,2,0
717,0,0,2,3,1,3,1,6,66,0,0,0,0,0,0,0,0,0,1,1,1,0,0,5,7,0,1,0,1,2,0,1,0,0,0,3,0,0,0,2,1,1,2,3,2
718,0,0,1,3,1,5,0,1,33,0,0,0,0,0,0,0,0,0,1,2,1,0,0,1,2,0,0,0,1,0,0,1,7,0,0,3,2,0,1,0,2,0,0,2,2
719,0,0,2,2,0,2,1,0,-1,0,0,0,0,0,0,0,0,0,1,1,2,2,1,5,4,0,1,2,0,2,0,1,6,0,0,3,1,3,3,1,3,1,2,0,3
720,0,1,1,0,4,1,4,3,103,0,0,0,0,0,0,0,0,0,0,2,0,4,2,4,0,0,0,1,3,3,5,2,3,0,0,2,2,0,1,0,1,2,1,1,2
721,0,0,1,3,1,3,3,5,75,0,0,0,0,0,0,0,0,0,1,2,1,0,4,6,5,0,0,0,1,0,2,4,4,0,0,1,2,3,0,1,1,3,2,1,3
722,0,1,0,1,3,4,5,2,16,0,0,0,0,0,0,0,0,0,0,0,3,3,5,0,1,0,1,1,2,1,3,6,5,0,0,3,1,0,0,3,1,2,3,2,1
723,0,0,1,3,1,5,0,6,33,0,0,0,0,0,0,0,0,0,1,1,1,0,0,5,7,0,0,0,1,0,0,1,7,0,0,3,2,2,3,3,1,0,0,3,1
724,0,1,1,3,1,5,0,1,-1,0,0,0,0,0,0,0,0,0,1,2,1,0,4,1,2,0,0,0,1,3,5,2,7,0,0,0,2,2,1,3,3,3,0,3,1
725,0,1,0,1,3,4,5,2,24,0,0,0,0,0,0,0,0,0,0,0,3,3,5,0,1,0,0,1,2,4,1,3,1,0,0,0,1,1,3,0,2,3,1,2,1
726,0,0,1,3,1,3,3,5,105,0,0,0,0,0,0,0,0,0,1,2,1,0,4,6,5,0,0,0,1,0,2,4,4,0,0,1,0,2,0,2,2,0,1,0,0
727,0,0,1,3,1,3,3,5,3,0,0,0,0,0,0,0,0,0,1,2,1,0,4,6,5,0,0,0,1,0,2,4,4,0,0,0,1,0,0,1,3,0,2,2,2
728,0,0,2,2,2,0,6,7,0,0,0,0,0,0,0,0,0,0,1,1,2,1,3,3,6,0,1,2,0,2,4,5,2,0,0,1,3,2,0,2,2,3,2,3,1
729,0,1,1,0,4,1,4,3,20,0,0,0,0,0,0,0,0,0,0,2,0,4,2,4,0,0,0,1,3,3,5,2,3,0,0,1,2,0,2,3,0,1,3,3,3
730,0,1,0,1,3,4,5,4,7,0,0,0,0,0,0,0,0,0,0,0,3,3,5,0,3,0,0,1,2,4,1,3,1,0,0,2,2,3,3,3,0,3,0,3,3
731,0,0,1,3,1,3,3,5,22,0,0,0,0,0,0,0,0,0,1,2,1,0,4,6,5,0,0,0,1,0,2,4,4,0,0,2,3,0,3,2,2,1,1,0,3
732,0,1,1,0,4,1,4,3,-1,0,0,0,0,0,0,0,0,0,0,2,0,4,2,4,0,0,0,1,3,3,5,2,3,0,0,3,2,0,1,2,2,1,2,3,2
733,0,0,2,2,2,0,6,7,74,0,0,0,0,0,0,0,0,0,1,1,2,1,3,3,6,0,1,2,0,2,4,5,2,0,0,2,1,3,3,3,3,0,1,3,3
734,0,0,2,3,1,5,1,6,42,0,0,0,0,0,0,0,0,0,1,1,1,0,0,5,7,0,1,0,1,0,0,1,0,0,0,0,0,3,1,2,1,1,1,0,0
735,0,1,0,1,3,4,5,4,7,0,0,0,0,0,0,0,0,0,0,0,3,3,5,0,3,0,0,1,2,4,1,3,1,0,0,0,3,0,3,0,2,0,0,3,2
736,0,1,1,0,4,1,4,1,4,0,0,0,0,0,0,0,0,0,0,2,0,4,2,1,2,0,0,1,3,3,5,2,7,0,0,2,2,0,1,3,0,3,0,2,0
737,0,0,2,2,2,0,1,6,19,0,0,0,0,0,0,0,0,0,1,1,2,1,3,5,7,0,1,2,0,2,0,1,0,0,0,0,0,1,3,3,1,2,2,0,2
738,0,0,2,2,2,0,1,6,95,0,0,0,0,0,0,0,0,0,1,1,2,1,3,5,7,0,1,2,0,2,0,1,0,0,0,2,3,1,3,3,2,0,2,0,3
739,0,1,0,1,3,4,5,4,7,0,0,0,0,0,0,0,0,0,0,0,3,3,5,0,3,0,0,1,2,4,1,3,1,0,0,3,2,3,1,0,1,2,2,2,2
740,0,1,1,0,4,5,0,1,73,0,0,0,0,0,0,0,0,0,0,2,0,4,0,1,2,0,0,1,3,3,5,2,7,0,0,3,1,2,2,2,0,3,0,0,0
741,0,1,0,0,4,1,4,3,35,0,0,0,0,0,0,0,0,0,0,2,0,4,2,4,0,0,0,1,3,4,1,3,3,0,0,1,3,0,2,0,0,2,2,3,0
742,0,0,1,3,1,5,1,6,82,0,0,0,0,0,0,0,0,0,1,1,1,0,0,5,7,0,0,0,1,0,0,1,7,0,0,2,0,3,0,0,1,3,1,2,2
743,0,1,0,1,3,4,5,4,13,0,0,0,0,0,0,0,0,0,0,0,3,3,5,0,3,0,0,1,2,4,1,3,1,0,0,0,0,3,3,0,1,1,2,3,1
744,0,0,2,3,1,3,3,5,6,0,0,0,0,0,0,0,0,0,1,1,1,0,4,6,5,0,0,0,1,0,2,4,4,0,0,1,3,2,0,1,2,0,3,1,1
745,0,0,1,3,1,3,3,5,-1,0,0,0,0,0,0,0,0,0,1,2,1,0,4,6,5,0,0,0,1,0,2,4,4,0,0,0,1,1,3,3,2,0,1,2,0
746,0,1,1,0,4,5,0,1,4,0,0,0,0,0,0,0,0,0,0,2,0,4,0,1,2,0,0,1,3,3,0,2,7,0,0,3,1,2,3,3,1,3,2,3,0
747,0,1,0,1,0,2,2,0,124,0,0,0,0,0,0,0,0,0,0,0,2,2,1,2,4,0,1,2,2,1,0,0,6,0,0,0,3,3,0,3,2,2,1,3,0
748,0,1,1,3,1,5,0,1,49,0,0,0,0,0,0,0,0,0,1,2,1,0,0,1,2,0,0,0,1,3,0,2,7,0,0,2,1,2,0,2,0,3,0,2,3
749,0,0,1,3,1,3,3,5,90,0,0,0,0,0,0,0,0,0,1,2,1,0,4,6,5,0,0,0,1,0,2,4,4,0,0,1,3,1,2,2,1,1,3,1,1
750,0,1,1,0,4,5,0,1,4,0,0,0,0,0,0,0,0,0,1,2,0,4,0,1,2,0,0,1,3,3,0,2,7,0,0,3,2,2,2,1,2,3,2,0,3
751,0,0,2,2,0,2,2,0,0,0,0,0,0,0,0,0,0,0,1,1,2,2,1,2,4,0,1,2,0,2,3,0,6,0,0,3,0,3,2,0,1,3,3,3,1
752,0,0,1,3,1,3,3,5,100,0,0,0,0,0,0,0,0,0,1,2,1,0,4,6,5,0,0,0,1,0,2,4,4,0,0,2,2,1,1,3,3,2,1,3,0
753,0,1,1,0,4,1,4,3,20,0,0,0,0,0,0,0,0,0,0,2,0,4,2,4,0,0,0,1,3,3,5,2,3,0,0,3,1,0,3,0,2,2,2,1,3
754,0,1,0,1,3,4,5,4,7,0,0,0,0,0,0,0,0,0,0,0,3,3,5,0,3,0,0,1,2,4,1,3,1,0,0,0,3,0,0,2,0,0,1,3,0
755,0,0,2,3,1,3,3,5,6,0,0,0,0,0,0,0,0,0,1,1,1,0,4,6,5,0,0,0,1,0,2,4,4,0,0,2,2,0,1,3,0,1,1,1,0
756,0,1,1,0,4,1,4,3,35,0,0,0,0,0,0,0,0,0,0,2,0,4,2,4,0,0,0,1,3,3,5,2,3,0,0,0,1,2,0,1,0,1,3,3,1
757,0,0,1,3,1,5,0,1,33,0,0,0,0,0,0,0,0,0,1,2,1,0,0,1,2,0,0,0,1,0,0,1,7,0,0,1,0,1,3,3,2,1,2,2,2
758,0,1,1,3,0,5,0,1,56,0,0,0,0,0,0,0,0,0,1,2,0,2,0,1,2,0,0,0,1,0,0,1,7,0,0,3,1,1,2,1,0,3,2,0,1
759,0,1,0,1,3,4,5,2,16,0,0,0,0,0,0,0,0,0,0,0,3,3,5,0,1,0,1,1,2,1,3,6,5,0,0,3,2,0,2,2,1,1,2,0,3
760,0,1,1,0,4,5,0,1,4,0,0,0,0,0,0,0,0,0,0,2,0,4,0,1,2,0,0,1,3,3,0,2,7,0,0,3,1,3,0,0,1,2,0,0,2
761,0,1,0,1,3,4,5,4,7,0,0,0,0,0,0,0,0,0,0,0,3,3,5,0,3,0,0,1,2,4,1,3,1,0,0,0,0,3,3,3,1,2,1,3,2
762,0,0,1,3,1,3,3,5,3,0,0,0,0,0,0,0,0,0,1,2,1,0,4,6,5,0,0,0,1,0,2,4,4,0,0,3,1,0,3,3,3,2,3,2,3
763,0,1,0,1,0,2,2,0,125,0,0,0,0,0,0,0,0,0,0,0,3,2,1,2,4,0,1,2,2,1,0,0,6,0,0,0,2,3,3,0,3,0,0,3,2
764,0,0,2,2,2,0,6,0,0,0,0,0,0,0,0,0,0,0,1,1,2,1,3,3,4,0,1,2,0,2,4,5,2,0,0,3,1,1,0,1,2,1,3,0,1
765,0,0,1,3,1,5,0,1,-1,0,0,0,0,0,0,0,0,0,1,2,1,0,4,1,2,0,0,0,1,0,5,2,7,0,0,0,1,1,0,1,3,2,3,1,3
766,0,0,1,3,1,3,3,5,11,0,0,0,0,0,0,0,0,0,1,2,1,0,4,6,5,0,0,0,1,0,2,4,4,0,0,0,0,2,3,1,1,1,0,2,0
767,0,0,2,3,1,3,1,6,-1,0,0,0,0,0,0,0,0,0,1,1,1,0,0,5,7,0,1,0,1,0,0,1,0,0,0,2,1,1,3,3,3,3,3,2,3
768,0,0,2,2,0,5,1,6,-1,0,0,0,0,0,0,0,0,0,1,1,2,2,0,5,7,0,1,2,0,2,0,1,0,0,0,2,3,2,2,1,3,2,3,3,3
769,0,1,0,1,3,4,5,4,53,0,0,0,0,0,0,0,0,0,0,0,3,3,5,0,3,0,0,1,2,4,1,3,1,0,0,3,1,2,2,0,3,1,0,1,3
770,0,0,2,3,1,3,1,6,66,0,0,0,0,0,0,0,0,0,1,1,1,0,0,5,7,0,1,0,1,0,0,1,0,0,0,0,1,3,0,3,1,0,3,3,0
771,0,0,2,2,2,0,6,7,52,0,0,0,0,0,0,0,0,0,1,1,2,1,3,3,6,0,1,2,0,2,4,5,2,0,0,2,2,1,0,2,3,3,3,2,3
772,0,0,2,2,2,0,1,6,19,0,0,0,0,0,0,0,0,0,1,1,2,1,3,5,7,0,1,2,0,2,4,1,0,0,0,2,2,1,1,1,0,0,1,2,2
773,0,1,0,1,0,2,2,0,124,0,0,0,0,0,0,0,0,0,0,0,3,2,1,2,3,0,1,1,2,1,0,0,6,0,0,1,1,3,0,2,0,2,2,0,0
774,0,0,2,3,1,3,3,5,109,0,0,0,0,0,0,0,0,0,1,2,1,0,4,6,5,0,0,0,1,0,2,4,4,0,0,3,1,0,2,2,2,3,0,1,3
775,0,0,2,2,0,2,6,0,0,0,0,0,0,0,0,0,0,0,1,1,2,1,1,3,4,0,1,2,0,2,4,5,2,0,0,3,1,2,1,0,1,2,0,0,1
776,0,1,0,1,0,2,2,0,43,0,0,0,0,0,0,0,0,0,0,0,3,2,1,2,4,0,1,2,2,1,3,0,6,0,0,1,3,3,1,0,2,2,1,2,1
777,0,1,1,3,1,5,0,1,112,0,0,0,0,0,0,0,0,0,1,2,1,2,0,1,2,0,0,0,1,0,0,1,7,0,0,2,3,0,3,3,1,2,2,3,0
778,0,0,2,2,0,2,2,0,76,0,0,0,0,0,0,0,0,0,0,1,2,2,1,2,4,0,1,2,2,1,0,0,6,0,0,0,0,3,1,3,2,3,1,1,0
779,0,0,2,2,2,0,6,7,10,0,0,0,0,0,0,0,0,0,1,1,2,1,3,3,6,0,1,2,0,2,4,5,2,0,0,0,0,3,2,3,0,1,2,2,3
780,0,1,1,0,4,1,0,1,32,0,0,0,0,0,0,0,0,0,0,2,0,4,2,1,2,0,0,1,3,3,5,2,7,0,0,1,1,0,1,3,0,1,0,2,1
781,0,0,1,3,1,3,3,5,115,0,0,0,0,0,0,0,0,0,1,2,1,0,4,6,5,0,0,0,1,0,2,4,4,0,0,2,0,2,1,1,2,0,1,0,2
782,0,0,2,3,1,3,3,5,119,0,0,0,0,0,0,0,0,0,1,1,1,0,4,6,5,0,0,0,1,0,2,4,4,0,0,2,3,2,2,3,0,1,3,1,1
783,0,1,1,0,4,1,0,1,-1,0,0,0,0,0,0,0,0,0,0,2,0,4,2,1,2,0,0,1,3,3,5,2,7,0,0,2,1,2,0,1,2,0,2,2,0
784,0,0,2,2,0,5,1,6,29,0,0,0,0,0,0,0,0,0,1,1,2,2,0,5,7,0,1,2,0,2,0,1,0,0,0,1,1,2,3,3,2,1,2,2,2
785,0,1,0,1,3,4,5,4,7,0,0,0,0,0,0,0,0,0,0,0,3,3,5,0,3,0,0,1,2,4,1,3,1,0,0,1,3,0,0,2,2,1,0,1,3
786,0,0,1,3,1,3,3,5,11,0,0,0,0,0,0,0,0,0,1,2,1,0,4,6,5,0,0,0,1,0,2,4,4,0,0,2,0,0,1,0,0,3,3,1,1
787,0,0,2,3,1,5,1,6,29,0,0,0,0,0,0,0,0,0,1,1,1,2,0,5,7,0,1,0,1,0,0,1,0,0,0,0,2,1,1,2,0,1,3,1,1
788,0,1,1,0,4,1,4,3,20,0,0,0,0,0,0,0,0,0,0,2,0,4,2,4,0,0,0,1,3,3,5,2,3,0,0,2,1,2,2,2,3,2,0,2,3
789,0,1,0,1,3,4,5,2,16,0,0,0,0,0,0,0,0,0,0,0,3,3,5,0,1,0,1,1,2,1,3,6,5,0,0,3,2,3,1,3,2,3,0,1,1
790,0,0,2,2,2,2,6,0,68,0,0,0,0,0,0,0,0,0,1,1,2,1,3,3,4,0,1,2,0,2,4,5,2,0,0,1,0,0,3,3,0,2,3,1,2
791,0,0,2,2,0,2,1,6,-1,0,0,0,0,0,0,0,0,0,1,1,2,2,1,5,7,0,1,2,0,2,0,1,0,0,0,2,1,1,1,0,0,3,2,2,3
792,0,1,0,1,3,4,5,2,16,0,0,0,0,0,0,0,0,0,0,0,3,3,5,0,1,0,1,1,2,1,3,6,5,0,0,3,1,3,0,2,1,2,0,1,3
793,0,1,1,0,4,1,4,3,26,0,0,0,0,0,0,0,0,0,0,2,0,4,2,4,0,0,0,1,3,3,5,2,3,0,0,1,3,2,2,1,3,1,2,1,1
794,0,1,1,0,4,1,0,1,57,0,0,0,0,0,0,0,0,0,0,2,0,4,2,1,0,0,0,1,3,3,5,2,7,0,0,1,1,0,2,1,3,1,0,0,0
795,0,1,0,1,3,4,5,2,-1,0,0,0,0,0,0,0,0,0,0,0,3,3,5,0,1,0,0,1,2,4,1,3,1,0,0,1,2,3,3,2,1,0,1,1,2
796,0,0,2,2,2,0,6,7,25,0,0,0,0,0,0,0,0,0,1,1,2,1,3,3,6,0,1,2,0,2,4,5,2,0,0,3,1,1,3,3,2,3,1,2,0
797,0,1,1,3,1,5,0,1,14,0,0,0,0,0,0,0,0,0,1,2,1,0,4,1,2,0,0,0,1,3,5,2,7,0,0,3,0,2,1,2,1,2,3,0,1
798,0,1,1,0,4,1,4,3,26,0,0,0,0,0,0,0,0,0,0,2,0,4,2,4,0,0,0,1,3,3,5,2,3,0,0,2,1,0,3,1,2,0,0,1,3
799,0,1,0,1,3,4,5,4,7,0,0,0,0,0,0,0,0,0,0,0,3,3,5,0,3,0,0,1,2,4,1,3,1,0,0,3,0,1,2,3,0,2,1,2,0
800,0,0,2,3,1,3,1,5,48,0,0,0,0,0,0,0,0,0,1,1,1,0,4,5,5,0,0,0,1,0,2,4,4,0,0,3,1,3,1,0,3,0,0,3,2
801,0,1,1,0,4,1,0,1,32,0,0,0,0,0,0,0,0,0,0,2,0,4,2,1,2,0,0,1,3,3,5,2,7,0,0,0,1,2,1,1,3,0,3,1,0
802,0,0,1,3,1,3,3,5,22,0,0,0,0,0,0,0,0,0,1,2,1,0,4,6,5,0,0,0,1,0,2,4,4,0,0,0,0,1,2,1,0,3,0,3,3
803,0,1,1,0,4,1,0,1,27,0,0,0,0,0,0,0,0,0,0,2,0,4,2,1,2,0,0,1,3,3,5,2,7,0,0,3,2,0,2,2,1,0,3,2,0
804,0,1,0,1,3,4,5,2,96,0,0,0,0,0,0,0,0,0,0,0,3,3,5,0,1,0,1,1,2,1,3,6,5,0,0,3,0,0,1,1,2,1,3,0,3
805,0,0,2,2,2,0,1,6,19,0,0,0,0,0,0,0,0,0,1,1,2,1,3,5,7,0,1,2,0,2,4,1,0,0,0,1,2,2,1,3,1,0,0,3,0
806,0,0,2,2,0,2,2,0,46,0,0,0,0,0,0,0,0,0,1,1,2,2,1,2,4,0,1,2,0,2,0,0,6,0,0,3,1,1,2,0,0,0,1,1,0
807,0,1,1,0,4,1,4,3,57,0,0,0,0,0,0,0,0,0,0,2,0,4,2,4,0,0,0,1,3,3,5,2,7,0,0,3,1,0,2,0,1,1,2,2,0
808,0,1,0,0,4,1,4,3,35,0,0,0,0,0,0,0,0,0,0,2,0,4,2,4,0,0,0,1,3,4,1,3,3,0,0,3,0,1,2,2,0,0,0,0,2
809,0,0,1,3,1,3,3,5,30,0,0,0,0,0,0,0,0,0,1,2,1,0,4,6,5,0,0,0,1,0,2,4,4,0,0,2,2,0,2,1,0,0,0,2,1
810,0,1,0,1,3,4,5,2,78,0,0,0,0,0,0,0,0,0,0,0,3,3,5,0,1,0,1,1,2,1,3,6,5,0,0,0,1,0,1,1,1,3,3,2,2
811,0,0,2,3,1,3,1,5,119,0,0,0,0,0,0,0,0,0,1,1,1,0,4,6,5,0,0,0,1,0,2,4,4,0,0,2,2,2,2,2,2,2,1,0,3
812,0,1,0,0,4,1,4,3,9,0,0,0,0,0,0,0,0,0,0,2,0,4,2,4,0,0,0,1,3,4,1,3,1,0,0,2,0,0,2,2,1,0,3,0,0
813,0,0,2,2,2,0,1,6,2,0,0,0,0,0,0,0,0,0,1,1,2,1,3,5,7,0,1,2,0,2,0,1,0,0,0,3,1,0,1,3,0,2,2,1,0
814,0,0,1,3,1,3,0,1,-1,0,0,0,0,0,0,0,0,0,1,2,1,0,4,6,5,0,0,0,1,0,2,4,7,0,0,1,1,0,3,3,0,3,3,0,2
815,0,0,2,2,0,2,2,0,76,0,0,0,0,0,0,0,0,0,0,1,2,2,1,2,4,0,1,2,2,1,0,0,6,0,0,1,2,1,3,3,0,3,1,0,0
816,0,1,0,1,3,4,5,4,7,0,0,0,0,0,0,0,0,0,0,0,3,3,5,0,3,0,0,1,2,4,1,3,1,0,0,1,2,3,3,2,3,1,2,3,3
817,0,1,0,1,3,4,5,2,-1,0,0,0,0,0,0,0,0,0,0,0,3,3,5,0,1,0,1,1,2,1,3,6,5,0,0,3,2,2,3,1,0,0,0,3,1
818,0,0,2,2,2,0,6,7,-1,0,0,0,0,0,0,0,0,0,1,1,2,1,3,3,6,0,1,2,0,2,4,5,2,0,0,3,3,1,2,2,3,3,1,0,2
819,0,0,2,3,1,3,1,6,60,0,0,0,0,0,0,0,0,0,1,1,1,0,4,5,7,0,1,0,1,0,0,1,0,0,0,2,2,0,0,1,2,2,2,2,3
820,0,0,1,3,1,3,3,5,126,0,0,0,0,0,0,0,0,0,1,2,1,0,4,6,5,0,0,0,1,0,2,4,4,0,0,2,2,1,3,0,1,0,2,3,3
821,0,0,2,2,2,0,6,7,122,0,0,0,0,0,0,0,0,0,1,1,2,1,3,3,6,0,1,2,0,2,4,5,2,0,0,1,3,2,1,2,1,3,3,1,2
822,0,0,2,2,2,0,6,7,10,0,0,0,0,0,0,0,0,0,1,1,2,1,3,3,6,0,1,2,0,2,4,5,2,0,0,3,3,0,2,1,3,2,2,1,3
823,0,1,1,0,4,1,4,3,15,0,0,0,0,0,0,0,0,0,0,2,0,4,2,4,0,0,0,1,3,3,5,2,3,0,0,3,0,0,3,0,2,3,1,1,3
824,0,0,2,2,2,0,1,7,-1,0,0,0,0,0,0,0,0,0,1,1,2,1,3,5,6,0,1,2,0,2,4,1,0,0,0,2,3,1,0,3,2,2,2,3,2
825,0,0,1,3,1,5,0,6,98,0,0,0,0,0,0,0,0,0,1,2,1,0,0,5,7,0,0,0,1,0,0,1,7,0,0,2,0,1,3,3,1,0,3,2,1
826,0,1,0,1,3,2,2,2,89,0,0,0,0,0,0,0,0,0,0,0,3,3,1,2,1,0,1,1,2,1,3,0,6,0,0,1,2,1,0,2,1,3,2,2,1
827,0,0,2,2,2,2,6,0,0,0,0,0,0,0,0,0,0,0,1,1,2,1,3,3,4,0,1,2,0,2,4,5,2,0,0,3,2,1,2,1,0,0,3,1,2
828,0,1,0,1,3,4,2,2,59,0,0,0,0,0,0,0,0,0,0,0,3,3,5,0,1,0,1,1,2,1,3,6,5,0,0,2,2,1,3,0,1,2,0,1,1
829,0,0,2,2,0,5,1,6,70,0,0,0,0,0,0,0,0,0,1,1,2,2,0,5,7,0,1,2,2,2,0,1,6,0,0,0,2,0,1,2,3,2,3,0,3
830,0,1,0,1,0,5,2,6,70,0,0,0,0,0,0,0,0,0,0,0,2,2,0,2,7,0,1,1,2,2,0,1,6,0,0,0,3,1,2,1,3,2,0,2,2
831,0,0,1,3,1,3,3,5,11,0,0,0,0,0,0,0,0,0,1,2,1,0,4,6,5,0,0,0,1,0,2,4,4,0,0,0,0,2,3,2,1,3,0,1,1
832,0,0,1,3,1,3,3,5,11,0,0,0,0,0,0,0,0,0,1,2,1,0,4,6,5,0,0,0,1,0,2,4,4,0,0,1,1,3,0,1,3,1,2,3,2
833,0,1,1,0,4,1,0,1,27,0,0,0,0,0,0,0,0,0,0,2,0,4,2,1,2,0,0,1,3,3,5,2,7,0,0,3,1,2,3,3,2,2,0,3,0
834,0,1,1,0,4,1,4,3,26,0,0,0,0,0,0,0,0,0,0,2,0,4,2,4,0,0,0,1,3,3,5,2,3,0,0,0,1,0,0,0,3,3,3,0,1
835,0,1,1,0,4,1,4,3,103,0,0,0,0,0,0,0,0,0,0,2,0,4,2,4,0,0,0,1,3,3,5,2,3,0,0,2,2,3,0,1,2,2,1,2,3
836,0,1,1,0,4,1,4,3,15,0,0,0,0,0,0,0,0,0,0,2,0,4,2,4,0,0,0,1,3,3,5,2,3,0,0,0,2,3,3,0,3,3,3,3,3
837,0,1,0,1,3,4,5,2,81,0,0,0,0,0,0,0,0,0,0,0,3,3,5,0,1,0,1,1,2,1,3,6,5,0,0,0,0,2,0,1,2,1,0,2,2
838,0,1,1,0,4,1,0,1,4,0,0,0,0,0,0,0,0,0,0,2,0,4,2,1,2,0,0,1,3,3,0,2,7,0,0,1,3,0,3,1,2,3,1,0,2
839,0,1,0,1,0,2,2,4,58,0,0,0,0,0,0,0,0,0,0,0,3,2,1,2,3,0,1,1,2,1,0,0,6,0,0,2,0,2,1,1,0,2,2,1,1
840,0,1,0,1,3,4,5,4,45,0,0,0,0,0,0,0,0,0,0,0,3,3,5,0,3,0,1,1,2,1,3,0,1,0,0,3,1,1,3,0,0,1,1,1,2
841,0,0,2,2,2,0,1,7,2,0,0,0,0,0,0,0,0,0,1,1,2,1,3,5,6,0,1,2,0,2,4,1,0,0,0,3,3,1,0,1,2,0,0,3,0
842,0,0,1,3,1,5,1,6,82,0,0,0,0,0,0,0,0,0,1,1,1,0,0,5,7,0,0,0,1,0,0,1,0,0,0,0,1,3,3,1,0,0,0,3,0
843,0,0,2,2,2,0,6,7,80,0,0,0,0,0,0,0,0,0,1,1,2,1,3,3,6,0,1,2,0,2,4,1,0,0,0,2,1,1,1,3,1,2,0,2,0
844,0,1,1,0,4,1,4,3,20,0,0,0,0,0,0,0,0,0,0,2,0,4,2,4,0,0,0,1,3,3,5,2,3,0,0,0,0,0,0,2,0,1,2,3,0
845,0,0,2,2,0,2,2,0,108,0,0,0,0,0,0,0,0,0,0,0,2,2,1,2,4,0,1,2,2,1,0,0,6,0,0,2,2,0,0,2,3,1,1,2,2
846,0,1,0,1,3,4,5,2,-1,0,0,0,0,0,0,0,0,0,0,0,3,3,5,0,1,0,1,1,2,1,3,6,5,0,0,0,0,0,0,0,1,1,0,3,1
847,0,0,2,2,2,0,6,7,40,0,0,0,0,0,0,0,0,0,1,1,2,1,3,3,6,0,1,2,0,2,4,1,0,0,0,1,1,1,3,3,1,0,0,3,0
848,0,1,0,0,4,1,4,4,67,0,0,0,0,0,0,0,0,0,0,0,0,4,2,4,3,0,0,1,3,4,1,3,1,0,0,0,0,0,0,3,0,1,1,3,1
849,0,1,0,1,3,4,2,2,127,0,0,0,0,0,0,0,0,0,0,0,3,3,5,0,1,0,1,1,2,1,3,6,5,0,0,0,1,2,1,0,3,2,1,0,2
850,0,1,1,0,4,1,0,1,4,0,0,0,0,0,0,0,0,0,0,2,0,4,2,1,2,0,0,1,3,3,5,2,7,0,0,1,1,2,3,2,3,1,3,0,2
851,0,0,1,3,0,5,1,6,1,0,0,0,0,0,0,0,0,0,1,1,1,2,0,5,7,0,0,0,1,0,0,1,0,0,0,2,2,3,1,2,2,1,3,0,2
852,0,1,0,1,3,4,5,2,16,0,0,0,0,0,0,0,0,0,0,0,3,3,5,0,1,0,1,1,2,1,3,6,5,0,0,2,0,3,2,0,1,3,1,3,3
853,0,1,1,0,4,1,0,1,110,0,0,0,0,0,0,0,0,0,0,2,0,4,2,1,2,0,0,1,3,3,5,2,7,0,0,2,1,3,2,0,2,2,0,0,3
854,0,1,0,1,3,4,5,2,8,0,0,0,0,0,0,0,0,0,0,0,3,3,5,0,1,0,1,1,2,1,3,6,5,0,0,1,2,2,2,3,3,1,0,2,2
855,0,0,2,2,0,2,2,0,46,0,0,0,0,0,0,0,0,0,1,1,2,2,1,2,4,0,1,2,0,2,0,0,6,0,0,0,0,3,0,2,0,2,3,1,1
856,0,0,2,2,0,2,2,0,29,0,0,0,0,0,0,0,0,0,1,1,2,2,1,2,4,0,1,2,0,2,0,0,6,0,0,3,2,1,3,0,3,0,3,3,0
857,0,0,2,2,2,0,6,7,28,0,0,0,0,0,0,0,0,0,1,1,2,1,3,3,6,0,1,2,0,2,4,5,2,0,0,0,1,2,0,1,1,2,2,2,1
858,0,0,1,3,1,3,3,5,126,0,0,0,0,0,0,0,0,0,1,2,1,0,4,6,5,0,0,0,1,0,2,4,4,0,0,2,3,3,3,1,3,1,3,2,3
859,0,0,0,1,0,2,2,0,114,0,0,0,0,0,0,0,0,0,0,0,3,2,1,2,4,0,1,2,2,1,3,0,6,0,0,2,2,3,1,2,2,2,1,2,2
860,0,0,1,3,1,3,3,5,22,0,0,0,0,0,0,0,0,0,1,2,1,0,4,6,5,0,0,0,1,0,2,4,4,0,0,1,2,3,0,1,3,3,1,0,0
861,0,1,0,0,4,1,4,3,9,0,0,0,0,0,0,0,0,0,0,2,0,4,2,4,3,0,0,1,3,4,1,3,1,0,0,3,1,0,2,1,2,1,1,1,3
862,0,1,1,0,4,1,4,3,20,0,0,0,0,0,0,0,0,0,0,2,0,4,2,4,0,0,0,1,3,3,5,2,3,0,0,3,1,3,1,1,3,2,3,0,2
863,0,0,1,3,1,3,3,5,-1,0,0,0,0,0,0,0,0,0,1,1,1,0,4,6,5,0,0,0,1,0,0,1,0,0,0,1,3,2,1,0,1,0,2,3,1
864,0,1,0,1,3,4,5,2,113,0,0,0,0,0,0,0,0,0,0,0,3,3,5,0,1,0,1,1,2,1,3,6,5,0,0,0,3,2,2,2,1,3,3,3,2
865,0,1,1,0,4,1,4,3,26,0,0,0,0,0,0,0,0,0,0,2,0,4,2,4,0,0,0,1,3,3,5,2,3,0,0,0,3,0,0,1,0,2,1,2,0
866,0,1,0,1,3,4,5,4,7,0,0,0,0,0,0,0,0,0,0,0,3,3,5,0,3,0,0,1,2,4,1,3,1,0,0,0,0,1,1,2,2,1,1,2,0
867,0,1,0,1,3,4,5,4,7,0,0,0,0,0,0,0,0,0,0,0,3,3,5,0,3,0,0,1,2,4,1,3,1,0,0,1,0,1,2,2,0,1,1,2,2
868,0,0,2,2,2,0,6,7,28,0,0,0,0,0,0,0,0,0,1,1,2,1,3,3,6,0,1,2,0,2,4,5,2,0,0,0,0,1,3,1,2,1,0,0,0
869,0,0,2,3,1,3,3,5,6,0,0,0,0,0,0,0,0,0,1,1,1,0,4,6,5,0,0,0,1,0,2,4,4,0,0,1,0,2,3,0,0,0,2,1,0
870,0,1,1,0,4,5,0,1,4,0,0,0,0,0,0,0,0,0,1,2,0,4,0,1,2,0,0,1,3,3,0,2,7,0,0,0,2,3,0,0,1,0,1,3,3
871,0,1,0,1,3,4,2,2,127,0,0,0,0,0,0,0,0,0,0,0,3,3,5,0,1,0,1,1,2,1,3,6,5,0,0,3,3,1,3,3,2,3,0,2,2
872,0,0,2,2,0,2,2,0,0,0,0,0,0,0,0,0,0,0,1,1,2,2,1,2,4,0,1,2,2,1,3,0,6,0,0,3,0,1,3,3,3,3,3,2,2
873,0,1,0,1,3,4,5,2,16,0,0,0,0,0,0,0,0,0,0,0,3,3,5,0,1,0,1,1,2,1,3,6,5,0,0,2,0,3,0,0,2,0,2,2,2
874,0,1,1,0,4,1,4,3,17,0,0,0,0,0,0,0,0,0,0,2,0,4,2,4,0,0,0,1,3,3,5,2,3,0,0,1,2,3,3,1,1,1,0,2,2
875,0,1,0,1,3,4,5,4,7,0,0,0,0,0,0,0,0,0,0,0,3,3,5,0,3,0,0,1,2,4,1,3,1,0,0,2,0,0,2,3,0,0,1,0,1
876,0,0,2,2,2,0,6,7,-1,0,0,0,0,0,0,0,0,0,1,1,2,1,3,3,6,0,1,2,0,2,4,1,0,0,0,3,1,1,2,1,0,0,2,0,3
877,0,0,2,2,2,0,1,6,2,0,0,0,0,0,0,0,0,0,1,1,2,1,3,5,7,0,1,2,0,2,0,1,0,0,0,2,1,3,0,2,1,0,3,2,1
878,0,0,2,2,2,0,6,7,10,0,0,0,0,0,0,0,0,0,1,1,2,1,3,3,6,0,1,2,0,2,4,5,2,0,0,0,1,1,0,3,1,1,0,3,1
879,0,0,2,2,2,0,6,7,28,0,0,0,0,0,0,0,0,0,1,1,2,1,3,3,6,0,1,2,0,2,4,5,2,0,0,1,1,2,3,3,0,2,0,3,1
880,0,0,1,3,1,3,3,5,85,0,0,0,0,0,0,0,0,0,1,2,1,0,4,6,5,0,0,0,1,0,0,1,7,0,0,1,2,0,0,2,0,3,1,2,3
881,0,0,2,2,0,2,2,0,46,0,0,0,0,0,0,0,0,0,1,1,2,2,1,2,4,0,1,2,0,2,0,0,6,0,0,2,0,0,3,1,1,1,3,0,1
882,0,0,2,3,1,3,1,6,66,0,0,0,0,0,0,0,0,0,1,1,1,0,0,5,7,0,1,0,1,0,0,1,0,0,0,3,0,0,3,0,1,2,3,0,1
883,0,0,2,2,0,2,2,0,0,0,0,0,0,0,0,0,0,0,0,1,2,2,1,2,4,0,1,2,2,1,3,0,6,0,0,2,0,2,3,2,1,1,2,1,1
884,0,1,0,1,0,2,2,0,124,0,0,0,0,0,0,0,0,0,0,0,3,2,1,2,4,0,1,2,2,1,0,0,6,0,0,0,3,1,0,2,0,2,2,3,3
885,0,1,0,0,4,1,4,3,9,0,0,0,0,0,0,0,0,0,0,2,0,4,2,4,0,0,0,1,3,4,1,3,3,0,0,1,0,1,3,0,2,2,3,3,1
886,0,0,2,2,2,0,6,7,25,0,0,0,0,0,0,0,0,0,1,1,2,1,3,3,6,0,1,2,0,2,4,5,2,0,0,2,0,2,3,1,3,3,3,3,2
887,0,1,1,0,4,1,4,3,-1,0,0,0,0,0,0,0,0,0,0,2,0,4,2,4,0,0,0,1,3,3,5,2,3,0,0,0,2,1,0,2,1,1,1,2,2
888,0,1,0,1,3,4,5,2,16,0,0,0,0,0,0,0,0,0,0,0,3,3,5,0,1,0,1,1,2,1,3,6,5,0,0,1,1,1,3,1,1,3,2,1,0
889,0,0,1,3,1,3,3,5,115,0,0,0,0,0,0,0,0,0,1,2,1,0,4,6,5,0,0,0,1,0,2,4,4,0,0,2,0,3,1,3,1,3,0,1,2
890,0,0,2,2,0,2,2,0,0,0,0,0,0,0,0,0,0,0,1,1,2,2,1,2,4,0,1,2,0,1,3,0,6,0,0,1,3,1,3,1,3,0,1,0,2
891,0,0,2,2,2,0,1,7,2,0,0,0,0,0,0,0,0,0,1,1,2,1,3,5,6,0,1,2,0,2,4,1,0,0,0,0,3,1,0,1,3,2,1,1,2
892,0,1,0,1,3,4,5,2,16,0,0,0,0,0,0,0,0,0,0,0,3,3,5,0,1,0,1,1,2,1,3,6,5,0,0,3,0,2,3,2,1,0,3,3,0
893,0,1,1,0,4,5,0,1,4,0,0,0,0,0,0,0,0,0,0,2,0,4,0,1,2,0,0,1,3,3,0,2,7,0,0,0,1,0,2,2,3,3,1,0,1
894,0,0,2,2,0,2,2,0,46,0,0,0,0,0,0,0,0,0,1,1,2,2,1,2,4,0,1,2,0,2,0,0,6,0,0,3,3,3,0,1,2,3,0,1,2
895,0,1,0,1,3,4,5,2,16,0,0,0,0,0,0,0,0,0,0,0,3,3,5,0,1,0,1,1,2,1,3,6,5,0,0,1,1,2,1,2,3,3,2,0,2
896,0,1,0,1,3,4,5,4,7,0,0,0,0,0,0,0,0,0,0,0,3,3,5,0,3,0,0,1,2,4,1,3,1,0,0,1,0,2,2,0,3,0,3,3,2
897,0,1,0,1,3,4,5,2,8,0,0,0,0,0,0,0,0,0,0,0,3,3,5,0,1,0,1,1,2,1,3,6,5,0,0,3,2,3,1,0,3,3,3,0,2
898,0,0,2,2,0,2,2,0,0,0,0,0,0,0,0,0,0,0,1,1,2,2,1,2,4,0,1,2,2,1,3,0,6,0,0,1,2,0,3,2,0,3,2,2,1
899,0,1,1,0,4,5,0,1,4,0,0,0,0,0,0,0,0,0,0,2,0,4,0,1,2,0,0,1,3,3,0,1,7,0,0,1,3,3,2,0,2,3,1,1,2
900,0,1,0,0,4,1,4,4,67,0,0,0,0,0,0,0,0,0,0,0,0,4,2,4,3,0,0,1,3,4,1,3,1,0,0,1,1,2,1,3,1,3,2,2,2
901,0,0,2,2,0,2,6,0,47,0,0,0,0,0,0,0,0,0,1,1,2,2,1,2,4,0,1,2,0,2,4,0,6,0,0,0,2,2,0,0,3,0,3,1,0
902,0,1,0,1,3,4,5,4,79,0,0,0,0,0,0,0,0,0,0,0,3,3,5,0,1,0,0,1,2,4,1,3,1,0,0,2,0,1,2,2,1,0,2,2,2
903,0,0,2,2,2,0,6,0,47,0,0,0,0,0,0,0,0,0,1,1,2,1,3,3,4,0,1,2,0,2,4,0,6,0,0,1,2,1,2,1,2,2,1,3,3
904,0,1,1,0,4,1,4,3,-1,0,0,0,0,0,0,0,0,0,0,2,0,4,2,4,0,0,0,1,3,3,5,2,3,0,0,3,1,1,0,2,2,3,1,0,0
905,0,0,2,2,2,0,1,6,2,0,0,0,0,0,0,0,0,0,1,1,2,1,3,5,7,0,1,2,0,2,0,1,0,0,0,2,2,1,3,2,1,1,1,0,2
906,0,0,2,2,0,0,1,6,2,0,0,0,0,0,0,0,0,0,1,1,2,2,0,5,7,0,1,2,0,2,0,1,0,0,0,0,3,3,0,3,2,0,1,2,0
907,0,1,1,0,4,1,4,3,26,0,0,0,0,0,0,0,0,0,0,2,0,4,2,4,0,0,0,1,3,3,5,2,3,0,0,1,3,2,3,2,0,0,1,3,3
908,0,1,0,1,0,2,2,4,37,0,0,0,0,0,0,0,0,0,0,0,3,2,1,2,3,0,1,1,2,1,0,0,6,0,0,1,3,1,2,3,0,2,0,2,3
909,0,1,0,1,3,4,5,2,24,0,0,0,0,0,0,0,0,0,0,0,3,3,5,0,1,0,1,1,2,4,1,6,1,0,0,2,3,2,2,0,1,3,1,1,3
910,0,1,1,0,4,1,4,3,20,0,0,0,0,0,0,0,0,0,0,2,0,4,2,4,0,0,0,1,3,3,5,2,3,0,0,3,3,1,2,2,2,0,2,3,2
911,0,0,2,2,2,0,6,7,10,0,0,0,0,0,0,0,0,0,1,1,2,1,3,3,6,0,1,2,0,2,4,5,2,0,0,1,3,3,2,0,1,2,0,1,0
912,0,0,2,3,1,3,3,5,60,0,0,0,0,0,0,0,0,0,1,1,1,0,4,6,5,0,0,0,1,0,2,4,4,0,0,1,1,2,3,0,0,1,0,1,3
913,0,1,1,0,4,1,4,3,26,0,0,0,0,0,0,0,0,0,0,2,0,4,2,4,0,0,0,1,3,3,5,2,3,0,0,2,3,1,1,3,1,1,3,2,1
914,0,1,2,2,0,5,1,6,70,0,0,0,0,0,0,0,0,0,1,1,2,2,0,5,7,0,1,2,2,2,0,1,6,0,0,2,1,1,2,0,0,1,0,0,1
915,0,0,2,3,1,3,3,5,-1,0,0,0,0,0,0,0,0,0,1,1,1,0,4,6,5,0,0,0,1,0,2,4,4,0,0,0,3,0,0,2,2,3,0,2,3
916,0,1,0,0,4,1,4,4,67,0,0,0,0,0,0,0,0,0,0,0,0,4,2,4,3,0,0,1,3,4,1,3,1,0,0,3,2,1,2,1,1,0,2,3,1
917,0,1,0,0,4,1,4,3,9,0,0,0,0,0,0,0,0,0,0,2,0,4,2,4,0,0,0,1,3,4,1,3,3,0,0,2,2,3,3,1,3,0,1,2,0
918,0,0,2,2,0,2,2,0,43,0,0,0,0,0,0,0,0,0,0,0,2,2,1,2,4,0,1,2,2,1,3,0,6,0,0,3,0,3,1,2,2,1,2,0,0
919,0,1,0,1,3,4,5,2,78,0,0,0,0,0,0,0,0,0,0,0,3,3,5,0,1,0,1,1,2,1,3,6,5,0,0,3,2,0,2,0,1,3,3,3,3
920,0,0,1,3,1,5,3,5,98,0,0,0,0,0,0,0,0,0,1,2,1,0,0,6,2,0,0,0,1,0,0,1,7,0,0,3,3,3,1,0,1,3,3,1,0
921,0,0,1,3,1,3,3,5,126,0,0,0,0,0,0,0,0,0,1,2,1,0,4,6,5,0,0,0,1,0,2,4,4,0,0,2,0,3,3,2,3,3,3,0,2
922,0,1,0,0,4,1,4,4,83,0,0,0,0,0,0,0,0,0,0,0,0,4,2,4,3,0,0,1,3,4,1,3,1,0,0,3,0,3,3,3,3,2,3,0,3
923,0,0,1,3,1,3,3,5,3,0,0,0,0,0,0,0,0,0,1,2,1,0,4,6,5,0,0,0,1,0,2,4,4,0,0,0,1,1,1,1,3,1,3,3,3
924,0,1,0,1,0,2,2,0,5,0,0,0,0,0,0,0,0,0,0,0,3,2,1,2,4,0,1,2,2,1,3,0,6,0,0,2,0,3,2,0,1,3,1,3,2
925,0,1,1,0,4,1,4,3,26,0,0,0,0,0,0,0,0,0,0,2,0,4,2,4,0,0,0,1,3,3,5,2,3,0,0,0,2,0,0,3,2,0,2,1,2
926,0,0,2,2,2,0,1,6,19,0,0,0,0,0,0,0,0,0,1,1,2,1,3,5,7,0,1,2,0,2,0,1,0,0,0,1,3,3,0,1,1,1,3,0,0
927,0,1,0,1,3,4,5,2,8,0,0,0,0,0,0,0,0,0,0,0,3,3,5,0,1,0,1,1,2,1,3,6,5,0,0,1,0,2,0,0,1,2,2,2,3
928,0,1,0,0,4,1,4,4,41,0,0,0,0,0,0,0,0,0,0,0,0,4,2,1,3,0,0,1,3,4,1,3,1,0,0,0,2,3,3,2,2,3,0,2,0
929,0,1,0,0,4,1,4,4,67,0,0,0,0,0,0,0,0,0,0,0,0,4,2,4,3,0,0,1,3,4,1,3,1,0,0,1,0,2,1,2,3,0,2,2,3
930,0,1,0,1,4,5,0,4,99,0,0,0,0,0,0,0,0,0,0,0,3,2,0,1,3,0,0,1,2,4,1,3,1,0,0,2,3,0,3,1,0,0,2,2,1
931,0,1,0,1,3,4,5,2,81,0,0,0,0,0,0,0,0,0,0,0,3,3,5,0,1,0,1,1,2,1,3,6,5,0,0,0,0,1,2,3,0,2,2,0,2
932,0,0,1,3,1,3,0,1,-1,0,0,0,0,0,0,0,0,0,1,2,1,0,4,6,2,0,0,0,1,0,2,4,7,0,0,3,2,2,0,0,3,3,1,0,3
933,0,1,0,1,3,4,5,2,8,0,0,0,0,0,0,0,0,0,0,0,3,3,5,0,1,0,1,1,2,1,3,6,5,0,0,0,2,3,1,0,0,0,2,3,2
934,0,0,1,3,1,3,3,5,11,0,0,0,0,0,0,0,0,0,1,2,1,0,4,6,5,0,0,0,1,0,2,4,4,0,0,0,1,2,3,1,0,1,0,0,3
935,0,1,0,1,3,4,5,2,96,0,0,0,0,0,0,0,0,0,0,0,3,3,5,0,1,0,1,1,2,1,3,6,5,0,0,0,1,0,0,0,1,1,1,2,1
936,0,1,0,1,3,4,5,2,8,0,0,0,0,0,0,0,0,0,0,0,3,3,5,0,1,0,1,1,2,1,3,6,5,0,0,1,1,0,1,1,2,1,1,0,3
937,0,0,2,2,0,2,2,0,0,0,0,0,0,0,0,0,0,0,0,0,2,2,1,2,4,0,1,2,2,1,3,0,6,0,0,0,2,1,1,1,3,3,3,2,2
938,0,1,0,1,3,4,5,2,128,0,0,0,0,0,0,0,0,0,0,0,3,3,5,0,1,0,1,1,2,1,3,6,5,0,0,0,1,1,3,0,0,1,1,3,1
939,0,0,2,2,0,2,2,0,47,0,0,0,0,0,0,0,0,0,1,1,2,2,1,2,4,0,1,2,0,2,4,0,6,0,0,1,0,0,3,2,2,0,2,3,2
940,0,1,0,1,3,4,5,2,24,0,0,0,0,0,0,0,0,0,0,0,3,3,5,0,1,0,1,1,2,4,1,6,5,0,0,0,0,3,2,3,1,1,2,1,0
941,0,1,0,1,0,2,2,4,37,0,0,0,0,0,0,0,0,0,0,0,3,2,1,2,3,0,1,1,2,1,0,0,6,0,0,1,3,2,1,1,1,1,1,3,0
942,0,0,1,3,1,3,3,5,11,0,0,0,0,0,0,0,0,0,1,2,1,0,4,6,5,0,0,0,1,0,2,4,4,0,0,1,0,0,0,2,2,2,3,2,3
943,0,0,1,3,1,3,3,5,22,0,0,0,0,0,0,0,0,0,1,2,1,0,4,6,5,0,0,0,1,0,2,4,4,0,0,3,0,3,3,0,0,3,3,3,2
944,0,1,1,3,1,5,0,1,14,0,0,0,0,0,0,0,0,0,1,2,1,0,4,1,2,0,0,0,1,3,5,2,7,0,0,2,1,1,3,3,1,3,2,3,1
945,0,0,2,2,2,0,6,7,74,0,0,0,0,0,0,0,0,0,1,1,2,1,3,3,6,0,1,2,0,2,4,5,2,0,0,3,1,2,2,1,1,3,0,3,2
946,0,1,0,1,3,4,5,2,16,0,0,0,0,0,0,0,0,0,0,0,3,3,5,0,1,0,1,1,2,1,3,6,5,0,0,2,3,1,0,3,0,2,3,1,2
947,0,0,2,2,2,5,1,6,-1,0,0,0,0,0,0,0,0,0,1,1,2,2,0,5,7,0,1,0,1,2,0,1,0,0,0,0,0,1,1,2,3,3,1,3,0
948,0,1,0,1,3,4,5,4,53,0,0,0,0,0,0,0,0,0,0,0,3,3,5,0,3,0,0,1,2,4,1,3,1,0,0,2,2,1,2,0,0,2,3,3,0
949,0,0,2,2,2,0,1,6,2,0,0,0,0,0,0,0,0,0,1,1,2,1,3,5,7,0,1,2,0,2,0,1,0,0,0,1,2,2,0,3,0,0,2,1,2
950,0,1,1,0,4,1,0,1,57,0,0,0,0,0,0,0,0,0,0,2,0,4,2,1,2,0,0,1,3,3,5,2,7,0,0,0,3,0,1,0,3,0,2,3,3
951,0,1,1,0,4,1,4,3,21,0,0,0,0,0,0,0,0,0,0,2,0,4,2,4,0,0,0,1,3,3,5,2,3,0,0,1,0,3,2,0,1,0,0,2,0
952,0,1,0,1,0,2,2,0,37,0,0,0,0,0,0,0,0,0,0,0,3,2,1,2,3,0,1,1,2,1,0,0,6,0,0,1,2,1,0,1,0,2,3,0,0
953,0,1,1,0,4,5,0,1,4,0,0,0,0,0,0,0,0,0,0,2,0,4,0,1,2,0,0,1,3,3,0,1,7,0,0,0,0,1,0,0,2,3,2,0,3
954,0,1,0,1,0,5,2,4,-1,0,0,0,0,0,0,0,0,0,0,0,3,2,1,2,3,0,0,1,2,4,0,0,6,0,0,2,1,2,1,1,0,0,0,2,0
955,0,1,0,1,0,2,2,0,43,0,0,0,0,0,0,0,0,0,0,0,3,2,1,2,4,0,1,2,2,1,3,0,6,0,0,3,0,3,2,0,3,1,2,3,0
956,0,1,0,1,3,4,5,2,128,0,0,0,0,0,0,0,0,0,0,0,3,3,5,0,1,0,1,1,2,1,3,6,5,0,0,2,1,3,2,2,1,3,2,0,1
957,0,0,1,3,1,5,0,1,33,0,0,0,0,0,0,0,0,0,1,2,1,0,0,1,2,0,0,0,1,0,0,1,7,0,0,1,2,2,1,1,2,3,1,3,2
958,0,1,0,1,3,4,5,2,16,0,0,0,0,0,0,0,0,0,0,0,3,3,5,0,1,0,1,1,2,1,3,6,5,0,0,1,1,1,1,3,0,2,0,3,3
959,0,1,0,1,3,4,5,2,55,0,0,0,0,0,0,0,0,0,0,0,3,3,5,0,1,0,1,1,2,1,3,6,5,0,0,0,3,2,3,3,2,0,1,3,0
960,0,0,2,2,0,5,1,6,29,0,0,0,0,0,0,0,0,0,1,1,2,2,0,5,7,0,1,2,0,2,0,1,0,0,0,0,0,1,1,3,2,1,0,1,0
961,0,1,0,1,0,2,2,0,125,0,0,0,0,0,0,0,0,0,0,0,3,2,1,2,4,0,1,2,2,1,0,0,6,0,0,1,2,0,0,0,1,3,3,3,1
962,0,1,0,1,3,4,5,4,7,0,0,0,0,0,0,0,0,0,0,0,3,3,5,0,3,0,0,1,2,4,1,3,1,0,0,2,3,3,3,0,3,0,3,2,1
963,0,1,1,0,4,1,4,3,20,0,0,0,0,0,0,0,0,0,0,2,0,4,2,4,0,0,0,1,3,3,5,2,3,0,0,2,0,2,1,2,0,2,1,0,1
964,0,0,1,3,1,3,0,1,87,0,0,0,0,0,0,0,0,0,1,2,1,0,4,1,2,0,0,0,1,0,2,4,7,0,0,1,2,3,1,1,2,1,2,2,0
965,0,1,0,1,3,4,5,2,78,0,0,0,0,0,0,0,0,0,0,0,3,3,5,0,1,0,1,1,2,1,3,6,5,0,0,3,2,3,3,2,2,1,1,0,1
966,0,0,2,3,1,3,3,5,6,0,0,0,0,0,0,0,0,0,1,1,1,0,4,6,5,0,0,0,1,0,2,4,4,0,0,3,1,0,0,0,2,0,3,1,3
967,0,1,1,0,4,5,0,1,4,0,0,0,0,0,0,0,0,0,1,2,0,4,0,1,2,0,0,1,3,3,0,2,7,0,0,3,0,3,3,2,1,2,2,1,2
968,0,0,2,2,2,0,1,6,19,0,0,0,0,0,0,0,0,0,1,1,2,1,3,5,7,0,1,2,0,2,4,1,0,0,0,3,3,0,0,2,3,3,1,2,3
969,0,0,2,2,2,0,1,6,19,0,0,0,0,0,0,0,0,0,1,1,2,1,3,5,7,0,1,2,0,2,0,1,0,0,0,1,3,2,1,0,2,1,1,1,1
970,0,1,0,1,3,2,2,2,64,0,0,0,0,0,0,0,0,0,0,0,3,3,1,2,1,0,1,1,2,1,3,0,6,0,0,3,0,2,1,3,0,2,1,0,3
971,0,0,2,2,0,2,2,0,29,0,0,0,0,0,0,0,0,0,1,1,2,2,1,2,4,0,1,2,0,2,0,0,6,0,0,3,2,0,0,0,0,0,0,1,2
972,0,0,2,2,2,0,1,7,31,0,0,0,0,0,0,0,0,0,1,1,2,1,3,3,6,0,1,2,0,2,4,1,0,0,0,0,3,1,2,1,3,3,2,0,0
973,0,0,2,2,0,2,2,0,46,0,0,0,0,0,0,0,0,0,1,1,2,2,1,2,4,0,1,2,0,2,0,0,6,0,0,3,2,3,1,0,2,3,2,0,1
974,0,1,0,0,4,1,4,3,35,0,0,0,0,0,0,0,0,0,0,2,0,4,2,4,0,0,0,1,3,4,1,3,3,0,0,1,1,3,2,3,3,3,1,1,2
975,0,1,1,0,4,1,4,3,26,0,0,0,0,0,0,0,0,0,0,2,0,4,2,4,0,0,0,1,3,3,5,2,3,0,0,2,2,0,1,1,1,0,2,2,0
976,0,0,2,2,0,2,2,0,29,0,0,0,0,0,0,0,0,0,1,1,2,2,1,2,4,0,1,2,0,2,0,0,6,0,0,3,2,2,2,2,3,0,3,2,3
977,0,1,1,0,4,1,4,3,20,0,0,0,0,0,0,0,0,0,0,2,0,4,2,4,0,0,0,1,3,3,5,2,3,0,0,1,3,2,3,0,3,3,3,2,3
978,0,0,2,2,0,2,2,0,0,0,0,0,0,0,0,0,0,0,0,1,2,2,1,2,4,0,1,2,2,1,3,0,6,0,0,3,0,0,2,3,1,0,2,3,1
979,0,1,0,0,4,1,4,4,41,0,0,0,0,0,0,0,0,0,0,0,0,4,2,1,3,0,0,1,3,4,1,3,1,0,0,0,1,2,2,1,0,1,1,2,1
980,0,0,2,2,0,2,2,0,0,0,0,0,0,0,0,0,0,0,0,0,2,2,1,2,4,0,1,2,2,1,3,0,6,0,0,2,2,1,0,0,3,0,3,3,3
981,0,1,1,3,1,5,0,1,14,0,0,0,0,0,0,0,0,0,1,2,1,0,4,1,2,0,0,0,1,3,5,2,7,0,0,2,0,2,0,3,0,2,1,0,1
982,0,0,1,3,1,3,3,5,-1,0,0,0,0,0,0,0,0,0,1,2,1,0,4,6,5,0,0,0,1,0,2,4,4,0,0,0,3,0,3,1,3,2,3,0,3
983,0,0,2,2,0,2,2,0,0,0,0,0,0,0,0,0,0,0,1,1,2,2,1,2,4,0,1,2,2,1,3,0,6,0,0,2,2,0,0,3,3,3,2,0,0
984,0,1,1,0,4,1,4,3,26,0,0,0,0,0,0,0,0,0,0,2,0,4,2,4,0,0,0,1,3,3,5,2,3,0,0,2,0,1,0,2,1,1,0,0,0
985,0,1,1,0,4,1,4,3,26,0,0,0,0,0,0,0,0,0,0,2,0,4,2,4,0,0,0,1,3,3,5,2,3,0,0,2,3,3,1,3,3,0,1,2,3
986,0,0,1,3,1,3,3,5,126,0,0,0,0,0,0,0,0,0,1,2,1,0,4,6,5,0,0,0,1,0,2,4,4,0,0,1,3,3,3,0,0,1,3,2,2
987,0,1,1,0,1,5,0,1,14,0,0,0,0,0,0,0,0,0,1,2,0,4,4,1,2,0,0,0,1,3,5,2,7,0,0,0,2,3,0,0,1,3,3,1,0
988,0,1,1,0,4,1,4,3,26,0,0,0,0,0,0,0,0,0,0,2,0,4,2,4,0,0,0,1,3,3,5,2,3,0,0,1,0,3,0,3,0,0,2,0,1
989,0,0,2,2,2,0,1,6,19,0,0,0,0,0,0,0,0,0,1,1,2,1,3,5,7,0,1,2,0,2,0,1,0,0,0,0,3,0,3,1,3,2,0,2,2
990,0,0,1,3,1,5,1,6,-1,0,0,0,0,0,0,0,0,0,1,1,1,2,0,5,7,0,0,0,1,0,0,1,0,0,0,2,1,2,2,2,1,1,1,0,1
991,0,1,1,0,4,5,0,1,4,0,0,0,0,0,0,0,0,0,0,2,0,4,0,1,2,0,0,1,3,3,0,2,7,0,0,3,0,2,0,2,0,0,1,2,2
992,0,0,2,2,2,0,6,7,123,0,0,0,0,0,0,0,0,0,1,1,2,1,3,3,6,0,1,2,0,2,4,5,2,0,0,1,2,1,2,1,2,1,3,3,1
993,0,0,2,3,1,5,1,6,29,0,0,0,0,0,0,0,0,0,1,1,1,0,0,5,7,0,1,0,1,0,0,1,0,0,0,0,3,2,2,2,1,1,1,0,2
994,0,1,0,1,3,4,5,4,7,0,0,0,0,0,0,0,0,0,0,0,3,3,5,0,3,0,0,1,2,4,1,3,1,0,0,0,1,3,1,2,0,3,1,0,1
995,0,1,0,1,0,2,2,4,37,0,0,0,0,0,0,0,0,0,0,0,3,2,1,2,3,0,1,1,2,1,0,0,6,0,0,0,3,1,3,2,0,3,1,0,0
996,0,1,0,1,3,4,5,4,7,0,0,0,0,0,0,0,0,0,0,0,3,3,5,0,3,0,0,1,2,4,1,3,1,0,0,0,3,0,2,1,1,3,0,2,1
997,0,0,2,2,2,0,1,7,40,0,0,0,0,0,0,0,0,0,1,1,2,1,3,3,6,0,1,2,0,2,4,1,0,0,0,2,3,2,2,3,3,3,0,0,3
998,0,0,2,2,2,0,6,7,38,0,0,0,0,0,0,0,0,0,1,1,2,1,3,3,6,0,1,2,0,2,4,5,2,0,0,2,2,2,0,2,0,0,3,3,3
999,0,0,2,2,2,0,6,7,71,0,0,0,0,0,0,0,0,0,1,1,2,1,3,3,6,0,1,2,0,2,4,5,2,0,0,2,1,1,2,1,2,1,2,2,3
