,kmeans_n_clusters_1,kmeans_n_clusters_2,kmeans_n_clusters_3,kmeans_n_clusters_4,kmeans_n_clusters_5,kmeans_n_clusters_6,kmeans_n_clusters_7,kmeans_n_clusters_8,dbscan_eps_0_1_min_samples_2,dbscan_eps_0_2_min_samples_2,dbscan_eps_0_3_min_samples_2,dbscan_eps_0_4_min_samples_2,dbscan_eps_0_5_min_samples_2,dbscan_eps_0_6_min_samples_2,dbscan_eps_0_7_min_samples_2,dbscan_eps_0_8_min_samples_2,dbscan_eps_0_9_min_samples_2,spectral_clustering_n_clusters_1_eigen_solver_arpack_affinity_nearest_neighbors,spectral_clustering_n_clusters_2_eigen_solver_arpack_affinity_nearest_neighbors,spectral_clustering_n_clusters_3_eigen_solver_arpack_affinity_nearest_neighbors,spectral_clustering_n_clusters_4_eigen_solver_arpack_affinity_nearest_neighbors,spectral_clustering_n_clusters_5_eigen_solver_arpack_affinity_nearest_neighbors,spectral_clustering_n_clusters_6_eigen_solver_arpack_affinity_nearest_neighbors,spectral_clustering_n_clusters_7_eigen_solver_arpack_affinity_nearest_neighbors,spectral_clustering_n_clusters_8_eigen_solver_arpack_affinity_nearest_neighbors,mean_shift_,kernel_kmeans_n_clusters_1_kernel_gak_random_state_0,kernel_kmeans_n_clusters_2_kernel_gak_random_state_0,kernel_kmeans_n_clusters_3_kernel_gak_random_state_0,kernel_kmeans_n_clusters_4_kernel_gak_random_state_0,kernel_kmeans_n_clusters_5_kernel_gak_random_state_0,kernel_kmeans_n_clusters_6_kernel_gak_random_state_0,kernel_kmeans_n_clusters_7_kernel_gak_random_state_0,kernel_kmeans_n_clusters_8_kernel_gak_random_state_0,optics_min_samples_2
0,0,1,2,1,2,2,0,0,0,0,0,0,0,0,0,0,0,0,0,0,0,0,3,6,1,0,0,1,1,2,2,1,2,4,0
1,0,1,0,3,4,1,5,5,1,0,0,0,0,0,0,0,0,0,1,1,2,4,0,2,6,0,0,1,1,1,2,0,5,7,278
2,0,1,2,1,0,0,4,3,2,0,0,0,0,0,0,0,0,0,0,0,0,2,5,2,0,0,0,1,1,2,1,3,5,6,116
3,0,1,2,3,4,3,2,4,3,0,0,0,0,0,0,0,0,0,1,1,2,4,2,5,5,0,0,1,2,1,0,4,6,5,279
4,0,0,0,0,3,4,1,5,4,0,0,0,0,0,0,0,0,0,1,2,3,1,4,4,6,0,0,0,2,0,4,2,1,2,181
5,0,0,1,2,2,2,0,0,5,0,0,0,0,0,0,0,0,0,0,0,1,0,3,6,1,0,0,0,0,3,2,1,2,4,9
6,0,1,2,3,4,3,2,4,6,0,0,0,0,0,0,0,0,0,1,1,2,4,2,5,5,0,0,1,1,1,0,4,6,5,269
7,0,0,1,2,1,5,3,2,7,0,0,0,0,0,0,0,0,0,1,2,1,3,1,1,4,0,0,0,0,3,3,5,0,3,80
8,0,0,1,2,1,5,6,7,8,0,0,0,0,0,0,0,0,0,0,2,1,0,3,3,3,0,0,0,0,3,3,5,0,1,74
9,0,0,0,0,3,4,1,1,9,0,0,0,0,0,0,0,0,0,1,2,3,3,1,1,4,0,0,0,2,0,4,2,4,0,223
10,0,1,2,1,0,0,4,6,10,0,0,0,0,0,0,0,0,0,0,0,0,2,5,0,7,0,0,1,1,2,1,3,3,6,102
11,0,1,0,3,4,3,2,4,11,0,0,0,0,0,0,0,0,0,1,1,2,4,2,5,5,0,0,1,2,1,0,4,6,5,242
12,0,0,1,2,1,5,3,0,12,0,0,0,0,0,0,0,0,0,0,2,1,0,0,6,1,0,0,0,0,3,2,1,2,3,44
13,0,0,1,2,1,5,3,2,13,0,0,0,0,0,0,0,0,0,1,2,1,3,1,1,4,0,0,0,0,3,3,5,0,3,78
14,0,1,0,3,4,1,5,5,14,0,0,0,0,0,0,0,0,0,1,1,2,4,4,4,6,0,0,1,2,1,0,4,1,2,280
15,0,0,0,0,3,4,1,1,15,0,0,0,0,0,0,0,0,0,1,2,3,1,4,4,2,0,0,0,2,0,4,2,4,0,212
16,0,0,0,0,3,4,1,1,9,0,0,0,0,0,0,0,0,0,1,2,3,3,1,1,2,0,0,0,2,0,4,2,4,0,222
17,0,0,1,2,1,5,6,7,16,0,0,0,0,0,0,0,0,0,0,2,1,0,3,3,3,0,0,0,0,3,3,5,0,1,62
18,0,0,0,0,3,4,1,1,17,0,0,0,0,0,0,0,0,0,1,2,3,1,4,4,2,0,0,0,2,0,4,2,4,0,-1
19,0,0,1,2,1,5,3,2,18,0,0,0,0,0,0,0,0,0,1,2,1,3,1,1,4,0,0,0,0,3,2,5,0,3,-1
20,0,1,2,1,0,0,4,3,19,0,0,0,0,0,0,0,0,0,0,0,0,2,0,2,0,0,0,1,1,2,1,3,5,7,123
21,0,0,0,0,3,4,1,1,20,0,0,0,0,0,0,0,0,0,1,2,3,1,4,4,2,0,0,0,2,0,4,2,4,0,215
22,0,1,0,3,4,3,2,4,-1,0,0,0,0,0,0,0,0,0,1,1,2,4,2,5,6,0,0,1,2,1,0,4,6,5,-1
23,0,0,0,0,3,4,1,1,21,0,0,0,0,0,0,0,0,0,1,2,3,1,4,4,2,0,0,0,2,0,4,2,4,0,189
24,0,0,1,2,1,5,3,2,7,0,0,0,0,0,0,0,0,0,1,2,1,3,1,1,4,0,0,0,0,3,3,5,0,3,-1
25,0,1,0,3,4,3,2,4,22,0,0,0,0,0,0,0,0,0,1,1,2,4,2,5,5,0,0,1,2,1,0,4,6,5,262
26,0,0,0,0,3,4,3,2,23,0,0,0,0,0,0,0,0,0,1,2,3,3,1,1,4,0,0,0,0,0,4,2,4,3,226
27,0,0,1,2,1,5,6,7,24,0,0,0,0,0,0,0,0,0,0,2,1,3,1,3,4,0,0,0,0,3,3,5,0,1,70
28,0,1,2,1,0,0,4,6,25,0,0,0,0,0,0,0,0,0,0,0,0,2,5,0,7,0,0,1,1,2,1,3,3,6,108
29,0,0,0,0,3,4,1,1,26,0,0,0,0,0,0,0,0,0,1,2,3,1,4,4,2,0,0,0,2,0,4,2,4,0,192
30,0,0,0,0,3,4,1,5,27,0,0,0,0,0,0,0,0,0,1,2,3,1,4,4,6,0,0,0,2,0,4,2,1,2,167
31,0,1,0,3,4,3,2,4,22,0,0,0,0,0,0,0,0,0,1,1,2,4,2,5,5,0,0,1,2,1,0,4,6,5,265
32,0,1,2,1,0,0,4,6,28,0,0,0,0,0,0,0,0,0,0,0,0,2,5,0,7,0,0,1,1,2,1,3,3,6,-1
33,0,0,1,2,1,5,6,7,24,0,0,0,0,0,0,0,0,0,1,2,1,3,1,1,4,0,0,0,0,3,3,5,0,1,69
34,0,1,0,3,4,3,2,4,-1,0,0,0,0,0,0,0,0,0,1,1,2,4,2,5,5,0,0,1,2,1,0,4,6,5,296
35,0,1,2,1,2,1,0,3,29,0,0,0,0,0,0,0,0,0,0,0,0,2,0,2,0,0,0,1,1,2,2,0,5,7,-1
36,0,1,2,1,2,2,0,0,29,0,0,0,0,0,0,0,0,0,0,0,0,2,0,2,1,0,0,1,1,2,2,1,5,7,133
37,0,1,0,3,4,3,2,4,30,0,0,0,0,0,0,0,0,0,1,1,2,4,0,2,5,0,0,1,2,1,0,4,6,5,187
38,0,1,2,1,0,0,4,3,31,0,0,0,0,0,0,0,0,0,0,0,0,2,5,2,0,0,0,1,1,2,1,3,3,6,131
39,0,0,1,2,1,5,6,7,16,0,0,0,0,0,0,0,0,0,0,2,1,0,3,3,3,0,0,0,0,3,3,5,0,1,64
40,0,0,0,0,3,1,5,5,32,0,0,0,0,0,0,0,0,0,1,2,3,1,4,4,6,0,0,0,2,0,4,2,1,2,166
41,0,1,0,3,4,1,5,5,33,0,0,0,0,0,0,0,0,0,1,1,2,4,0,2,6,0,0,1,2,1,0,0,1,2,156
42,0,1,0,3,4,3,2,4,34,0,0,0,0,0,0,0,0,0,1,1,2,4,2,5,5,0,0,1,2,1,0,4,6,5,254
43,0,1,2,1,0,0,4,3,2,0,0,0,0,0,0,0,0,0,0,0,0,2,0,2,0,0,0,1,1,2,1,3,5,7,-1
44,0,0,1,2,2,2,0,0,-1,0,0,0,0,0,0,0,0,0,0,2,1,0,3,6,1,0,0,0,0,3,2,1,2,4,-1
45,0,0,1,2,1,5,6,7,16,0,0,0,0,0,0,0,0,0,0,2,1,0,3,3,3,0,0,0,0,3,3,5,0,1,65
46,0,0,0,0,3,4,1,1,26,0,0,0,0,0,0,0,0,0,1,2,3,1,4,4,2,0,0,0,2,0,4,2,4,0,191
47,0,0,0,0,3,4,1,1,35,0,0,0,0,0,0,0,0,0,1,2,3,3,1,1,2,0,0,0,2,0,4,2,4,0,204
48,0,0,0,0,3,4,1,1,26,0,0,0,0,0,0,0,0,0,1,2,3,1,4,4,2,0,0,0,2,0,4,2,4,0,197
49,0,0,0,0,3,1,5,5,4,0,0,0,0,0,0,0,0,0,1,2,3,1,0,4,6,0,0,0,2,0,4,0,1,2,-1
50,0,0,0,0,3,4,1,1,-1,0,0,0,0,0,0,0,0,0,1,2,3,1,4,4,2,0,0,0,2,0,4,2,4,0,-1
51,0,1,1,1,2,2,0,0,0,0,0,0,0,0,0,0,0,0,0,0,1,0,3,6,1,0,0,0,0,2,2,1,2,4,4
52,0,0,0,0,3,4,1,1,36,0,0,0,0,0,0,0,0,0,1,2,3,1,4,4,2,0,0,0,2,0,4,2,4,0,188
53,0,0,1,2,2,5,3,0,37,0,0,0,0,0,0,0,0,0,0,2,1,0,0,6,1,0,0,0,0,3,2,1,2,3,-1
54,0,0,0,0,3,4,1,1,20,0,0,0,0,0,0,0,0,0,1,2,3,1,1,1,2,0,0,0,2,0,4,2,4,0,218
55,0,1,2,1,0,0,4,6,38,0,0,0,0,0,0,0,0,0,0,0,0,2,5,0,7,0,0,1,1,2,1,3,3,6,18
56,0,1,2,3,4,1,5,3,29,0,0,0,0,0,0,0,0,0,1,1,2,4,0,2,0,0,0,1,1,1,0,0,5,7,145
57,0,0,1,0,1,5,3,2,39,0,0,0,0,0,0,0,0,0,1,2,1,3,1,1,4,0,0,0,0,3,3,5,4,3,234
58,0,1,2,1,0,0,4,3,40,0,0,0,0,0,0,0,0,0,0,0,0,2,5,2,0,0,0,1,1,2,1,3,3,6,235
59,0,0,1,0,3,1,3,2,-1,0,0,0,0,0,0,0,0,0,1,2,1,3,1,1,4,0,0,0,0,0,4,0,1,3,99
60,0,0,0,0,3,1,3,2,41,0,0,0,0,0,0,0,0,0,1,2,3,3,1,1,4,0,0,0,2,0,4,0,1,3,239
61,0,0,1,2,1,5,6,7,16,0,0,0,0,0,0,0,0,0,0,2,1,0,3,3,3,0,0,0,0,3,3,5,0,1,-1
62,0,1,2,3,4,1,5,3,42,0,0,0,0,0,0,0,0,0,0,1,2,4,0,2,0,0,0,1,1,1,0,0,5,7,154
63,0,0,1,2,1,5,3,2,18,0,0,0,0,0,0,0,0,0,1,2,1,3,1,1,4,0,0,0,0,3,3,5,0,3,96
64,0,1,1,1,2,2,0,0,43,0,0,0,0,0,0,0,0,0,0,0,1,0,3,6,1,0,0,0,0,2,2,1,2,4,54
65,0,0,1,2,2,2,6,0,44,0,0,0,0,0,0,0,0,0,0,0,1,0,3,6,1,0,0,0,0,3,3,1,2,4,30
66,0,1,0,3,4,3,2,4,22,0,0,0,0,0,0,0,0,0,1,1,2,4,2,5,5,0,0,1,2,1,0,4,6,5,262
67,0,1,0,3,4,3,2,4,11,0,0,0,0,0,0,0,0,0,1,1,2,4,2,5,5,0,0,1,2,1,0,4,6,5,245
68,0,0,1,2,2,1,5,5,-1,0,0,0,0,0,0,0,0,0,1,2,1,2,0,2,1,0,0,0,0,0,2,0,1,7,-1
69,0,0,0,0,3,1,5,5,32,0,0,0,0,0,0,0,0,0,1,2,3,1,4,4,6,0,0,0,2,0,4,2,1,2,166
70,0,1,0,3,4,3,2,4,22,0,0,0,0,0,0,0,0,0,1,1,2,4,2,5,5,0,0,1,2,1,0,4,6,5,263
71,0,1,2,3,4,3,2,4,6,0,0,0,0,0,0,0,0,0,1,1,2,4,2,5,5,0,0,1,1,1,0,4,6,5,-1
72,0,0,1,2,1,5,3,2,45,0,0,0,0,0,0,0,0,0,0,2,1,0,3,6,4,0,0,0,0,3,3,5,0,3,229
73,0,0,0,0,3,4,1,1,17,0,0,0,0,0,0,0,0,0,1,2,3,1,4,4,6,0,0,0,2,0,4,2,4,0,208
74,0,0,0,0,3,4,1,1,35,0,0,0,0,0,0,0,0,0,1,2,3,3,1,1,2,0,0,0,2,0,4,2,4,0,204
75,0,1,2,1,2,2,0,0,46,0,0,0,0,0,0,0,0,0,0,0,0,2,0,6,1,0,0,1,1,2,2,1,2,4,24
76,0,1,0,3,4,3,2,4,11,0,0,0,0,0,0,0,0,0,1,1,2,4,2,5,5,0,0,1,2,1,0,4,6,5,248
77,0,1,2,1,2,2,0,6,47,0,0,0,0,0,0,0,0,0,0,0,0,2,5,6,1,0,0,1,1,2,1,3,3,4,10
78,0,0,0,0,3,1,5,5,4,0,0,0,0,0,0,0,0,0,1,2,3,1,0,4,6,0,0,0,2,0,4,0,1,2,178
79,0,0,1,2,1,5,6,7,16,0,0,0,0,0,0,0,0,0,0,2,1,0,3,3,3,0,0,0,0,3,3,5,0,1,60
80,0,1,2,3,4,3,2,3,48,0,0,0,0,0,0,0,0,0,1,1,2,4,2,5,5,0,0,1,1,1,0,4,5,5,297
81,0,1,0,3,4,1,5,5,49,0,0,0,0,0,0,0,0,0,1,1,2,4,0,2,6,0,0,1,2,1,0,0,1,2,162
82,0,1,2,1,0,0,4,3,2,0,0,0,0,0,0,0,0,0,0,0,0,2,0,2,0,0,0,1,1,2,1,3,5,7,114
83,0,1,2,1,0,0,4,6,50,0,0,0,0,0,0,0,0,0,0,0,0,2,5,2,0,0,0,1,1,2,1,3,3,6,119
84,0,0,0,3,4,1,5,5,14,0,0,0,0,0,0,0,0,0,1,1,2,1,4,4,6,0,0,1,2,1,0,4,1,2,283
85,0,1,2,1,2,2,0,0,46,0,0,0,0,0,0,0,0,0,0,0,0,2,0,6,1,0,0,1,1,2,2,1,2,4,21
86,0,1,2,3,0,0,4,3,51,0,0,0,0,0,0,0,0,0,0,0,0,2,0,2,0,0,0,1,1,1,1,3,5,7,276
87,0,1,2,1,0,0,4,6,52,0,0,0,0,0,0,0,0,0,0,0,0,2,5,0,7,0,0,1,1,2,1,3,3,6,28
88,0,0,0,0,3,1,5,5,-1,0,0,0,0,0,0,0,0,0,1,2,3,1,4,4,6,0,0,1,2,0,4,0,1,2,-1
89,0,1,1,2,2,2,0,0,0,0,0,0,0,0,0,0,0,0,0,0,1,0,3,6,1,0,0,0,0,3,2,1,2,4,-1
90,0,0,0,0,3,4,1,1,9,0,0,0,0,0,0,0,0,0,1,2,3,3,1,1,4,0,0,0,2,0,4,2,4,0,223
91,0,0,1,2,1,5,3,2,45,0,0,0,0,0,0,0,0,0,0,2,1,0,3,6,4,0,0,0,0,3,3,5,0,3,230
92,0,0,1,2,1,5,3,2,-1,0,0,0,0,0,0,0,0,0,1,2,1,3,1,1,4,0,0,0,0,3,3,5,0,3,-1
93,0,0,1,0,3,4,3,2,-1,0,0,0,0,0,0,0,0,0,1,2,3,3,1,1,4,0,0,0,0,0,4,2,4,0,289
94,0,0,0,0,3,4,1,1,26,0,0,0,0,0,0,0,0,0,1,2,3,1,4,4,2,0,0,0,2,0,4,2,4,0,199
95,0,0,1,2,1,5,6,7,16,0,0,0,0,0,0,0,0,0,0,2,1,0,3,3,3,0,0,0,0,3,3,5,0,1,60
96,0,0,1,2,1,5,3,2,53,0,0,0,0,0,0,0,0,0,1,2,1,3,1,1,4,0,0,0,0,3,3,5,0,3,79
97,0,0,0,0,3,4,1,1,35,0,0,0,0,0,0,0,0,0,1,2,3,1,4,4,2,0,0,0,2,0,4,2,4,0,200
98,0,1,2,1,0,0,4,6,54,0,0,0,0,0,0,0,0,0,0,0,0,2,5,2,0,0,0,1,1,2,1,3,3,6,236
99,0,0,1,2,1,5,6,7,16,0,0,0,0,0,0,0,0,0,0,2,1,0,3,3,3,0,0,0,0,3,3,5,0,1,64
100,0,1,2,3,4,3,2,4,6,0,0,0,0,0,0,0,0,0,1,1,2,4,2,5,5,0,0,1,1,1,0,4,6,5,267
101,0,1,2,1,2,2,0,0,0,0,0,0,0,0,0,0,0,0,0,0,0,0,3,6,1,0,0,1,1,2,2,1,2,4,-1
102,0,1,2,1,0,0,4,3,2,0,0,0,0,0,0,0,0,0,0,0,0,2,0,2,0,0,0,1,1,2,1,3,5,7,114
103,0,1,2,1,0,0,4,3,19,0,0,0,0,0,0,0,0,0,0,0,0,2,0,2,0,0,0,1,1,2,1,3,5,7,121
104,0,1,2,1,0,0,4,6,25,0,0,0,0,0,0,0,0,0,0,0,0,2,5,0,7,0,0,1,1,2,1,3,3,6,109
105,0,1,2,1,0,0,4,6,10,0,0,0,0,0,0,0,0,0,0,0,0,2,5,0,7,0,0,1,1,2,1,3,3,6,101
106,0,0,1,2,1,5,3,2,7,0,0,0,0,0,0,0,0,0,1,2,1,3,1,1,4,0,0,0,0,3,3,5,0,3,85
107,0,0,0,0,3,4,1,1,26,0,0,0,0,0,0,0,0,0,1,2,3,1,4,4,2,0,0,0,2,0,4,2,4,0,196
108,0,1,2,1,2,2,0,3,29,0,0,0,0,0,0,0,0,0,0,0,0,2,0,2,0,0,0,1,1,2,2,0,5,7,138
109,0,0,1,0,3,4,3,2,35,0,0,0,0,0,0,0,0,0,1,2,3,3,1,1,2,0,0,0,0,0,4,2,4,0,205
110,0,0,1,2,1,5,3,2,39,0,0,0,0,0,0,0,0,0,1,2,1,3,1,1,4,0,0,0,0,3,3,5,0,3,232
111,0,1,2,1,0,0,4,3,19,0,0,0,0,0,0,0,0,0,0,0,0,2,5,2,0,0,0,1,1,2,1,3,5,6,127
112,0,0,1,2,1,5,6,7,55,0,0,0,0,0,0,0,0,0,0,2,1,0,3,3,3,0,0,0,0,3,3,5,0,1,34
113,0,0,0,0,3,1,5,5,56,0,0,0,0,0,0,0,0,0,1,2,3,1,0,2,6,0,0,1,2,0,2,0,1,2,165
114,0,0,0,0,3,4,1,5,57,0,0,0,0,0,0,0,0,0,1,2,3,1,4,4,6,0,0,0,2,0,4,2,1,0,209
115,0,0,0,0,3,4,1,1,35,0,0,0,0,0,0,0,0,0,1,2,3,1,4,4,2,0,0,0,2,0,4,2,4,0,201
116,0,0,1,2,2,2,3,2,58,0,0,0,0,0,0,0,0,0,0,2,1,0,0,6,1,0,0,0,0,3,2,1,2,3,45
117,0,0,1,2,1,5,6,7,59,0,0,0,0,0,0,0,0,0,0,2,1,0,3,6,1,0,0,0,0,3,3,5,0,1,47
118,0,1,0,3,4,3,2,4,-1,0,0,0,0,0,0,0,0,0,1,1,2,4,2,5,5,0,0,1,2,1,0,4,6,5,-1
119,0,0,0,0,3,4,1,1,20,0,0,0,0,0,0,0,0,0,1,2,3,1,4,4,2,0,0,0,2,0,4,2,4,0,220
120,0,0,0,0,3,4,1,1,35,0,0,0,0,0,0,0,0,0,1,2,3,1,4,4,2,0,0,0,2,0,4,2,4,0,200
121,0,1,1,1,2,2,0,0,-1,0,0,0,0,0,0,0,0,0,0,0,1,0,0,6,1,0,0,0,0,2,2,1,2,4,-1
122,0,1,2,3,4,3,2,3,60,0,0,0,0,0,0,0,0,0,1,1,2,4,2,2,5,0,0,1,1,1,0,4,6,5,271
123,0,0,0,0,3,4,1,1,61,0,0,0,0,0,0,0,0,0,1,2,3,1,4,4,2,0,0,0,2,0,4,2,4,0,240
124,0,1,0,3,4,3,5,4,62,0,0,0,0,0,0,0,0,0,1,1,2,4,2,5,6,0,0,1,2,1,0,4,6,5,275
125,0,0,0,0,3,4,1,1,63,0,0,0,0,0,0,0,0,0,1,2,3,1,4,4,2,0,0,0,2,0,4,2,4,0,182
126,0,1,2,3,4,1,4,3,42,0,0,0,0,0,0,0,0,0,0,1,2,4,0,2,0,0,0,1,1,1,0,0,5,7,154
127,0,1,0,3,4,3,2,4,11,0,0,0,0,0,0,0,0,0,1,1,2,4,2,5,5,0,0,1,2,1,0,4,6,5,244
128,0,0,1,2,1,5,6,7,16,0,0,0,0,0,0,0,0,0,0,2,1,0,3,3,3,0,0,0,0,3,3,5,0,1,-1
129,0,1,2,1,0,0,4,3,2,0,0,0,0,0,0,0,0,0,0,0,0,2,0,2,0,0,0,1,1,2,1,3,5,7,113
130,0,1,2,3,4,1,5,3,29,0,0,0,0,0,0,0,0,0,1,1,2,4,0,2,0,0,0,1,1,1,0,0,5,7,145
131,0,0,1,2,1,5,6,7,64,0,0,0,0,0,0,0,0,0,0,2,1,0,3,6,1,0,0,0,0,3,3,5,2,1,57
132,0,1,0,3,4,3,2,4,22,0,0,0,0,0,0,0,0,0,1,1,2,4,2,5,5,0,0,1,2,1,0,4,6,5,-1
133,0,1,0,3,4,1,5,5,49,0,0,0,0,0,0,0,0,0,1,1,2,4,0,2,6,0,0,1,2,1,0,0,1,2,162
134,0,0,0,0,3,4,1,1,20,0,0,0,0,0,0,0,0,0,1,2,3,1,4,4,2,0,0,0,2,0,4,2,4,0,214
135,0,1,0,3,4,3,2,4,62,0,0,0,0,0,0,0,0,0,1,1,2,4,2,5,5,0,0,1,2,1,0,4,6,5,274
136,0,1,2,1,0,0,4,3,65,0,0,0,0,0,0,0,0,0,0,0,0,2,5,2,0,0,0,1,1,2,1,3,5,6,129
137,0,0,1,2,1,5,6,7,59,0,0,0,0,0,0,0,0,0,0,2,1,0,3,3,3,0,0,0,0,3,3,5,0,1,47
138,0,0,1,2,1,5,6,7,-1,0,0,0,0,0,0,0,0,0,0,2,1,0,3,6,1,0,0,0,0,3,3,1,2,1,58
139,0,1,0,3,4,1,5,5,14,0,0,0,0,0,0,0,0,0,1,1,2,4,4,4,6,0,0,1,2,1,0,4,1,2,280
140,0,1,2,1,0,0,4,3,19,0,0,0,0,0,0,0,0,0,0,0,0,2,0,2,0,0,0,1,1,2,1,0,5,7,124
141,0,0,1,2,1,5,3,2,24,0,0,0,0,0,0,0,0,0,1,2,1,3,1,1,4,0,0,0,0,3,3,5,0,1,71
142,0,1,2,3,4,3,2,3,66,0,0,0,0,0,0,0,0,0,0,1,0,2,0,2,0,0,0,1,1,1,0,0,5,7,273
143,0,0,0,0,3,4,1,1,26,0,0,0,0,0,0,0,0,0,1,2,3,1,4,4,2,0,0,0,2,0,4,2,4,0,193
144,0,1,2,1,0,0,4,6,10,0,0,0,0,0,0,0,0,0,0,0,0,2,5,0,7,0,0,1,1,2,1,3,3,6,100
145,0,0,1,0,3,4,3,2,67,0,0,0,0,0,0,0,0,0,1,2,3,3,1,1,4,0,0,0,0,0,4,2,4,3,92
146,0,0,1,2,1,5,6,7,64,0,0,0,0,0,0,0,0,0,0,2,1,0,3,6,1,0,0,0,0,3,3,5,0,1,57
147,0,1,2,3,4,1,5,3,29,0,0,0,0,0,0,0,0,0,1,1,2,4,0,2,0,0,0,1,1,1,0,0,5,7,146
148,0,0,0,0,3,4,1,1,15,0,0,0,0,0,0,0,0,0,1,2,3,1,4,4,2,0,0,0,2,0,4,2,4,0,211
149,0,1,2,1,2,2,0,6,68,0,0,0,0,0,0,0,0,0,0,0,0,2,5,0,7,0,0,1,1,2,1,3,3,4,15
150,0,1,0,3,4,1,5,5,33,0,0,0,0,0,0,0,0,0,1,1,2,4,0,2,6,0,0,1,2,1,2,0,1,2,-1
151,0,1,2,1,0,0,4,6,54,0,0,0,0,0,0,0,0,0,0,0,0,2,5,0,7,0,0,1,1,2,1,3,3,6,236
152,0,0,1,2,1,5,3,7,24,0,0,0,0,0,0,0,0,0,1,2,1,3,1,1,4,0,0,0,0,3,3,5,0,1,71
153,0,0,1,2,2,2,6,7,44,0,0,0,0,0,0,0,0,0,0,0,1,0,3,6,1,0,0,0,0,3,3,1,2,1,30
154,0,1,0,3,4,3,2,4,69,0,0,0,0,0,0,0,0,0,1,1,2,4,2,5,5,0,0,1,2,1,0,4,6,5,257
155,0,0,0,0,3,4,1,1,57,0,0,0,0,0,0,0,0,0,1,2,3,1,4,4,6,0,0,0,2,0,4,2,4,0,209
156,0,0,1,2,1,5,3,2,24,0,0,0,0,0,0,0,0,0,1,2,1,3,1,1,4,0,0,0,0,3,3,5,0,1,-1
157,0,0,1,2,1,5,6,7,55,0,0,0,0,0,0,0,0,0,0,2,1,0,3,3,3,0,0,0,0,3,3,5,0,1,34
158,0,1,2,3,4,3,2,4,6,0,0,0,0,0,0,0,0,0,1,1,2,4,2,5,5,0,0,1,1,1,0,4,6,5,266
159,0,1,1,2,2,2,0,0,43,0,0,0,0,0,0,0,0,0,0,0,1,0,3,6,1,0,0,0,0,3,2,1,2,4,-1
160,0,0,1,2,2,2,0,0,70,0,0,0,0,0,0,0,0,0,0,2,1,0,0,6,1,0,0,0,0,3,2,1,2,3,292
161,0,0,1,2,2,2,0,0,-1,0,0,0,0,0,0,0,0,0,0,0,1,0,0,6,1,0,0,0,0,3,2,1,2,4,38
162,0,0,1,2,1,5,3,2,45,0,0,0,0,0,0,0,0,0,0,2,1,0,3,6,1,0,0,0,0,3,3,5,0,3,231
163,0,1,2,1,0,0,4,6,71,0,0,0,0,0,0,0,0,0,0,0,0,2,5,0,7,0,0,1,1,2,1,3,3,6,107
164,0,0,1,2,1,5,3,2,72,0,0,0,0,0,0,0,0,0,1,2,3,3,1,1,4,0,0,0,0,3,3,5,0,3,241
165,0,0,0,0,3,1,5,5,73,0,0,0,0,0,0,0,0,0,1,2,3,1,4,4,6,0,0,0,2,0,4,2,1,2,228
166,0,0,1,2,1,5,3,2,7,0,0,0,0,0,0,0,0,0,1,2,1,3,1,1,4,0,0,0,0,3,3,5,0,3,84
167,0,1,2,1,0,0,4,6,74,0,0,0,0,0,0,0,0,0,0,0,0,2,5,0,7,0,0,1,1,2,1,3,3,6,14
168,0,1,2,3,4,3,2,4,75,0,0,0,0,0,0,0,0,0,1,1,2,4,2,5,5,0,0,1,2,1,0,4,6,5,255
169,0,1,0,3,4,3,2,4,22,0,0,0,0,0,0,0,0,0,1,1,2,4,2,5,6,0,0,1,2,1,0,4,6,5,265
170,0,1,2,1,2,2,0,0,76,0,0,0,0,0,0,0,0,0,0,0,0,0,0,6,1,0,0,1,1,2,2,1,2,4,26
171,0,1,2,1,2,2,0,0,29,0,0,0,0,0,0,0,0,0,0,0,0,2,0,2,1,0,0,1,1,2,2,1,2,4,-1
172,0,1,2,1,0,0,4,6,38,0,0,0,0,0,0,0,0,0,0,0,0,2,5,0,7,0,0,1,1,2,1,3,3,6,16
173,0,1,2,1,0,0,4,6,77,0,0,0,0,0,0,0,0,0,0,0,0,2,5,2,0,0,0,1,1,2,1,3,3,6,111
174,0,1,2,1,0,0,4,6,74,0,0,0,0,0,0,0,0,0,0,0,0,2,5,0,7,0,0,1,1,2,1,3,3,6,12
175,0,0,1,2,1,5,6,7,78,0,0,0,0,0,0,0,0,0,0,2,1,0,3,3,3,0,0,0,0,3,3,5,0,1,66
176,0,1,0,3,4,3,2,4,34,0,0,0,0,0,0,0,0,0,1,1,2,4,2,5,5,0,0,1,2,1,0,4,6,5,254
177,0,1,2,1,0,0,4,6,10,0,0,0,0,0,0,0,0,0,0,0,0,2,5,0,7,0,0,1,1,2,1,3,3,6,102
178,0,1,2,1,0,0,4,6,38,0,0,0,0,0,0,0,0,0,0,0,0,2,5,0,7,0,0,1,1,2,1,3,3,6,17
179,0,0,1,2,1,5,3,2,45,0,0,0,0,0,0,0,0,0,0,2,1,0,3,1,4,0,0,0,0,3,3,5,0,3,231
180,0,1,2,1,0,0,4,3,65,0,0,0,0,0,0,0,0,0,0,0,0,2,5,2,0,0,0,1,1,2,1,3,5,6,129
181,0,0,1,2,1,5,3,2,79,0,0,0,0,0,0,0,0,0,1,2,1,3,1,1,4,0,0,0,0,3,3,5,0,3,77
182,0,1,2,1,0,0,4,6,80,0,0,0,0,0,0,0,0,0,0,0,0,2,5,0,7,0,0,1,1,2,1,3,3,6,227
183,0,0,0,3,4,1,5,5,14,0,0,0,0,0,0,0,0,0,1,1,2,1,4,4,6,0,0,1,2,1,0,4,1,2,282
184,0,0,1,2,1,5,6,7,-1,0,0,0,0,0,0,0,0,0,0,2,1,0,3,3,3,0,0,0,0,3,3,5,0,1,-1
185,0,1,0,3,4,3,2,4,34,0,0,0,0,0,0,0,0,0,1,1,2,4,2,5,5,0,0,1,2,1,0,4,6,5,254
186,0,1,2,1,0,0,4,6,38,0,0,0,0,0,0,0,0,0,0,0,0,2,5,0,7,0,0,1,1,2,1,3,3,6,17
187,0,1,2,1,0,0,4,6,52,0,0,0,0,0,0,0,0,0,0,0,0,2,5,0,7,0,0,1,1,2,1,3,3,6,28
188,0,0,0,0,3,1,5,5,4,0,0,0,0,0,0,0,0,0,1,1,3,1,0,4,6,0,0,1,2,0,0,0,1,2,-1
189,0,1,2,1,0,0,4,3,19,0,0,0,0,0,0,0,0,0,0,0,0,2,5,2,0,0,0,1,1,2,1,3,5,7,126
190,0,0,1,2,1,5,3,2,7,0,0,0,0,0,0,0,0,0,1,2,1,3,1,1,4,0,0,0,0,3,3,5,0,3,81
191,0,1,2,1,2,2,0,0,29,0,0,0,0,0,0,0,0,0,0,0,0,2,0,2,1,0,0,1,1,2,2,1,5,7,134
192,0,0,0,0,3,4,1,1,63,0,0,0,0,0,0,0,0,0,1,2,3,1,4,4,2,0,0,0,2,0,4,2,4,0,182
193,0,1,2,1,0,0,4,6,0,0,0,0,0,0,0,0,0,0,0,0,0,2,5,0,7,0,0,1,1,2,1,3,3,6,-1
194,0,0,1,2,1,5,6,7,81,0,0,0,0,0,0,0,0,0,0,2,1,0,3,3,4,0,0,0,0,3,3,5,0,1,95
195,0,0,1,2,1,1,3,2,18,0,0,0,0,0,0,0,0,0,1,2,1,3,1,1,4,0,0,0,0,3,2,0,1,3,98
196,0,1,0,3,4,1,5,3,82,0,0,0,0,0,0,0,0,0,1,1,2,4,0,2,0,0,0,1,1,1,0,0,5,7,150
197,0,1,2,1,0,0,4,6,28,0,0,0,0,0,0,0,0,0,0,0,0,2,5,0,7,0,0,1,1,2,1,3,3,6,103
198,0,1,2,1,0,0,4,6,28,0,0,0,0,0,0,0,0,0,0,0,0,2,5,0,7,0,0,1,1,2,1,3,3,6,104
199,0,1,0,3,4,1,5,5,14,0,0,0,0,0,0,0,0,0,1,1,2,1,0,4,6,0,0,1,2,1,0,0,1,2,287
200,0,0,1,2,2,1,3,2,-1,0,0,0,0,0,0,0,0,0,1,2,1,3,0,1,4,0,0,0,0,3,2,0,1,3,-1
201,0,0,0,0,3,1,5,5,4,0,0,0,0,0,0,0,0,0,1,2,3,1,0,4,6,0,0,0,2,0,4,0,1,2,177
202,0,0,1,0,3,4,3,2,83,0,0,0,0,0,0,0,0,0,1,2,3,3,1,1,4,0,0,0,0,0,4,2,4,3,238
203,0,1,2,1,2,2,0,3,29,0,0,0,0,0,0,0,0,0,0,0,0,2,0,2,0,0,0,1,1,2,2,1,5,7,134
204,0,0,0,0,3,4,1,1,26,0,0,0,0,0,0,0,0,0,1,2,3,1,4,4,2,0,0,0,2,0,4,2,4,0,193
205,0,1,2,3,4,1,5,3,1,0,0,0,0,0,0,0,0,0,1,1,2,4,0,2,0,0,0,1,1,1,2,0,5,7,278
206,0,0,0,0,3,1,5,5,4,0,0,0,0,0,0,0,0,0,1,2,3,1,0,4,6,0,0,1,2,0,4,0,1,2,172
207,0,1,0,3,4,3,2,4,11,0,0,0,0,0,0,0,0,0,1,1,2,4,2,5,5,0,0,1,2,1,0,4,6,5,244
208,0,1,2,3,4,3,2,3,84,0,0,0,0,0,0,0,0,0,0,1,2,4,0,2,0,0,0,1,1,1,0,0,5,7,152
209,0,0,0,0,3,1,5,5,4,0,0,0,0,0,0,0,0,0,1,2,3,1,0,4,6,0,0,1,2,0,4,0,1,2,172
210,0,0,1,2,1,5,3,2,72,0,0,0,0,0,0,0,0,0,1,2,1,3,1,1,4,0,0,0,0,3,3,5,0,3,241
211,0,1,0,3,4,1,5,4,85,0,0,0,0,0,0,0,0,0,1,1,2,4,0,2,6,0,0,1,2,1,0,0,6,7,186
212,0,0,1,2,1,5,3,2,79,0,0,0,0,0,0,0,0,0,1,2,1,3,1,1,4,0,0,0,0,3,3,5,0,1,76
213,0,1,2,1,2,2,0,0,0,0,0,0,0,0,0,0,0,0,0,0,0,0,3,6,1,0,0,1,1,2,2,1,2,4,-1
214,0,0,1,2,1,5,6,7,86,0,0,0,0,0,0,0,0,0,0,2,1,0,3,3,3,0,0,0,0,3,3,5,0,1,36
215,0,1,2,1,0,0,4,6,38,0,0,0,0,0,0,0,0,0,0,0,0,2,5,0,7,0,0,1,1,2,1,3,3,6,18
216,0,0,0,3,4,1,5,5,14,0,0,0,0,0,0,0,0,0,1,1,2,1,4,4,6,0,0,1,2,1,0,4,1,2,284
217,0,1,2,1,0,0,4,3,19,0,0,0,0,0,0,0,0,0,0,0,0,2,5,2,0,0,0,1,1,2,1,3,5,7,126
218,0,1,0,3,4,3,5,5,87,0,0,0,0,0,0,0,0,0,1,1,2,4,2,5,6,0,0,1,2,1,0,4,6,2,290
219,0,1,2,1,2,2,0,0,46,0,0,0,0,0,0,0,0,0,0,0,0,2,0,6,1,0,0,1,1,2,2,1,2,4,24
220,0,1,2,1,0,0,4,6,88,0,0,0,0,0,0,0,0,0,0,0,0,2,5,2,0,0,0,1,1,2,1,3,3,6,120
221,0,1,0,3,4,1,5,5,33,0,0,0,0,0,0,0,0,0,1,1,2,4,0,2,6,0,0,1,2,1,0,0,1,2,-1
222,0,1,2,1,2,2,0,0,29,0,0,0,0,0,0,0,0,0,0,0,0,2,0,2,1,0,0,1,1,2,2,1,5,7,134
223,0,1,2,1,2,1,0,3,29,0,0,0,0,0,0,0,0,0,0,0,0,2,0,2,0,0,0,1,1,2,2,0,5,7,141
224,0,1,2,1,0,0,4,3,40,0,0,0,0,0,0,0,0,0,0,0,0,2,5,2,0,0,0,1,1,2,1,3,3,6,235
225,0,1,0,3,4,3,2,4,11,0,0,0,0,0,0,0,0,0,1,1,2,4,2,5,5,0,0,1,2,1,0,4,6,5,-1
226,0,0,1,2,2,2,6,7,89,0,0,0,0,0,0,0,0,0,0,2,1,0,3,6,1,0,0,0,0,3,3,1,2,1,31
227,0,0,1,0,1,5,3,2,67,0,0,0,0,0,0,0,0,0,1,2,3,3,1,1,4,0,0,0,0,3,3,5,0,3,-1
228,0,1,2,3,4,1,5,3,29,0,0,0,0,0,0,0,0,0,0,1,2,4,0,2,0,0,0,1,1,1,0,0,5,7,147
229,0,0,0,0,3,1,5,5,4,0,0,0,0,0,0,0,0,0,1,2,3,1,0,4,6,0,0,1,2,0,4,0,1,2,176
230,0,0,0,0,3,4,1,1,17,0,0,0,0,0,0,0,0,0,1,2,3,1,4,4,2,0,0,0,2,0,4,2,4,0,206
231,0,0,1,2,1,5,6,7,24,0,0,0,0,0,0,0,0,0,0,2,1,3,1,3,3,0,0,0,0,3,3,5,0,1,69
232,0,0,0,0,3,4,1,1,9,0,0,0,0,0,0,0,0,0,1,2,3,3,1,1,2,0,0,0,2,0,4,2,4,0,-1
233,0,0,1,2,1,5,6,7,8,0,0,0,0,0,0,0,0,0,0,2,1,0,3,3,3,0,0,0,0,3,3,5,0,1,75
234,0,1,2,1,0,0,4,3,19,0,0,0,0,0,0,0,0,0,0,0,0,2,0,2,0,0,0,1,1,2,1,3,5,7,-1
235,0,0,0,0,3,4,1,1,15,0,0,0,0,0,0,0,0,0,1,2,3,1,4,4,2,0,0,0,2,0,4,2,4,0,212
236,0,0,0,0,3,4,1,1,26,0,0,0,0,0,0,0,0,0,1,2,3,1,4,4,2,0,0,0,2,0,4,2,4,0,195
237,0,0,0,0,3,4,1,1,57,0,0,0,0,0,0,0,0,0,1,2,3,1,4,4,6,0,0,0,2,0,4,2,4,0,209
238,0,1,2,3,4,3,2,4,90,0,0,0,0,0,0,0,0,0,1,1,2,4,2,5,5,0,0,1,2,1,0,4,6,5,256
239,0,1,2,1,4,1,5,3,29,0,0,0,0,0,0,0,0,0,0,1,2,4,0,2,0,0,0,1,1,2,2,0,5,7,144
240,0,1,2,3,4,3,2,4,6,0,0,0,0,0,0,0,0,0,1,1,2,4,2,5,5,0,0,1,1,1,0,4,6,5,269
241,0,0,1,2,1,5,3,2,39,0,0,0,0,0,0,0,0,0,1,2,1,3,1,1,4,0,0,0,0,3,3,5,0,3,234
242,0,0,1,2,1,5,6,7,-1,0,0,0,0,0,0,0,0,0,0,2,1,0,3,3,3,0,0,0,0,3,3,5,0,1,-1
243,0,1,2,1,0,0,4,6,74,0,0,0,0,0,0,0,0,0,0,0,0,2,5,0,7,0,0,1,1,2,1,3,3,6,12
244,0,1,2,1,2,0,0,3,91,0,0,0,0,0,0,0,0,0,0,0,0,2,0,2,0,0,0,1,1,2,2,1,5,7,118
245,0,1,0,3,4,3,2,4,62,0,0,0,0,0,0,0,0,0,1,1,2,4,2,5,5,0,0,1,2,1,0,4,6,5,274
246,0,0,1,2,2,2,0,0,43,0,0,0,0,0,0,0,0,0,0,0,1,0,3,6,1,0,0,0,0,3,2,1,2,4,53
247,0,0,0,0,3,4,1,1,35,0,0,0,0,0,0,0,0,0,1,2,3,3,1,1,2,0,0,0,2,0,4,2,4,0,201
248,0,0,1,2,2,2,6,7,64,0,0,0,0,0,0,0,0,0,0,2,1,0,3,6,1,0,0,0,0,3,3,1,2,1,57
249,0,1,2,1,0,0,4,3,-1,0,0,0,0,0,0,0,0,0,0,0,0,2,0,2,0,0,0,1,1,1,1,0,5,7,-1
250,0,0,1,2,1,5,6,7,16,0,0,0,0,0,0,0,0,0,0,2,1,0,3,3,3,0,0,0,0,3,3,5,0,1,62
251,0,1,2,1,0,0,4,3,31,0,0,0,0,0,0,0,0,0,0,0,0,2,5,2,0,0,0,1,1,2,1,3,3,6,130
252,0,0,1,2,2,2,6,0,92,0,0,0,0,0,0,0,0,0,0,0,1,0,3,6,1,0,0,0,0,3,3,1,2,4,29
253,0,0,1,2,1,5,3,2,18,0,0,0,0,0,0,0,0,0,1,2,1,3,1,1,4,0,0,0,0,3,2,5,0,3,-1
254,0,1,0,3,4,3,2,4,11,0,0,0,0,0,0,0,0,0,1,1,2,4,2,5,5,0,0,1,2,1,0,4,6,5,243
255,0,0,0,0,3,4,1,1,26,0,0,0,0,0,0,0,0,0,1,2,3,1,4,4,2,0,0,0,2,0,4,2,4,0,-1
256,0,1,2,1,0,0,4,3,31,0,0,0,0,0,0,0,0,0,0,0,0,2,5,2,0,0,0,1,1,2,1,3,3,6,130
257,0,0,1,2,2,2,6,7,64,0,0,0,0,0,0,0,0,0,0,2,1,0,3,6,1,0,0,0,0,3,3,1,2,1,57
258,0,1,1,1,2,2,0,0,43,0,0,0,0,0,0,0,0,0,0,0,1,0,3,6,1,0,0,0,0,2,2,1,2,4,54
259,0,0,0,0,3,4,3,2,23,0,0,0,0,0,0,0,0,0,1,2,3,3,1,1,4,0,0,0,0,0,4,2,4,3,226
260,0,1,2,1,0,0,4,6,25,0,0,0,0,0,0,0,0,0,0,0,0,2,5,0,7,0,0,1,1,2,1,3,3,6,108
261,0,0,1,2,1,5,6,7,93,0,0,0,0,0,0,0,0,0,0,2,1,0,3,3,3,0,0,0,0,3,3,5,0,1,72
262,0,0,0,0,3,4,1,5,57,0,0,0,0,0,0,0,0,0,1,2,3,1,4,4,6,0,0,0,2,0,4,2,1,2,209
263,0,0,0,0,3,4,1,5,94,0,0,0,0,0,0,0,0,0,1,2,3,1,4,4,6,0,0,0,2,0,4,2,1,2,210
264,0,0,1,2,2,2,0,0,43,0,0,0,0,0,0,0,0,0,0,0,1,0,3,6,1,0,0,0,0,3,2,1,2,4,53
265,0,0,1,2,1,5,3,2,7,0,0,0,0,0,0,0,0,0,1,2,1,3,1,1,4,0,0,0,0,3,3,5,0,3,91
266,0,1,0,3,4,3,2,4,11,0,0,0,0,0,0,0,0,0,1,1,2,4,2,5,5,0,0,1,2,1,0,4,6,5,-1
267,0,0,1,2,1,5,3,2,7,0,0,0,0,0,0,0,0,0,1,2,1,3,1,1,4,0,0,0,0,3,3,5,0,3,84
268,0,0,0,0,3,1,5,5,49,0,0,0,0,0,0,0,0,0,1,1,3,1,4,4,6,0,0,1,2,0,4,0,1,2,-1
269,0,1,2,1,2,2,0,3,29,0,0,0,0,0,0,0,0,0,0,0,0,2,0,2,0,0,0,1,1,2,2,0,5,7,139
270,0,0,1,2,2,2,0,0,37,0,0,0,0,0,0,0,0,0,0,2,1,0,0,6,1,0,0,0,0,3,2,1,2,3,41
271,0,0,1,2,1,5,3,2,7,0,0,0,0,0,0,0,0,0,1,2,1,3,1,1,4,0,0,0,0,3,3,5,0,3,91
272,0,1,2,1,0,0,4,3,95,0,0,0,0,0,0,0,0,0,0,0,0,2,0,2,0,0,0,1,1,2,1,3,5,7,128
273,0,1,2,1,0,0,4,3,19,0,0,0,0,0,0,0,0,0,0,0,0,2,5,2,0,0,0,1,1,2,1,3,5,6,127
274,0,0,0,0,3,4,1,1,35,0,0,0,0,0,0,0,0,0,1,2,3,3,1,1,2,0,0,0,2,0,4,2,4,0,202
275,0,1,0,3,4,1,5,5,-1,0,0,0,0,0,0,0,0,0,1,1,2,4,0,2,6,0,0,1,2,1,0,0,1,2,-1
276,0,0,0,0,3,4,5,5,-1,0,0,0,0,0,0,0,0,0,1,1,3,1,4,4,6,0,0,0,2,0,4,2,1,2,237
277,0,0,1,2,1,5,6,7,78,0,0,0,0,0,0,0,0,0,0,2,1,0,3,3,3,0,0,0,0,3,3,5,0,1,67
278,0,0,1,2,2,2,0,0,43,0,0,0,0,0,0,0,0,0,0,0,1,0,3,6,1,0,0,0,0,3,2,1,2,4,52
279,0,1,2,1,0,0,4,6,0,0,0,0,0,0,0,0,0,0,0,0,0,2,5,0,7,0,0,1,1,2,1,3,3,6,8
280,0,0,1,2,1,5,3,2,79,0,0,0,0,0,0,0,0,0,1,2,1,3,1,1,4,0,0,0,0,3,3,5,0,3,77
281,0,0,0,0,3,1,5,5,4,0,0,0,0,0,0,0,0,0,1,2,3,1,0,2,6,0,0,0,2,0,2,0,1,2,169
282,0,0,1,2,2,2,3,0,37,0,0,0,0,0,0,0,0,0,0,2,1,0,0,6,1,0,0,0,0,3,2,1,2,3,42
283,0,0,1,2,2,2,0,0,-1,0,0,0,0,0,0,0,0,0,0,0,1,0,0,6,1,0,0,0,0,3,2,1,2,4,-1
284,0,1,2,1,2,2,0,0,47,0,0,0,0,0,0,0,0,0,0,0,0,2,5,6,1,0,0,1,1,2,2,1,2,4,11
285,0,0,0,0,3,1,5,5,4,0,0,0,0,0,0,0,0,0,1,2,3,1,0,4,6,0,0,0,2,0,4,0,1,2,180
286,0,1,2,3,4,0,4,3,66,0,0,0,0,0,0,0,0,0,0,0,0,2,0,2,0,0,0,1,1,1,0,0,5,7,273
287,0,1,0,3,4,1,5,5,33,0,0,0,0,0,0,0,0,0,1,1,2,4,0,2,6,0,0,1,2,1,0,0,1,2,161
288,0,0,0,0,3,4,1,5,94,0,0,0,0,0,0,0,0,0,1,2,3,1,4,4,6,0,0,0,2,0,4,2,1,2,210
289,0,1,2,1,0,0,0,3,91,0,0,0,0,0,0,0,0,0,0,0,0,2,0,2,0,0,0,1,1,2,2,3,5,7,118
290,0,1,2,1,0,0,4,3,65,0,0,0,0,0,0,0,0,0,0,0,0,2,5,2,0,0,0,1,1,2,1,3,5,6,129
291,0,1,2,1,2,2,0,0,46,0,0,0,0,0,0,0,0,0,0,0,0,2,0,6,1,0,0,1,1,2,2,1,2,4,23
292,0,1,2,1,0,0,4,6,38,0,0,0,0,0,0,0,0,0,0,0,0,2,5,0,7,0,0,1,1,2,1,3,3,6,-1
293,0,1,2,1,0,0,4,3,19,0,0,0,0,0,0,0,0,0,0,0,0,2,0,2,0,0,0,1,1,2,1,3,5,7,121
294,0,1,2,1,0,0,4,3,19,0,0,0,0,0,0,0,0,0,0,0,0,2,0,2,0,0,0,1,1,2,1,3,5,7,125
295,0,0,0,3,4,1,5,5,49,0,0,0,0,0,0,0,0,0,1,1,2,1,0,4,6,0,0,1,2,1,0,0,1,2,163
296,0,0,0,0,3,1,5,5,32,0,0,0,0,0,0,0,0,0,1,2,3,1,4,4,6,0,0,0,2,0,4,0,1,2,166
297,0,1,1,1,2,2,0,0,43,0,0,0,0,0,0,0,0,0,0,0,1,0,3,6,1,0,0,0,0,2,2,1,2,4,-1
298,0,0,1,2,1,5,3,2,7,0,0,0,0,0,0,0,0,0,1,2,1,3,1,1,4,0,0,0,0,3,3,5,0,3,-1
299,0,1,2,1,2,2,0,0,29,0,0,0,0,0,0,0,0,0,0,0,0,2,0,6,1,0,0,1,1,2,2,1,2,4,148
300,0,0,1,2,1,5,6,7,96,0,0,0,0,0,0,0,0,0,0,2,1,0,3,3,3,0,0,0,0,3,3,5,0,1,48
301,0,0,0,0,3,1,5,5,4,0,0,0,0,0,0,0,0,0,1,2,3,1,0,4,6,0,0,1,2,0,4,0,1,2,-1
302,0,0,0,0,3,4,1,1,17,0,0,0,0,0,0,0,0,0,1,2,3,1,4,4,6,0,0,0,2,0,4,2,4,0,208
303,0,0,0,0,3,4,1,1,35,0,0,0,0,0,0,0,0,0,1,2,3,3,1,1,2,0,0,0,2,0,4,2,4,0,204
304,0,1,2,1,2,1,0,3,29,0,0,0,0,0,0,0,0,0,0,0,0,2,0,2,0,0,0,1,1,2,2,0,5,7,142
305,0,0,0,0,3,4,1,1,97,0,0,0,0,0,0,0,0,0,1,2,3,1,4,4,2,0,0,0,2,0,4,2,4,0,168
306,0,1,0,3,4,1,5,5,98,0,0,0,0,0,0,0,0,0,1,1,2,4,0,2,6,0,0,1,2,1,0,0,1,2,184
307,0,1,2,3,4,3,2,3,-1,0,0,0,0,0,0,0,0,0,1,1,2,4,2,5,5,0,0,1,1,1,0,4,5,7,-1
308,0,1,2,1,0,0,4,6,28,0,0,0,0,0,0,0,0,0,0,0,0,2,5,0,7,0,0,1,1,2,1,3,3,6,103
309,0,1,1,1,2,2,0,0,43,0,0,0,0,0,0,0,0,0,0,0,1,0,3,6,1,0,0,0,0,2,2,1,2,4,55
310,0,0,1,2,2,2,0,0,5,0,0,0,0,0,0,0,0,0,0,0,1,0,3,6,1,0,0,0,0,3,2,1,2,4,9
311,0,1,2,1,0,0,4,6,25,0,0,0,0,0,0,0,0,0,0,0,0,2,5,0,7,0,0,1,1,2,1,3,3,6,109
312,0,0,1,2,1,5,6,7,64,0,0,0,0,0,0,0,0,0,0,2,1,0,3,6,1,0,0,0,0,3,3,1,2,1,57
313,0,0,0,0,3,1,5,5,4,0,0,0,0,0,0,0,0,0,1,2,3,1,0,4,6,0,0,0,2,0,4,0,1,2,175
314,0,1,2,1,0,2,0,6,0,0,0,0,0,0,0,0,0,0,0,0,0,2,5,0,7,0,0,1,1,2,1,3,3,4,7
315,0,1,2,1,2,2,0,0,47,0,0,0,0,0,0,0,0,0,0,0,0,2,5,6,1,0,0,1,1,2,2,1,2,4,11
316,0,0,1,2,1,5,3,2,7,0,0,0,0,0,0,0,0,0,1,2,1,3,1,1,4,0,0,0,0,3,3,5,0,3,90
317,0,0,0,0,3,4,1,1,9,0,0,0,0,0,0,0,0,0,1,2,3,3,1,1,2,0,0,0,2,0,4,2,4,0,225
318,0,1,2,1,0,0,4,6,-1,0,0,0,0,0,0,0,0,0,0,0,0,2,5,0,7,0,0,1,1,2,1,3,3,6,-1
319,0,0,0,0,3,4,1,1,20,0,0,0,0,0,0,0,0,0,1,2,3,1,4,4,2,0,0,0,2,0,4,2,4,0,220
320,0,0,1,2,1,5,6,7,55,0,0,0,0,0,0,0,0,0,0,2,1,0,3,3,3,0,0,0,0,3,3,5,0,1,34
321,0,0,1,2,1,1,3,2,18,0,0,0,0,0,0,0,0,0,1,2,1,3,1,1,4,0,0,0,0,3,2,0,1,3,98
322,0,0,1,2,2,2,3,0,37,0,0,0,0,0,0,0,0,0,0,2,1,0,0,6,1,0,0,0,0,3,2,1,2,3,43
323,0,0,0,0,3,4,1,1,20,0,0,0,0,0,0,0,0,0,1,2,3,1,4,4,2,0,0,0,2,0,4,2,4,0,217
324,0,0,1,2,1,5,6,7,8,0,0,0,0,0,0,0,0,0,0,2,1,0,3,3,3,0,0,0,0,3,3,5,0,1,74
325,0,1,0,3,4,3,2,4,22,0,0,0,0,0,0,0,0,0,1,1,2,4,2,5,5,0,0,1,2,1,0,4,6,5,261
326,0,0,0,0,3,4,1,1,57,0,0,0,0,0,0,0,0,0,1,2,3,1,4,4,6,0,0,0,2,0,4,2,4,0,209
327,0,1,0,3,4,3,2,4,22,0,0,0,0,0,0,0,0,0,1,1,2,4,2,5,5,0,0,1,2,1,0,4,6,5,-1
328,0,0,1,2,1,5,6,7,16,0,0,0,0,0,0,0,0,0,0,2,1,0,3,3,3,0,0,0,0,3,3,5,0,1,64
329,0,1,0,3,4,1,5,4,85,0,0,0,0,0,0,0,0,0,1,1,2,4,0,2,6,0,0,1,2,1,0,0,6,7,186
330,0,0,0,3,4,1,5,5,14,0,0,0,0,0,0,0,0,0,1,1,2,1,4,4,6,0,0,1,2,1,0,4,1,2,-1
331,0,0,1,2,1,5,3,2,7,0,0,0,0,0,0,0,0,0,1,2,1,3,1,1,4,0,0,0,0,3,3,5,0,3,89
332,0,1,2,3,4,1,5,3,42,0,0,0,0,0,0,0,0,0,0,1,2,4,0,2,0,0,0,1,1,1,0,0,5,7,154
333,0,0,0,0,3,1,5,5,4,0,0,0,0,0,0,0,0,0,1,2,3,1,0,4,6,0,0,0,2,0,4,0,1,2,171
334,0,1,0,3,4,3,2,4,22,0,0,0,0,0,0,0,0,0,1,1,2,4,2,5,5,0,0,1,2,1,0,4,6,5,262
335,0,0,0,0,3,1,3,2,99,0,0,0,0,0,0,0,0,0,1,2,3,3,1,1,4,0,0,0,0,0,4,0,1,3,99
336,0,1,2,1,0,0,4,3,19,0,0,0,0,0,0,0,0,0,0,0,0,2,5,2,0,0,0,1,1,2,1,3,5,6,127
337,0,1,0,3,4,3,2,4,100,0,0,0,0,0,0,0,0,0,1,1,2,4,2,5,5,0,0,1,2,1,0,4,6,5,251
338,0,0,1,2,2,2,6,0,101,0,0,0,0,0,0,0,0,0,0,0,1,0,3,6,1,0,0,0,0,3,3,1,2,4,51
339,0,0,1,2,1,5,6,7,-1,0,0,0,0,0,0,0,0,0,0,2,1,0,3,3,3,0,0,0,0,3,3,5,2,1,-1
340,0,1,2,1,0,0,4,6,74,0,0,0,0,0,0,0,0,0,0,0,0,2,5,0,7,0,0,1,1,2,1,3,3,6,13
341,0,0,1,2,2,2,0,0,102,0,0,0,0,0,0,0,0,0,0,0,1,0,3,6,1,0,0,0,0,3,2,1,2,4,40
342,0,0,0,3,4,1,5,5,14,0,0,0,0,0,0,0,0,0,1,1,2,1,4,4,6,0,0,1,2,1,0,4,1,2,281
343,0,0,0,0,3,4,1,1,9,0,0,0,0,0,0,0,0,0,1,2,3,3,1,1,4,0,0,0,2,0,4,2,4,0,224
344,0,1,2,1,0,0,4,3,95,0,0,0,0,0,0,0,0,0,0,0,0,2,0,2,0,0,0,1,1,2,1,3,5,7,128
345,0,0,0,0,3,1,5,5,4,0,0,0,0,0,0,0,0,0,1,1,3,1,0,4,6,0,0,1,2,0,4,0,1,2,-1
346,0,0,0,0,3,4,1,2,-1,0,0,0,0,0,0,0,0,0,1,2,3,3,1,1,4,0,0,0,2,0,4,2,4,3,240
347,0,0,1,2,2,1,0,0,70,0,0,0,0,0,0,0,0,0,0,2,1,2,0,2,1,0,0,0,1,2,2,0,5,7,291
348,0,0,1,2,1,5,6,7,8,0,0,0,0,0,0,0,0,0,0,2,1,0,3,3,3,0,0,0,0,3,3,5,0,1,75
349,0,0,0,0,3,4,1,1,17,0,0,0,0,0,0,0,0,0,1,2,3,1,4,4,2,0,0,0,2,0,4,2,4,0,-1
350,0,0,1,2,1,5,6,7,55,0,0,0,0,0,0,0,0,0,0,2,1,0,3,3,3,0,0,0,0,3,3,5,0,1,34
351,0,0,0,0,3,4,1,1,103,0,0,0,0,0,0,0,0,0,1,2,3,1,4,4,2,0,0,0,2,0,4,2,4,0,294
352,0,0,1,2,1,5,6,7,16,0,0,0,0,0,0,0,0,0,0,2,1,0,3,3,3,0,0,0,0,3,3,5,0,1,-1
353,0,1,2,1,0,0,4,6,38,0,0,0,0,0,0,0,0,0,0,0,0,2,5,0,7,0,0,1,1,2,1,3,3,6,16
354,0,1,0,3,4,3,2,4,100,0,0,0,0,0,0,0,0,0,1,1,2,4,2,5,5,0,0,1,2,1,0,4,6,5,252
355,0,0,1,2,2,2,0,0,5,0,0,0,0,0,0,0,0,0,0,0,1,0,3,6,1,0,0,0,0,3,2,1,2,4,9
356,0,1,0,3,4,1,5,5,33,0,0,0,0,0,0,0,0,0,1,1,2,4,0,2,6,0,0,1,2,1,0,0,1,2,160
357,0,1,1,1,2,2,0,0,0,0,0,0,0,0,0,0,0,0,0,0,1,0,3,6,1,0,0,0,0,2,2,1,2,4,4
358,0,0,1,2,1,5,3,2,18,0,0,0,0,0,0,0,0,0,1,2,1,3,1,1,4,0,0,0,0,3,2,1,2,3,-1
359,0,0,1,0,1,5,3,2,-1,0,0,0,0,0,0,0,0,0,1,2,1,3,1,1,4,0,0,0,0,3,3,5,0,3,241
360,0,1,1,1,2,2,0,0,76,0,0,0,0,0,0,0,0,0,0,0,1,0,0,6,1,0,0,0,0,2,2,1,2,4,26
361,0,0,0,3,4,1,5,5,14,0,0,0,0,0,0,0,0,0,1,1,2,1,4,4,6,0,0,1,2,1,0,4,1,2,281
362,0,1,2,1,0,0,4,3,31,0,0,0,0,0,0,0,0,0,0,0,0,2,5,2,0,0,0,1,1,2,1,3,3,6,132
363,0,1,2,1,0,0,4,6,28,0,0,0,0,0,0,0,0,0,0,0,0,2,5,0,7,0,0,1,1,2,1,3,3,6,103
364,0,0,0,0,3,1,5,5,104,0,0,0,0,0,0,0,0,0,1,1,2,1,4,4,6,0,0,1,2,0,4,4,1,2,288
365,0,1,2,1,0,0,4,3,19,0,0,0,0,0,0,0,0,0,0,0,0,2,0,2,0,0,0,1,1,2,1,3,5,7,123
366,0,1,0,3,4,1,5,3,82,0,0,0,0,0,0,0,0,0,1,1,2,4,0,2,0,0,0,1,1,1,0,0,5,7,151
367,0,0,1,2,1,5,3,2,7,0,0,0,0,0,0,0,0,0,1,2,1,3,1,1,4,0,0,0,0,3,3,5,0,3,82
368,0,1,2,1,0,0,4,6,0,0,0,0,0,0,0,0,0,0,0,0,0,2,5,0,7,0,0,1,1,2,1,3,3,6,8
369,0,0,1,2,1,5,3,2,7,0,0,0,0,0,0,0,0,0,1,2,1,3,1,1,4,0,0,0,0,3,3,5,0,3,-1
370,0,1,2,1,0,0,4,6,74,0,0,0,0,0,0,0,0,0,0,0,0,2,5,0,7,0,0,1,1,2,1,3,3,6,13
371,0,1,0,3,4,1,5,5,33,0,0,0,0,0,0,0,0,0,1,1,2,4,0,2,6,0,0,1,2,1,0,0,1,2,-1
372,0,1,0,3,4,3,2,4,11,0,0,0,0,0,0,0,0,0,1,1,2,4,2,5,5,0,0,1,2,1,0,4,6,5,242
373,0,1,2,1,2,2,0,0,29,0,0,0,0,0,0,0,0,0,0,0,0,2,0,2,1,0,0,1,1,2,2,1,5,7,137
374,0,0,1,2,1,5,6,7,16,0,0,0,0,0,0,0,0,0,0,2,1,0,3,3,3,0,0,0,0,3,3,5,0,1,59
375,0,1,2,1,0,0,4,6,-1,0,0,0,0,0,0,0,0,0,0,0,0,2,5,0,7,0,0,1,1,2,1,3,3,6,28
376,0,1,2,1,4,1,5,3,-1,0,0,0,0,0,0,0,0,0,0,1,2,4,0,2,0,0,0,1,1,2,2,0,5,7,149
377,0,1,2,1,2,2,0,6,47,0,0,0,0,0,0,0,0,0,0,0,0,2,5,6,1,0,0,1,1,2,1,3,3,4,10
378,0,1,2,1,0,0,4,6,10,0,0,0,0,0,0,0,0,0,0,0,0,2,5,0,7,0,0,1,1,2,1,3,3,6,-1
379,0,1,0,3,4,3,2,4,11,0,0,0,0,0,0,0,0,0,1,1,2,4,2,5,5,0,0,1,2,1,0,4,6,5,242
380,0,1,0,3,4,3,2,4,69,0,0,0,0,0,0,0,0,0,1,1,2,4,2,5,5,0,0,1,2,1,0,4,6,5,257
381,0,0,0,0,3,1,5,5,4,0,0,0,0,0,0,0,0,0,1,2,3,1,0,2,6,0,0,0,2,0,2,0,1,2,169
382,0,0,0,0,3,4,1,1,9,0,0,0,0,0,0,0,0,0,1,2,3,3,1,1,4,0,0,0,2,0,4,2,4,0,224
383,0,0,1,2,1,5,3,2,7,0,0,0,0,0,0,0,0,0,1,2,1,3,1,1,4,0,0,0,0,3,3,5,0,3,86
384,0,0,1,0,3,1,3,2,99,0,0,0,0,0,0,0,0,0,1,2,1,3,1,1,4,0,0,0,0,0,2,0,1,3,99
385,0,1,0,3,4,3,2,4,105,0,0,0,0,0,0,0,0,0,1,1,2,4,2,5,5,0,0,1,2,1,0,4,6,5,277
386,0,1,2,1,0,0,4,3,19,0,0,0,0,0,0,0,0,0,0,0,0,2,0,2,0,0,0,1,1,2,1,3,5,7,123
387,0,1,1,1,2,2,0,0,0,0,0,0,0,0,0,0,0,0,0,0,1,0,3,6,1,0,0,0,0,2,2,1,2,4,-1
388,0,0,0,0,3,4,1,1,97,0,0,0,0,0,0,0,0,0,1,2,3,1,4,4,2,0,0,0,2,0,4,2,4,0,168
389,0,0,1,0,3,4,1,1,35,0,0,0,0,0,0,0,0,0,1,2,3,3,1,1,2,0,0,0,2,0,4,2,4,0,205
390,0,0,0,0,3,4,5,5,106,0,0,0,0,0,0,0,0,0,1,2,3,1,4,4,6,0,0,0,2,0,4,2,1,2,213
391,0,0,1,2,1,5,6,7,107,0,0,0,0,0,0,0,0,0,0,2,1,0,3,6,1,0,0,0,0,3,3,5,2,1,35
392,0,1,2,1,0,0,4,6,74,0,0,0,0,0,0,0,0,0,0,0,0,2,5,0,7,0,0,1,1,2,1,3,3,6,12
393,0,0,0,0,3,4,1,1,35,0,0,0,0,0,0,0,0,0,1,2,3,3,1,1,2,0,0,0,2,0,4,2,4,0,204
394,0,1,2,1,0,0,4,6,71,0,0,0,0,0,0,0,0,0,0,0,0,2,5,0,7,0,0,1,1,2,1,3,3,6,107
395,0,0,0,0,3,4,1,5,-1,0,0,0,0,0,0,0,0,0,1,2,3,1,4,4,6,0,0,0,2,0,4,2,1,2,-1
396,0,0,0,0,3,1,5,5,4,0,0,0,0,0,0,0,0,0,1,2,3,1,0,2,6,0,0,0,2,0,2,0,1,2,169
397,0,1,2,1,0,0,4,6,28,0,0,0,0,0,0,0,0,0,0,0,0,2,5,0,7,0,0,1,1,2,1,3,3,6,103
398,0,0,0,0,3,4,1,1,20,0,0,0,0,0,0,0,0,0,1,2,3,1,4,4,2,0,0,0,2,0,4,2,4,0,215
399,0,0,1,2,1,5,6,7,96,0,0,0,0,0,0,0,0,0,0,2,1,0,3,3,3,0,0,0,0,3,3,5,0,1,-1
400,0,0,0,0,3,4,1,1,63,0,0,0,0,0,0,0,0,0,1,2,3,1,4,4,2,0,0,0,2,0,4,2,4,0,182
401,0,1,2,1,0,0,4,6,28,0,0,0,0,0,0,0,0,0,0,0,0,2,5,0,7,0,0,1,1,2,1,3,3,6,105
402,0,0,0,0,3,4,1,1,20,0,0,0,0,0,0,0,0,0,1,2,3,1,4,4,2,0,0,0,2,0,4,2,4,0,219
403,0,1,0,3,4,3,2,4,-1,0,0,0,0,0,0,0,0,0,1,1,2,4,2,5,5,0,0,1,2,1,0,4,6,5,-1
404,0,1,1,1,2,2,0,0,108,0,0,0,0,0,0,0,0,0,0,0,1,0,0,6,1,0,0,0,0,2,2,1,2,4,37
405,0,1,0,3,4,3,2,4,22,0,0,0,0,0,0,0,0,0,1,1,2,4,2,5,5,0,0,1,2,1,0,4,6,5,260
406,0,0,1,2,1,5,6,7,107,0,0,0,0,0,0,0,0,0,0,2,1,0,3,3,3,0,0,0,0,3,3,5,2,1,35
407,0,1,2,3,4,1,5,3,29,0,0,0,0,0,0,0,0,0,0,1,2,4,0,2,0,0,0,1,1,1,2,0,5,7,144
408,0,0,1,2,1,5,6,7,16,0,0,0,0,0,0,0,0,0,0,2,1,0,3,3,3,0,0,0,0,3,3,5,0,1,-1
409,0,1,0,3,4,3,2,4,11,0,0,0,0,0,0,0,0,0,1,1,2,4,2,5,5,0,0,1,2,1,0,4,6,5,245
410,0,1,2,3,4,3,2,4,109,0,0,0,0,0,0,0,0,0,1,1,2,4,2,5,5,0,0,1,2,1,0,4,6,5,258
411,0,1,0,3,4,1,5,5,33,0,0,0,0,0,0,0,0,0,1,1,2,4,0,2,6,0,0,1,2,1,0,0,1,2,161
412,0,1,2,1,2,2,0,0,29,0,0,0,0,0,0,0,0,0,0,0,0,2,0,2,1,0,0,1,1,2,2,1,5,7,137
413,0,0,1,2,1,5,6,7,8,0,0,0,0,0,0,0,0,0,0,2,1,0,3,3,3,0,0,0,0,3,3,5,0,1,73
414,0,0,0,0,3,1,5,5,4,0,0,0,0,0,0,0,0,0,1,2,3,1,0,4,6,0,0,0,2,0,4,0,1,2,177
415,0,1,2,1,0,0,4,3,19,0,0,0,0,0,0,0,0,0,0,0,0,2,0,2,0,0,0,1,1,2,1,3,5,7,-1
416,0,0,0,0,3,1,5,5,73,0,0,0,0,0,0,0,0,0,1,2,3,1,4,4,6,0,0,0,2,0,4,2,1,2,228
417,0,1,2,3,4,3,2,4,6,0,0,0,0,0,0,0,0,0,1,1,2,4,2,5,5,0,0,1,1,1,0,4,6,5,267
418,0,0,0,0,3,4,1,1,35,0,0,0,0,0,0,0,0,0,1,2,3,1,4,4,2,0,0,0,2,0,4,2,4,0,201
419,0,1,0,3,4,3,2,4,85,0,0,0,0,0,0,0,0,0,1,1,2,4,0,2,6,0,0,1,2,1,0,4,6,5,185
420,0,0,1,2,1,5,6,7,-1,0,0,0,0,0,0,0,0,0,0,2,1,0,3,6,1,0,0,0,0,3,3,5,2,3,58
421,0,1,2,1,2,2,0,0,0,0,0,0,0,0,0,0,0,0,0,0,0,0,3,6,1,0,0,1,1,2,2,1,2,4,-1
422,0,0,1,2,1,5,6,7,-1,0,0,0,0,0,0,0,0,0,0,2,1,0,3,3,3,0,0,0,0,3,3,5,0,1,-1
423,0,0,1,2,1,5,6,7,96,0,0,0,0,0,0,0,0,0,0,2,1,0,3,3,3,0,0,0,0,3,3,5,0,1,49
424,0,1,0,3,4,3,2,4,22,0,0,0,0,0,0,0,0,0,1,1,2,4,2,5,5,0,0,1,2,1,0,4,6,5,265
425,0,0,1,2,1,5,3,0,12,0,0,0,0,0,0,0,0,0,0,2,1,0,3,6,1,0,0,0,0,3,3,1,2,3,44
426,0,0,1,2,1,5,6,7,59,0,0,0,0,0,0,0,0,0,0,2,1,0,3,3,3,0,0,0,0,3,3,5,0,1,47
427,0,1,0,3,4,1,5,5,33,0,0,0,0,0,0,0,0,0,1,1,2,4,0,2,6,0,0,1,2,1,0,0,1,2,155
428,0,1,2,3,4,1,5,3,29,0,0,0,0,0,0,0,0,0,1,1,2,4,0,2,0,0,0,1,1,1,0,0,5,7,146
429,0,0,0,0,3,4,1,1,15,0,0,0,0,0,0,0,0,0,1,2,3,1,4,4,2,0,0,0,2,0,4,2,4,0,211
430,0,0,0,0,3,1,5,5,-1,0,0,0,0,0,0,0,0,0,1,1,3,1,4,4,6,0,0,1,2,0,4,0,1,2,-1
431,0,0,0,0,3,4,5,5,110,0,0,0,0,0,0,0,0,0,1,2,3,1,4,4,6,0,0,0,2,0,4,2,1,2,237
432,0,1,0,3,4,3,2,4,11,0,0,0,0,0,0,0,0,0,1,1,2,4,2,5,5,0,0,1,2,1,0,4,6,5,248
433,0,0,1,2,1,5,3,2,79,0,0,0,0,0,0,0,0,0,1,2,1,3,1,1,4,0,0,0,0,3,3,5,0,3,77
434,0,1,0,3,4,1,5,5,33,0,0,0,0,0,0,0,0,0,1,1,2,4,0,2,6,0,0,1,2,1,0,0,1,2,157
435,0,0,0,0,3,1,5,5,4,0,0,0,0,0,0,0,0,0,1,2,3,1,0,2,6,0,0,0,2,0,2,0,1,2,169
436,0,1,0,3,4,1,5,5,33,0,0,0,0,0,0,0,0,0,1,1,2,4,0,2,6,0,0,1,2,1,0,0,1,2,160
437,0,1,0,3,4,3,2,4,22,0,0,0,0,0,0,0,0,0,1,1,2,4,2,5,5,0,0,1,2,1,0,4,6,5,263
438,0,0,0,0,3,4,1,1,27,0,0,0,0,0,0,0,0,0,1,2,3,1,4,4,2,0,0,0,2,0,4,2,4,0,167
439,0,1,2,1,2,2,0,3,29,0,0,0,0,0,0,0,0,0,0,0,0,2,0,2,0,0,0,1,1,2,2,0,5,7,139
440,0,1,2,1,0,0,4,3,19,0,0,0,0,0,0,0,0,0,0,0,0,2,5,2,0,0,0,1,1,2,1,3,5,7,-1
441,0,1,0,3,4,1,5,5,111,0,0,0,0,0,0,0,0,0,1,1,2,4,0,2,6,0,0,1,2,1,0,0,6,2,183
442,0,1,1,2,2,2,0,0,-1,0,0,0,0,0,0,0,0,0,0,0,1,0,3,6,1,0,0,0,0,3,2,1,2,4,-1
443,0,0,0,0,3,4,1,1,61,0,0,0,0,0,0,0,0,0,1,2,3,1,4,4,2,0,0,0,2,0,4,2,4,0,240
444,0,0,0,3,4,1,5,5,112,0,0,0,0,0,0,0,0,0,1,1,2,4,0,2,6,0,0,1,2,0,2,0,1,2,164
445,0,1,1,1,2,2,0,0,108,0,0,0,0,0,0,0,0,0,0,0,1,0,0,6,1,0,0,0,0,2,2,1,2,4,37
446,0,0,1,2,1,5,6,7,113,0,0,0,0,0,0,0,0,0,0,2,1,0,3,3,3,0,0,0,0,3,3,5,0,1,33
447,0,1,0,3,4,3,2,4,85,0,0,0,0,0,0,0,0,0,1,1,2,4,0,2,6,0,0,1,2,1,0,0,6,5,186
448,0,1,2,3,4,3,2,4,-1,0,0,0,0,0,0,0,0,0,1,1,2,4,2,5,5,0,0,1,2,1,0,4,6,5,-1
449,0,0,1,2,1,5,6,7,16,0,0,0,0,0,0,0,0,0,0,2,1,0,3,3,3,0,0,0,0,3,3,5,0,1,59
450,0,1,2,1,0,0,4,6,10,0,0,0,0,0,0,0,0,0,0,0,0,2,5,0,7,0,0,1,1,2,1,3,3,6,100
451,0,0,1,2,1,5,6,7,16,0,0,0,0,0,0,0,0,0,0,2,1,0,3,3,3,0,0,0,0,3,3,5,0,1,63
452,0,0,1,2,1,5,3,2,7,0,0,0,0,0,0,0,0,0,1,2,1,3,1,1,4,0,0,0,0,3,3,5,0,3,-1
453,0,0,0,0,3,4,1,1,103,0,0,0,0,0,0,0,0,0,1,2,3,1,4,4,2,0,0,0,2,0,4,2,4,0,294
454,0,0,0,0,3,1,5,5,-1,0,0,0,0,0,0,0,0,0,1,2,3,1,0,2,6,0,0,0,2,0,4,0,1,2,-1
455,0,1,1,2,2,2,0,0,114,0,0,0,0,0,0,0,0,0,0,0,1,0,3,6,1,0,0,0,0,3,2,1,2,4,56
456,0,1,0,3,4,1,5,5,49,0,0,0,0,0,0,0,0,0,1,1,2,1,0,4,6,0,0,1,2,1,0,0,1,2,-1
457,0,1,2,3,4,1,5,3,29,0,0,0,0,0,0,0,0,0,1,1,2,4,0,2,0,0,0,1,1,1,0,0,5,7,145
458,0,1,0,3,4,1,5,5,33,0,0,0,0,0,0,0,0,0,1,1,2,4,0,2,6,0,0,1,2,1,0,0,1,2,158
459,0,1,0,3,4,1,5,5,33,0,0,0,0,0,0,0,0,0,1,1,2,4,0,2,6,0,0,1,2,1,0,0,1,2,158
460,0,1,2,1,0,0,4,6,0,0,0,0,0,0,0,0,0,0,0,0,0,2,5,0,7,0,0,1,1,2,1,3,3,6,-1
461,0,0,0,0,3,4,1,1,20,0,0,0,0,0,0,0,0,0,1,2,3,1,4,4,2,0,0,0,2,0,4,2,4,0,218
462,0,0,1,0,3,4,3,2,67,0,0,0,0,0,0,0,0,0,1,2,3,3,1,1,4,0,0,0,0,0,4,2,4,3,92
463,0,1,0,3,4,3,5,4,62,0,0,0,0,0,0,0,0,0,1,1,2,4,2,5,6,0,0,1,2,1,0,4,6,5,275
464,0,0,0,0,3,4,1,1,17,0,0,0,0,0,0,0,0,0,1,2,3,1,4,4,2,0,0,0,2,0,4,2,4,0,207
465,0,0,0,0,3,4,1,5,94,0,0,0,0,0,0,0,0,0,1,2,3,1,4,4,6,0,0,0,2,0,4,2,1,2,210
466,0,1,2,1,0,0,4,6,68,0,0,0,0,0,0,0,0,0,0,0,0,2,5,0,7,0,0,1,1,2,1,3,3,6,15
467,0,0,0,0,3,1,5,5,4,0,0,0,0,0,0,0,0,0,1,2,3,1,0,4,6,0,0,0,2,0,4,0,1,2,175
468,0,1,0,3,4,3,2,4,22,0,0,0,0,0,0,0,0,0,1,1,2,4,2,5,5,0,0,1,2,1,0,4,6,5,264
469,0,1,2,3,4,1,5,3,29,0,0,0,0,0,0,0,0,0,1,1,2,4,0,2,0,0,0,1,1,1,0,0,5,7,146
470,0,0,1,2,1,5,3,2,18,0,0,0,0,0,0,0,0,0,1,2,1,3,1,1,4,0,0,0,0,3,3,5,0,3,97
471,0,1,2,3,4,3,2,4,6,0,0,0,0,0,0,0,0,0,1,1,2,4,2,5,5,0,0,1,1,1,0,4,6,5,268
472,0,1,2,1,0,0,4,6,10,0,0,0,0,0,0,0,0,0,0,0,0,2,5,0,7,0,0,1,1,2,1,3,3,6,102
473,0,1,2,1,2,2,0,3,29,0,0,0,0,0,0,0,0,0,0,0,0,2,0,2,0,0,0,1,1,2,2,0,5,7,138
474,0,0,0,0,3,4,1,1,17,0,0,0,0,0,0,0,0,0,1,2,3,1,4,4,2,0,0,0,2,0,4,2,4,0,-1
475,0,1,2,1,0,0,4,3,19,0,0,0,0,0,0,0,0,0,0,0,0,2,5,2,0,0,0,1,1,2,1,3,5,7,-1
476,0,0,1,2,2,2,0,0,102,0,0,0,0,0,0,0,0,0,0,0,1,0,0,6,1,0,0,0,0,3,2,1,2,4,40
477,0,1,2,3,4,3,2,4,6,0,0,0,0,0,0,0,0,0,1,1,2,4,2,5,5,0,0,1,1,1,0,4,6,5,270
478,0,0,0,0,3,4,1,1,63,0,0,0,0,0,0,0,0,0,1,2,3,1,4,4,2,0,0,0,2,0,4,2,4,0,182
479,0,0,1,2,1,5,6,7,8,0,0,0,0,0,0,0,0,0,0,2,1,0,3,3,3,0,0,0,0,3,3,5,0,1,75
480,0,0,0,3,4,1,5,5,14,0,0,0,0,0,0,0,0,0,1,1,2,1,4,4,6,0,0,1,2,1,0,4,1,2,281
481,0,1,0,3,4,3,2,4,115,0,0,0,0,0,0,0,0,0,1,1,2,4,2,5,5,0,0,1,2,1,0,4,6,5,253
482,0,1,0,3,4,1,5,5,98,0,0,0,0,0,0,0,0,0,1,1,2,4,0,2,6,0,0,1,2,1,0,0,1,2,184
483,0,0,1,2,1,5,3,2,7,0,0,0,0,0,0,0,0,0,1,2,1,3,1,1,4,0,0,0,0,3,3,5,0,3,87
484,0,1,0,3,4,1,5,5,14,0,0,0,0,0,0,0,0,0,1,1,2,4,4,4,6,0,0,1,2,1,0,4,1,2,280
485,0,1,2,1,0,0,4,6,25,0,0,0,0,0,0,0,0,0,0,0,0,2,5,0,7,0,0,1,1,2,1,3,3,6,110
486,0,0,0,0,3,4,1,1,35,0,0,0,0,0,0,0,0,0,1,2,3,1,4,1,2,0,0,0,2,0,4,2,4,0,201
487,0,1,1,1,2,2,0,0,43,0,0,0,0,0,0,0,0,0,0,0,1,0,3,6,1,0,0,0,0,2,2,1,2,4,55
488,0,0,1,2,1,5,3,2,7,0,0,0,0,0,0,0,0,0,1,2,1,3,1,1,4,0,0,0,0,3,3,5,0,3,83
489,0,1,0,3,4,3,2,4,-1,0,0,0,0,0,0,0,0,0,1,1,2,4,2,5,5,0,0,1,2,1,0,4,6,5,-1
490,0,0,1,2,1,5,6,7,96,0,0,0,0,0,0,0,0,0,0,2,1,0,3,3,3,0,0,0,0,3,3,5,0,1,-1
491,0,0,1,2,1,5,3,2,18,0,0,0,0,0,0,0,0,0,1,2,1,3,1,1,4,0,0,0,0,3,2,1,2,3,-1
492,0,1,2,1,0,0,4,3,2,0,0,0,0,0,0,0,0,0,0,0,0,2,0,2,0,0,0,1,1,2,1,3,5,7,115
493,0,1,2,1,0,0,4,6,10,0,0,0,0,0,0,0,0,0,0,0,0,2,5,0,7,0,0,1,1,2,1,3,3,6,100
494,0,0,0,0,3,4,5,5,110,0,0,0,0,0,0,0,0,0,1,2,3,1,4,4,6,0,0,0,2,0,4,2,1,2,237
495,0,0,1,2,1,5,3,2,-1,0,0,0,0,0,0,0,0,0,1,2,1,3,1,1,4,0,0,0,0,3,3,5,0,3,-1
496,0,1,0,3,4,3,2,4,22,0,0,0,0,0,0,0,0,0,1,1,2,4,2,5,5,0,0,1,2,1,0,4,6,5,263
497,0,0,1,2,1,5,3,2,39,0,0,0,0,0,0,0,0,0,1,2,1,3,1,1,4,0,0,0,0,3,3,5,0,3,233
498,0,1,2,1,0,0,4,3,19,0,0,0,0,0,0,0,0,0,0,0,0,2,0,2,0,0,0,1,1,2,1,3,5,7,-1
499,0,1,0,3,4,3,2,4,11,0,0,0,0,0,0,0,0,0,1,1,2,4,2,5,5,0,0,1,2,1,0,4,6,5,243
500,0,0,0,0,3,4,1,1,9,0,0,0,0,0,0,0,0,0,1,2,3,3,1,1,2,0,0,0,2,0,4,2,4,0,225
501,0,0,0,0,3,1,5,5,4,0,0,0,0,0,0,0,0,0,1,2,3,1,0,4,6,0,0,1,2,0,4,0,1,2,173
502,0,1,2,1,2,2,0,3,29,0,0,0,0,0,0,0,0,0,0,0,0,2,0,2,0,0,0,1,1,2,2,0,5,7,-1
503,0,0,0,0,3,4,1,1,26,0,0,0,0,0,0,0,0,0,1,2,3,1,4,4,2,0,0,0,2,0,4,2,4,0,196
504,0,1,2,1,0,0,4,6,38,0,0,0,0,0,0,0,0,0,0,0,0,2,5,0,7,0,0,1,1,2,1,3,3,6,-1
505,0,1,0,3,4,3,2,4,22,0,0,0,0,0,0,0,0,0,1,1,2,4,2,5,5,0,0,1,2,1,0,4,6,5,262
506,0,1,2,1,0,0,0,3,-1,0,0,0,0,0,0,0,0,0,0,0,0,2,0,2,0,0,0,1,1,2,2,3,5,7,-1
507,0,0,1,2,2,2,6,0,101,0,0,0,0,0,0,0,0,0,0,2,1,0,3,6,1,0,0,0,0,3,3,1,2,4,51
508,0,0,1,2,1,5,3,2,24,0,0,0,0,0,0,0,0,0,1,2,1,3,1,1,4,0,0,0,0,3,3,5,0,1,71
509,0,0,0,0,3,4,1,1,20,0,0,0,0,0,0,0,0,0,1,2,3,1,4,4,2,0,0,0,2,0,4,2,4,0,218
510,0,1,0,3,4,1,5,5,33,0,0,0,0,0,0,0,0,0,1,1,2,4,0,2,6,0,0,1,2,1,0,0,1,2,-1
511,0,0,1,2,1,5,6,7,81,0,0,0,0,0,0,0,0,0,0,2,1,0,3,3,3,0,0,0,0,3,3,5,0,1,95
512,0,1,2,1,2,2,0,0,29,0,0,0,0,0,0,0,0,0,0,0,0,2,0,2,1,0,0,1,1,2,2,1,5,7,133
513,0,1,2,1,0,0,4,6,-1,0,0,0,0,0,0,0,0,0,0,0,0,2,5,0,7,0,0,1,1,2,1,3,3,6,-1
514,0,1,2,1,2,2,0,0,0,0,0,0,0,0,0,0,0,0,0,0,0,0,3,6,1,0,0,1,1,2,2,1,2,4,-1
515,0,1,0,3,4,3,2,4,100,0,0,0,0,0,0,0,0,0,1,1,2,4,2,5,5,0,0,1,2,1,0,4,6,5,252
516,0,0,0,3,4,1,5,5,49,0,0,0,0,0,0,0,0,0,1,1,3,1,0,4,6,0,0,1,2,1,0,0,1,2,163
517,0,0,1,2,1,5,3,2,45,0,0,0,0,0,0,0,0,0,0,2,1,0,3,6,1,0,0,0,0,3,3,5,0,3,231
518,0,0,1,2,2,2,0,0,101,0,0,0,0,0,0,0,0,0,0,0,1,0,3,6,1,0,0,0,0,3,2,1,2,4,51
519,0,0,0,0,3,4,1,1,20,0,0,0,0,0,0,0,0,0,1,2,3,1,4,4,2,0,0,0,2,0,4,2,4,0,218
520,0,1,2,1,0,0,4,3,2,0,0,0,0,0,0,0,0,0,0,0,0,2,5,2,0,0,0,1,1,2,1,3,5,7,-1
521,0,1,0,3,4,3,2,4,11,0,0,0,0,0,0,0,0,0,1,1,2,4,2,5,5,0,0,1,2,1,0,4,6,5,247
522,0,0,1,2,1,5,3,2,7,0,0,0,0,0,0,0,0,0,1,2,1,3,1,1,4,0,0,0,0,3,3,5,0,3,82
523,0,1,2,1,0,0,4,3,2,0,0,0,0,0,0,0,0,0,0,0,0,2,5,2,0,0,0,1,1,2,1,3,5,6,-1
524,0,1,2,1,0,0,4,3,2,0,0,0,0,0,0,0,0,0,0,0,0,2,5,2,0,0,0,1,1,2,1,3,5,7,-1
525,0,1,2,1,0,0,4,6,88,0,0,0,0,0,0,0,0,0,0,0,0,2,5,2,0,0,0,1,1,2,1,3,3,6,120
526,0,0,1,2,1,5,3,2,39,0,0,0,0,0,0,0,0,0,1,2,1,3,1,1,4,0,0,0,0,3,3,5,0,3,233
527,0,0,1,2,2,2,6,7,92,0,0,0,0,0,0,0,0,0,0,0,1,0,3,6,1,0,0,0,0,3,3,1,2,1,29
528,0,1,2,1,2,2,0,0,46,0,0,0,0,0,0,0,0,0,0,0,0,2,0,6,1,0,0,1,1,2,2,1,2,4,22
529,0,1,0,3,4,3,2,4,116,0,0,0,0,0,0,0,0,0,1,1,2,4,2,5,5,0,0,1,2,1,0,4,6,5,295
530,0,0,1,2,1,5,3,2,13,0,0,0,0,0,0,0,0,0,1,2,1,3,1,1,4,0,0,0,0,3,3,5,0,3,78
531,0,1,2,3,4,1,5,3,29,0,0,0,0,0,0,0,0,0,1,1,2,4,0,2,0,0,0,1,1,1,0,0,5,7,145
532,0,1,0,3,4,3,2,4,116,0,0,0,0,0,0,0,0,0,1,1,2,4,2,5,5,0,0,1,2,1,0,4,6,5,-1
533,0,0,1,2,1,5,3,2,7,0,0,0,0,0,0,0,0,0,1,2,1,3,1,1,4,0,0,0,0,3,3,5,0,3,-1
534,0,0,1,2,1,5,3,2,7,0,0,0,0,0,0,0,0,0,1,2,1,3,1,1,4,0,0,0,0,3,3,5,0,3,81
535,0,1,2,1,2,2,0,0,29,0,0,0,0,0,0,0,0,0,0,0,0,2,0,2,1,0,0,1,1,2,2,0,5,7,137
536,0,0,0,0,3,1,5,5,4,0,0,0,0,0,0,0,0,0,1,2,3,1,0,4,6,0,0,0,2,0,4,0,1,2,180
537,0,0,0,0,3,1,5,5,4,0,0,0,0,0,0,0,0,0,1,2,3,1,0,4,6,0,0,0,2,0,4,0,1,2,180
538,0,0,0,0,3,4,1,1,20,0,0,0,0,0,0,0,0,0,1,2,3,1,4,4,2,0,0,0,2,0,4,2,4,0,221
539,0,1,2,1,0,0,4,6,50,0,0,0,0,0,0,0,0,0,0,0,0,2,5,2,0,0,0,1,1,2,1,3,3,6,119
540,0,0,1,2,1,5,3,2,7,0,0,0,0,0,0,0,0,0,1,2,1,3,1,1,4,0,0,0,0,3,3,5,0,3,90
541,0,0,0,0,3,4,1,5,4,0,0,0,0,0,0,0,0,0,1,2,3,1,0,4,6,0,0,0,2,0,4,2,1,2,179
542,0,1,2,1,0,0,4,3,19,0,0,0,0,0,0,0,0,0,0,0,0,2,0,2,0,0,0,1,1,2,1,3,5,7,122
543,0,1,1,1,2,2,0,0,-1,0,0,0,0,0,0,0,0,0,0,0,1,0,3,6,1,0,0,0,0,2,2,1,2,4,-1
544,0,0,0,3,4,1,5,5,14,0,0,0,0,0,0,0,0,0,1,1,2,1,4,4,6,0,0,1,2,1,0,4,1,2,282
545,0,0,0,0,3,4,3,2,9,0,0,0,0,0,0,0,0,0,1,2,3,3,1,1,4,0,0,0,2,0,4,2,4,3,-1
546,0,1,2,1,0,0,4,3,19,0,0,0,0,0,0,0,0,0,0,0,0,2,0,2,0,0,0,1,1,2,1,0,5,7,-1
547,0,1,0,3,4,3,2,4,116,0,0,0,0,0,0,0,0,0,1,1,2,4,2,5,5,0,0,1,2,1,0,4,6,5,-1
548,0,0,0,0,3,4,1,5,94,0,0,0,0,0,0,0,0,0,1,2,3,1,4,4,6,0,0,0,2,0,4,2,1,2,210
549,0,0,0,0,3,1,5,5,-1,0,0,0,0,0,0,0,0,0,1,2,3,1,4,4,6,0,0,0,2,0,4,0,1,2,-1
550,0,0,1,2,1,5,3,2,39,0,0,0,0,0,0,0,0,0,1,2,1,3,1,1,4,0,0,0,0,3,3,5,0,3,232
551,0,0,1,0,3,4,3,2,83,0,0,0,0,0,0,0,0,0,1,2,3,3,1,1,4,0,0,0,0,0,4,2,4,3,238
552,0,0,0,0,3,4,1,1,117,0,0,0,0,0,0,0,0,0,1,2,3,1,4,4,2,0,0,0,2,0,4,2,4,0,293
553,0,0,0,0,3,4,1,1,26,0,0,0,0,0,0,0,0,0,1,2,3,1,4,4,2,0,0,0,2,0,4,2,4,0,198
554,0,1,2,1,0,0,4,6,28,0,0,0,0,0,0,0,0,0,0,0,0,2,5,0,7,0,0,1,1,2,1,3,3,6,104
555,0,0,0,0,3,1,5,5,104,0,0,0,0,0,0,0,0,0,1,1,2,1,4,4,6,0,0,1,2,0,4,4,1,2,288
556,0,1,0,3,4,3,2,4,100,0,0,0,0,0,0,0,0,0,1,1,2,4,2,5,5,0,0,1,2,1,0,4,6,5,251
557,0,1,2,1,2,2,0,0,0,0,0,0,0,0,0,0,0,0,0,0,0,2,5,6,1,0,0,1,1,2,2,1,2,4,-1
558,0,1,2,1,2,2,0,3,29,0,0,0,0,0,0,0,0,0,0,0,0,2,0,2,0,0,0,1,1,2,2,1,5,7,134
559,0,0,0,0,3,4,1,1,35,0,0,0,0,0,0,0,0,0,1,2,3,3,1,1,2,0,0,0,2,0,4,2,4,0,204
560,0,0,1,2,1,2,6,7,-1,0,0,0,0,0,0,0,0,0,0,2,1,0,3,6,1,0,0,0,0,3,3,1,2,1,-1
561,0,1,0,3,4,3,2,4,22,0,0,0,0,0,0,0,0,0,1,1,2,4,2,5,5,0,0,1,2,1,0,4,6,5,261
562,0,1,1,1,2,2,0,0,0,0,0,0,0,0,0,0,0,0,0,0,1,0,3,6,1,0,0,0,0,2,2,1,2,4,2
563,0,0,0,0,3,4,1,1,20,0,0,0,0,0,0,0,0,0,1,2,3,1,4,4,2,0,0,0,2,0,4,2,4,0,216
564,0,0,1,0,3,4,3,2,-1,0,0,0,0,0,0,0,0,0,1,2,3,3,1,1,4,0,0,0,0,0,4,2,4,3,289
565,0,0,0,0,3,4,1,1,26,0,0,0,0,0,0,0,0,0,1,2,3,1,4,4,2,0,0,0,2,0,4,2,4,0,194
566,0,1,2,1,2,1,0,3,29,0,0,0,0,0,0,0,0,0,0,0,0,2,0,2,0,0,0,1,1,2,2,0,5,7,142
567,0,0,1,2,2,2,0,0,-1,0,0,0,0,0,0,0,0,0,0,0,1,0,3,6,1,0,0,0,0,3,2,1,2,4,-1
568,0,1,0,3,4,3,2,4,22,0,0,0,0,0,0,0,0,0,1,1,2,4,2,5,5,0,0,1,2,1,0,4,6,5,265
569,0,0,0,3,4,1,5,5,14,0,0,0,0,0,0,0,0,0,1,1,2,1,4,4,6,0,0,1,2,1,0,4,1,2,283
570,0,0,1,2,1,5,3,2,118,0,0,0,0,0,0,0,0,0,1,2,1,3,1,1,4,0,0,0,0,3,3,5,0,3,93
571,0,1,0,3,4,3,2,4,22,0,0,0,0,0,0,0,0,0,1,1,2,4,2,5,5,0,0,1,2,1,0,4,6,5,261
572,0,0,1,2,2,2,0,0,102,0,0,0,0,0,0,0,0,0,0,0,1,0,3,6,1,0,0,0,0,3,2,1,2,4,40
573,0,1,2,1,2,2,0,0,46,0,0,0,0,0,0,0,0,0,0,0,0,2,0,6,1,0,0,1,1,2,2,1,2,4,20
574,0,0,0,0,3,4,1,1,57,0,0,0,0,0,0,0,0,0,1,2,3,1,4,4,6,0,0,0,2,0,4,2,4,0,209
575,0,0,1,2,1,5,3,2,18,0,0,0,0,0,0,0,0,0,1,2,1,3,1,1,4,0,0,0,0,3,3,5,0,3,97
576,0,0,0,0,3,4,1,1,26,0,0,0,0,0,0,0,0,0,1,2,3,1,4,4,2,0,0,0,2,0,4,2,4,0,198
577,0,1,2,1,0,0,4,3,2,0,0,0,0,0,0,0,0,0,0,0,0,2,5,2,0,0,0,1,1,2,1,3,5,6,116
578,0,0,0,0,3,4,1,1,20,0,0,0,0,0,0,0,0,0,1,2,3,1,4,4,2,0,0,0,2,0,4,2,4,0,215
579,0,0,1,2,1,5,6,7,93,0,0,0,0,0,0,0,0,0,0,2,1,0,3,3,3,0,0,0,0,3,3,5,0,1,72
580,0,1,2,1,0,0,4,6,10,0,0,0,0,0,0,0,0,0,0,0,0,2,5,0,7,0,0,1,1,2,1,3,3,6,100
581,0,1,2,1,0,0,4,3,19,0,0,0,0,0,0,0,0,0,0,0,0,2,0,2,0,0,0,1,1,2,1,3,5,7,122
582,0,0,0,0,3,4,1,5,4,0,0,0,0,0,0,0,0,0,1,2,3,1,0,4,6,0,0,0,2,0,4,2,1,2,179
583,0,1,2,1,0,0,4,6,40,0,0,0,0,0,0,0,0,0,0,0,0,2,5,2,0,0,0,1,1,2,1,3,3,6,235
584,0,1,0,3,4,3,2,4,116,0,0,0,0,0,0,0,0,0,1,1,2,4,2,5,5,0,0,1,2,1,0,4,6,5,-1
585,0,0,0,0,3,4,1,1,36,0,0,0,0,0,0,0,0,0,1,2,3,1,4,4,2,0,0,0,2,0,4,2,4,0,188
586,0,0,1,2,1,5,6,7,-1,0,0,0,0,0,0,0,0,0,0,2,1,0,3,3,3,0,0,0,0,3,3,5,0,1,-1
587,0,1,2,1,2,2,0,0,29,0,0,0,0,0,0,0,0,0,0,0,0,2,0,2,1,0,0,1,1,2,2,1,5,7,134
588,0,0,1,2,1,5,6,7,8,0,0,0,0,0,0,0,0,0,0,2,1,0,3,3,3,0,0,0,0,3,3,5,0,1,73
589,0,1,0,3,4,3,2,4,105,0,0,0,0,0,0,0,0,0,1,1,2,4,2,5,5,0,0,1,2,1,0,4,6,5,277
590,0,1,0,3,4,3,2,4,22,0,0,0,0,0,0,0,0,0,1,1,2,4,2,5,5,0,0,1,2,1,0,4,6,5,260
591,0,1,0,3,4,1,5,5,111,0,0,0,0,0,0,0,0,0,1,1,2,4,0,2,6,0,0,1,2,1,0,0,6,2,183
592,0,0,1,2,1,5,3,2,118,0,0,0,0,0,0,0,0,0,1,2,1,3,1,1,4,0,0,0,0,3,3,5,0,3,93
593,0,1,2,3,4,3,2,4,119,0,0,0,0,0,0,0,0,0,1,1,2,4,2,5,5,0,0,1,1,1,0,4,6,5,272
594,0,0,1,2,2,2,6,7,-1,0,0,0,0,0,0,0,0,0,0,2,1,0,3,6,1,0,0,0,0,3,3,1,2,1,-1
595,0,1,2,1,2,2,0,0,0,0,0,0,0,0,0,0,0,0,0,0,0,0,3,6,1,0,0,1,1,2,2,1,2,4,0
596,0,0,0,0,3,4,1,1,26,0,0,0,0,0,0,0,0,0,1,2,3,1,4,4,2,0,0,0,2,0,4,2,4,0,190
597,0,0,0,0,3,4,1,1,26,0,0,0,0,0,0,0,0,0,1,2,3,1,4,4,2,0,0,0,2,0,4,2,4,0,192
598,0,0,1,2,1,5,6,7,24,0,0,0,0,0,0,0,0,0,1,2,1,3,1,1,4,0,0,0,0,3,3,5,0,1,68
599,0,1,0,3,4,3,2,4,22,0,0,0,0,0,0,0,0,0,1,1,2,4,2,5,5,0,0,1,2,1,0,4,6,5,259
600,0,1,2,1,2,2,0,0,29,0,0,0,0,0,0,0,0,0,0,0,0,2,0,2,1,0,0,1,1,2,2,1,2,4,148
601,0,1,2,1,0,0,4,6,120,0,0,0,0,0,0,0,0,0,0,0,0,2,5,0,7,0,0,1,1,2,1,3,3,6,27
602,0,1,2,1,0,0,4,6,38,0,0,0,0,0,0,0,0,0,0,0,0,2,5,0,7,0,0,1,1,2,1,3,3,6,18
603,0,1,0,3,4,3,2,4,22,0,0,0,0,0,0,0,0,0,1,1,2,4,2,5,5,0,0,1,2,1,0,4,6,5,263
604,0,0,0,0,3,1,5,5,4,0,0,0,0,0,0,0,0,0,1,2,3,1,0,2,6,0,0,0,2,0,2,0,1,2,169
605,0,1,0,3,4,3,2,4,85,0,0,0,0,0,0,0,0,0,1,1,2,4,0,2,6,0,0,1,2,1,0,0,6,5,186
606,0,0,1,0,3,1,3,2,99,0,0,0,0,0,0,0,0,0,1,2,1,3,1,1,4,0,0,0,0,0,2,0,1,3,99
607,0,0,0,0,3,1,5,5,14,0,0,0,0,0,0,0,0,0,1,1,2,1,4,4,6,0,0,1,2,0,4,4,1,2,285
608,0,0,1,2,1,5,3,2,18,0,0,0,0,0,0,0,0,0,1,2,1,3,1,1,4,0,0,0,0,3,2,5,0,3,-1
609,0,0,1,2,1,5,3,2,7,0,0,0,0,0,0,0,0,0,1,2,1,3,1,1,4,0,0,0,0,3,3,5,0,3,89
610,0,1,0,3,4,3,2,4,22,0,0,0,0,0,0,0,0,0,1,1,2,4,2,5,5,0,0,1,2,1,0,4,6,5,262
611,0,1,1,1,2,2,0,0,0,0,0,0,0,0,0,0,0,0,0,0,1,0,3,6,1,0,0,0,0,2,2,1,2,4,2
612,0,1,2,1,0,0,4,3,19,0,0,0,0,0,0,0,0,0,0,0,0,2,0,2,0,0,0,1,1,2,1,3,5,7,121
613,0,0,0,0,3,1,5,5,4,0,0,0,0,0,0,0,0,0,1,2,3,1,0,4,6,0,0,0,2,0,4,0,1,2,176
614,0,0,1,2,1,5,3,2,121,0,0,0,0,0,0,0,0,0,0,2,1,0,3,1,4,0,0,0,0,3,3,5,0,3,94
615,0,1,1,1,2,2,0,0,-1,0,0,0,0,0,0,0,0,0,0,0,1,2,0,6,1,0,0,0,1,2,2,1,2,4,38
616,0,0,1,2,2,2,6,0,44,0,0,0,0,0,0,0,0,0,0,0,1,0,3,6,1,0,0,0,0,3,3,1,2,4,30
617,0,1,2,1,0,0,4,3,19,0,0,0,0,0,0,0,0,0,0,0,0,2,0,2,0,0,0,1,1,2,1,3,5,7,125
618,0,0,0,0,3,4,1,1,26,0,0,0,0,0,0,0,0,0,1,2,3,1,4,4,2,0,0,0,2,0,4,2,4,0,194
619,0,0,1,2,1,5,6,7,78,0,0,0,0,0,0,0,0,0,0,2,1,0,3,3,3,0,0,0,0,3,3,5,0,1,66
620,0,1,2,1,0,0,4,6,122,0,0,0,0,0,0,0,0,0,0,0,0,2,5,0,7,0,0,1,1,2,1,3,3,6,46
621,0,1,2,1,0,0,4,6,0,0,0,0,0,0,0,0,0,0,0,0,0,2,5,0,7,0,0,1,1,2,1,3,3,6,8
622,0,1,2,1,0,0,4,6,74,0,0,0,0,0,0,0,0,0,0,0,0,2,5,0,7,0,0,1,1,2,1,3,3,6,13
623,0,1,2,1,2,2,0,6,68,0,0,0,0,0,0,0,0,0,0,0,0,2,5,0,7,0,0,1,1,2,1,3,3,4,15
624,0,0,0,0,3,4,1,1,20,0,0,0,0,0,0,0,0,0,1,2,3,1,4,4,2,0,0,0,2,0,4,2,4,0,-1
625,0,0,1,2,1,5,3,2,7,0,0,0,0,0,0,0,0,0,1,2,1,3,1,1,4,0,0,0,0,3,3,5,0,3,87
626,0,1,0,3,4,3,2,4,22,0,0,0,0,0,0,0,0,0,1,1,2,4,2,5,5,0,0,1,2,1,0,4,6,5,261
627,0,1,0,3,4,1,5,5,14,0,0,0,0,0,0,0,0,0,1,1,2,1,4,4,6,0,0,1,2,1,0,4,1,2,287
628,0,0,0,0,3,4,1,1,9,0,0,0,0,0,0,0,0,0,1,2,3,3,1,1,2,0,0,0,2,0,4,2,4,0,222
629,0,1,2,1,0,0,4,6,77,0,0,0,0,0,0,0,0,0,0,0,0,2,5,2,0,0,0,1,1,2,1,3,3,6,111
630,0,1,2,1,0,0,4,3,2,0,0,0,0,0,0,0,0,0,0,0,0,2,5,2,0,0,0,1,1,2,1,3,5,7,112
631,0,1,0,3,4,1,5,5,33,0,0,0,0,0,0,0,0,0,1,1,2,4,0,2,6,0,0,1,2,1,0,0,5,7,155
632,0,1,0,3,4,3,2,4,116,0,0,0,0,0,0,0,0,0,1,1,2,4,2,5,5,0,0,1,2,1,0,4,6,5,295
633,0,0,0,0,3,4,1,1,117,0,0,0,0,0,0,0,0,0,1,2,3,1,4,4,2,0,0,0,2,0,4,2,4,0,293
634,0,0,1,2,1,5,3,2,45,0,0,0,0,0,0,0,0,0,0,2,1,0,3,6,4,0,0,0,0,3,3,5,0,3,230
635,0,1,2,1,2,1,0,3,29,0,0,0,0,0,0,0,0,0,0,0,0,2,0,2,0,0,0,1,1,2,2,0,5,7,143
636,0,1,2,1,2,2,0,0,29,0,0,0,0,0,0,0,0,0,0,0,0,2,0,2,1,0,0,1,1,2,2,1,2,4,135
637,0,0,0,0,3,4,1,1,4,0,0,0,0,0,0,0,0,0,1,2,3,1,4,4,2,0,0,0,2,0,4,2,4,0,-1
638,0,0,1,2,1,5,3,2,118,0,0,0,0,0,0,0,0,0,1,2,1,3,1,1,4,0,0,0,0,3,3,5,0,3,93
639,0,0,1,2,1,5,6,7,16,0,0,0,0,0,0,0,0,0,0,2,1,0,3,3,3,0,0,0,0,3,3,5,0,1,64
640,0,1,1,1,2,2,0,0,76,0,0,0,0,0,0,0,0,0,0,0,1,0,0,6,1,0,0,0,0,2,2,1,2,4,26
641,0,0,0,0,3,1,5,5,-1,0,0,0,0,0,0,0,0,0,1,2,3,1,0,2,6,0,0,1,2,0,2,0,1,2,-1
642,0,1,2,1,2,2,0,3,29,0,0,0,0,0,0,0,0,0,0,0,0,2,0,2,0,0,0,1,1,2,2,0,5,7,140
643,0,1,2,1,2,2,0,0,46,0,0,0,0,0,0,0,0,0,0,0,0,2,0,6,1,0,0,1,1,2,2,1,2,4,20
644,0,1,0,3,4,3,2,4,11,0,0,0,0,0,0,0,0,0,1,1,2,4,2,5,5,0,0,1,2,1,0,4,6,5,-1
645,0,0,0,0,3,1,5,5,4,0,0,0,0,0,0,0,0,0,1,2,3,1,0,4,6,0,0,1,2,0,4,0,1,2,173
646,0,0,1,2,1,5,3,2,18,0,0,0,0,0,0,0,0,0,1,2,1,3,1,1,4,0,0,0,0,3,2,5,0,3,96
647,0,1,2,1,0,0,4,6,25,0,0,0,0,0,0,0,0,0,0,0,0,2,5,0,7,0,0,1,1,2,1,3,3,6,108
648,0,1,2,1,0,0,4,6,120,0,0,0,0,0,0,0,0,0,0,0,0,2,5,0,7,0,0,1,1,2,1,3,3,6,27
649,0,1,2,1,2,2,0,0,46,0,0,0,0,0,0,0,0,0,0,0,0,2,0,6,1,0,0,1,1,2,2,1,2,4,25
650,0,0,1,2,1,5,3,2,7,0,0,0,0,0,0,0,0,0,1,2,1,3,1,1,4,0,0,0,0,3,3,5,0,3,85
651,0,1,0,3,4,3,2,4,22,0,0,0,0,0,0,0,0,0,1,1,2,4,2,5,5,0,0,1,2,1,0,4,6,5,261
652,0,0,0,0,3,4,1,1,63,0,0,0,0,0,0,0,0,0,1,2,3,1,4,4,2,0,0,0,2,0,4,2,4,0,182
653,0,1,2,1,0,0,4,3,2,0,0,0,0,0,0,0,0,0,0,0,0,2,0,2,0,0,0,1,1,2,1,3,5,7,115
654,0,0,1,2,1,5,3,2,39,0,0,0,0,0,0,0,0,0,1,2,1,3,1,1,4,0,0,0,0,3,3,5,0,3,232
655,0,1,0,3,4,3,2,4,105,0,0,0,0,0,0,0,0,0,1,1,2,4,2,5,5,0,0,1,2,1,0,4,6,5,277
656,0,0,1,2,1,5,3,2,121,0,0,0,0,0,0,0,0,0,1,2,1,3,1,1,4,0,0,0,0,3,3,5,0,3,94
657,0,0,0,0,3,4,1,1,36,0,0,0,0,0,0,0,0,0,1,2,3,1,4,4,2,0,0,0,2,0,4,2,4,0,188
658,0,0,0,0,3,4,5,5,106,0,0,0,0,0,0,0,0,0,1,2,3,1,4,4,6,0,0,0,2,0,4,2,1,2,213
659,0,1,2,1,0,0,4,6,25,0,0,0,0,0,0,0,0,0,0,0,0,2,5,0,7,0,0,1,1,2,1,3,3,6,109
660,0,0,1,2,1,5,3,2,7,0,0,0,0,0,0,0,0,0,1,2,1,3,1,1,4,0,0,0,0,3,3,5,0,3,89
661,0,1,2,1,0,0,4,6,25,0,0,0,0,0,0,0,0,0,0,0,0,2,5,0,7,0,0,1,1,2,1,3,3,6,110
662,0,1,2,1,0,0,4,3,19,0,0,0,0,0,0,0,0,0,0,0,0,2,5,2,0,0,0,1,1,2,1,3,5,7,126
663,0,0,1,2,1,5,3,7,45,0,0,0,0,0,0,0,0,0,0,2,1,0,3,6,4,0,0,0,0,3,3,5,0,3,229
664,0,0,0,0,3,4,1,1,17,0,0,0,0,0,0,0,0,0,1,2,3,1,4,4,2,0,0,0,2,0,4,2,4,0,207
665,0,0,1,2,1,5,3,2,67,0,0,0,0,0,0,0,0,0,1,2,3,3,1,1,4,0,0,0,0,3,3,5,0,3,-1
666,0,1,2,3,0,0,4,3,51,0,0,0,0,0,0,0,0,0,0,0,0,2,0,2,0,0,0,1,1,1,1,3,5,7,276
667,0,1,2,1,2,2,0,0,108,0,0,0,0,0,0,0,0,0,0,0,1,0,0,6,1,0,0,0,1,2,2,1,2,4,37
668,0,1,0,3,4,3,2,4,11,0,0,0,0,0,0,0,0,0,1,1,2,4,2,5,5,0,0,1,2,1,0,4,6,5,-1
669,0,1,0,3,4,3,2,4,100,0,0,0,0,0,0,0,0,0,1,1,2,4,2,5,5,0,0,1,2,1,0,4,6,5,252
670,0,1,2,1,2,1,0,3,29,0,0,0,0,0,0,0,0,0,0,0,0,2,0,2,0,0,0,1,1,2,2,0,5,7,143
671,0,0,1,2,1,5,3,7,24,0,0,0,0,0,0,0,0,0,1,2,1,3,1,1,4,0,0,0,0,3,3,5,0,1,-1
672,0,0,1,2,1,5,3,2,13,0,0,0,0,0,0,0,0,0,1,2,1,3,1,1,4,0,0,0,0,3,3,5,0,3,78
673,0,0,1,2,1,5,6,7,16,0,0,0,0,0,0,0,0,0,0,2,1,0,3,3,3,0,0,0,0,3,3,5,0,1,61
674,0,1,2,1,0,0,4,6,28,0,0,0,0,0,0,0,0,0,0,0,0,2,5,0,7,0,0,1,1,2,1,3,3,6,106
675,0,1,2,1,0,0,4,6,120,0,0,0,0,0,0,0,0,0,0,0,0,2,5,0,7,0,0,1,1,2,1,3,3,6,27
676,0,1,0,3,4,3,2,4,11,0,0,0,0,0,0,0,0,0,1,1,2,4,2,5,5,0,0,1,2,1,0,4,6,5,247
677,0,1,0,3,4,3,2,4,105,0,0,0,0,0,0,0,0,0,1,1,2,4,2,5,5,0,0,1,2,1,0,4,6,5,277
678,0,1,2,1,0,0,4,3,31,0,0,0,0,0,0,0,0,0,0,0,0,2,5,2,0,0,0,1,1,2,1,3,3,6,131
679,0,1,0,3,4,3,2,4,100,0,0,0,0,0,0,0,0,0,1,1,2,4,2,5,5,0,0,1,2,1,0,4,6,5,252
680,0,1,2,1,2,2,0,0,46,0,0,0,0,0,0,0,0,0,0,0,0,2,0,6,1,0,0,1,1,2,2,1,2,4,25
681,0,1,2,1,2,2,0,0,-1,0,0,0,0,0,0,0,0,0,0,0,0,2,5,6,1,0,0,1,1,2,1,1,3,4,-1
682,0,1,0,3,4,3,2,4,11,0,0,0,0,0,0,0,0,0,1,1,2,4,2,5,5,0,0,1,2,1,0,4,6,5,244
683,0,1,2,1,0,0,4,6,28,0,0,0,0,0,0,0,0,0,0,0,0,2,5,0,7,0,0,1,1,2,1,3,3,6,105
684,0,0,1,2,1,5,6,7,113,0,0,0,0,0,0,0,0,0,0,2,1,0,3,3,3,0,0,0,0,3,3,5,0,1,33
685,0,0,0,0,3,4,1,1,15,0,0,0,0,0,0,0,0,0,1,2,3,1,4,4,2,0,0,0,2,0,4,2,4,0,211
686,0,0,0,0,3,4,5,5,32,0,0,0,0,0,0,0,0,0,1,2,3,1,4,4,6,0,0,0,2,0,4,2,1,2,166
687,0,1,2,1,0,0,4,6,10,0,0,0,0,0,0,0,0,0,0,0,0,2,5,0,7,0,0,1,1,2,1,3,3,6,101
688,0,1,2,3,4,1,5,3,29,0,0,0,0,0,0,0,0,0,0,1,2,4,0,2,0,0,0,1,1,1,0,0,5,7,147
689,0,1,1,1,2,2,0,0,0,0,0,0,0,0,0,0,0,0,0,0,1,0,3,6,1,0,0,1,1,2,2,1,2,4,3
690,0,1,2,1,2,2,0,0,108,0,0,0,0,0,0,0,0,0,0,0,1,0,0,6,1,0,0,0,1,2,2,1,2,4,37
691,0,1,2,1,0,0,4,3,19,0,0,0,0,0,0,0,0,0,0,0,0,2,0,2,0,0,0,1,1,2,1,0,5,7,124
692,0,0,0,0,3,1,5,5,14,0,0,0,0,0,0,0,0,0,1,1,2,1,4,4,6,0,0,1,2,0,4,4,1,2,286
693,0,0,0,0,3,4,1,1,26,0,0,0,0,0,0,0,0,0,1,2,3,1,4,4,2,0,0,0,2,0,4,2,4,0,-1
694,0,1,2,1,2,2,0,0,0,0,0,0,0,0,0,0,0,0,0,0,0,0,3,6,1,0,0,1,1,2,2,1,2,4,-1
695,0,0,0,0,3,1,5,5,4,0,0,0,0,0,0,0,0,0,1,2,3,1,0,2,6,0,0,0,2,0,4,0,1,2,170
696,0,0,0,0,3,4,1,1,26,0,0,0,0,0,0,0,0,0,1,2,3,1,4,4,2,0,0,0,2,0,4,2,4,0,190
697,0,0,1,2,1,5,6,7,86,0,0,0,0,0,0,0,0,0,0,2,1,0,3,3,3,0,0,0,0,3,3,5,0,1,36
698,0,0,0,0,3,4,1,1,61,0,0,0,0,0,0,0,0,0,1,2,3,1,4,4,2,0,0,0,2,0,4,2,4,0,240
699,0,1,2,1,2,2,0,0,47,0,0,0,0,0,0,0,0,0,0,0,0,2,5,6,1,0,0,1,1,2,1,1,3,4,10
700,0,1,2,1,0,0,4,3,19,0,0,0,0,0,0,0,0,0,0,0,0,2,0,2,0,0,0,1,1,2,1,3,5,7,-1
701,0,0,1,2,2,2,0,0,-1,0,0,0,0,0,0,0,0,0,0,0,1,0,3,6,1,0,0,0,0,3,2,1,2,4,-1
702,0,1,2,1,0,0,4,6,10,0,0,0,0,0,0,0,0,0,0,0,0,2,5,0,7,0,0,1,1,2,1,3,3,6,-1
703,0,1,2,3,4,3,2,4,6,0,0,0,0,0,0,0,0,0,1,1,2,4,2,5,5,0,0,1,1,1,0,4,6,5,270
704,0,0,0,0,3,4,1,1,17,0,0,0,0,0,0,0,0,0,1,2,3,1,4,4,6,0,0,0,2,0,4,2,4,0,208
705,0,0,0,0,3,1,5,5,104,0,0,0,0,0,0,0,0,0,1,1,2,1,4,4,6,0,0,1,2,0,4,4,1,2,288
706,0,1,2,1,0,0,4,6,123,0,0,0,0,0,0,0,0,0,0,0,0,2,5,0,7,0,0,1,1,2,1,3,3,6,19
707,0,1,2,1,0,2,0,6,68,0,0,0,0,0,0,0,0,0,0,0,0,2,5,0,7,0,0,1,1,2,1,3,3,6,15
708,0,1,2,1,2,1,0,3,29,0,0,0,0,0,0,0,0,0,0,0,0,2,0,2,0,0,0,1,1,2,2,0,5,7,140
709,0,0,1,2,1,5,6,7,59,0,0,0,0,0,0,0,0,0,0,2,1,0,3,3,3,0,0,0,0,3,3,5,0,1,47
710,0,1,2,3,4,3,2,4,6,0,0,0,0,0,0,0,0,0,1,1,2,4,2,5,5,0,0,1,1,1,0,4,6,5,268
711,0,1,2,1,0,0,4,6,10,0,0,0,0,0,0,0,0,0,0,0,0,2,5,0,7,0,0,1,1,2,1,3,3,6,101
712,0,1,2,3,4,3,2,3,84,0,0,0,0,0,0,0,0,0,0,1,2,4,0,2,0,0,0,1,1,1,0,0,5,7,152
713,0,1,0,3,4,1,5,5,33,0,0,0,0,0,0,0,0,0,1,1,2,4,0,2,6,0,0,1,2,1,0,0,1,2,156
714,0,1,0,3,4,3,2,4,75,0,0,0,0,0,0,0,0,0,1,1,2,4,2,5,5,0,0,1,2,1,0,4,6,5,255
715,0,0,1,2,2,2,0,0,43,0,0,0,0,0,0,0,0,0,0,0,1,0,3,6,1,0,0,0,0,3,2,1,2,4,52
716,0,0,0,0,3,4,1,1,20,0,0,0,0,0,0,0,0,0,1,2,3,1,4,4,2,0,0,0,2,0,4,2,4,0,217
717,0,1,2,3,4,3,2,3,66,0,0,0,0,0,0,0,0,0,0,1,2,2,0,2,0,0,0,1,1,1,0,0,5,7,273
718,0,1,0,3,4,1,5,5,33,0,0,0,0,0,0,0,0,0,1,1,2,4,0,2,6,0,0,1,2,1,0,0,1,2,159
719,0,1,2,1,2,2,0,0,-1,0,0,0,0,0,0,0,0,0,0,0,0,2,0,2,1,0,0,1,1,2,2,1,5,4,-1
720,0,0,0,0,3,4,1,1,103,0,0,0,0,0,0,0,0,0,1,2,3,1,4,4,2,0,0,0,2,0,4,2,4,0,294
721,0,1,2,3,4,3,2,4,75,0,0,0,0,0,0,0,0,0,1,1,2,4,2,5,5,0,0,1,2,1,0,4,6,5,255
722,0,0,1,2,1,5,6,7,16,0,0,0,0,0,0,0,0,0,0,2,1,0,3,3,3,0,0,0,0,3,3,5,0,1,63
723,0,1,0,3,4,1,5,5,33,0,0,0,0,0,0,0,0,0,1,1,2,4,0,2,6,0,0,1,1,1,0,0,5,7,155
724,0,0,0,3,4,1,5,5,-1,0,0,0,0,0,0,0,0,0,1,1,2,1,4,4,6,0,0,1,2,1,0,4,1,2,290
725,0,0,1,2,1,5,3,7,24,0,0,0,0,0,0,0,0,0,1,2,1,3,1,1,4,0,0,0,0,3,3,5,0,1,70
726,0,1,0,3,4,3,2,4,105,0,0,0,0,0,0,0,0,0,1,1,2,4,2,5,5,0,0,1,2,1,0,4,6,5,277
727,0,1,2,3,4,3,2,4,3,0,0,0,0,0,0,0,0,0,1,1,2,4,2,5,5,0,0,1,2,1,0,4,6,5,279
728,0,1,2,1,0,0,4,6,0,0,0,0,0,0,0,0,0,0,0,0,0,2,5,0,7,0,0,1,1,2,1,3,3,6,7
729,0,0,0,0,3,4,1,1,20,0,0,0,0,0,0,0,0,0,1,2,3,1,4,4,2,0,0,0,2,0,4,2,4,0,219
730,0,0,1,2,1,5,3,2,7,0,0,0,0,0,0,0,0,0,1,2,1,3,1,1,4,0,0,0,0,3,3,5,0,3,-1
731,0,1,0,3,4,3,2,4,22,0,0,0,0,0,0,0,0,0,1,1,2,4,2,5,5,0,0,1,2,1,0,4,6,5,264
732,0,0,0,0,3,4,1,1,-1,0,0,0,0,0,0,0,0,0,1,2,3,1,4,4,2,0,0,0,2,0,4,2,4,0,-1
733,0,1,2,1,0,0,4,6,74,0,0,0,0,0,0,0,0,0,0,0,0,2,5,0,7,0,0,1,1,2,1,3,3,6,14
734,0,1,2,3,4,1,5,3,42,0,0,0,0,0,0,0,0,0,0,1,2,4,0,2,0,0,0,1,1,1,0,0,5,7,154
735,0,0,1,2,1,5,3,2,7,0,0,0,0,0,0,0,0,0,1,2,1,3,1,1,4,0,0,0,0,3,3,5,0,3,86
736,0,0,0,0,3,4,1,1,4,0,0,0,0,0,0,0,0,0,1,2,3,1,4,4,6,0,0,0,2,0,4,2,1,2,181
737,0,1,2,1,0,0,4,3,19,0,0,0,0,0,0,0,0,0,0,0,0,2,0,2,0,0,0,1,1,2,1,3,5,7,121
738,0,1,2,1,0,0,4,3,95,0,0,0,0,0,0,0,0,0,0,0,0,2,0,2,0,0,0,1,1,2,1,3,5,7,128
739,0,0,1,2,1,5,3,2,7,0,0,0,0,0,0,0,0,0,1,2,1,3,1,1,4,0,0,0,0,3,3,5,0,3,84
740,0,0,0,0,3,1,5,5,73,0,0,0,0,0,0,0,0,0,1,2,3,1,4,4,6,0,0,0,2,0,4,0,1,2,228
741,0,0,0,0,3,4,1,1,35,0,0,0,0,0,0,0,0,0,1,2,3,3,1,1,2,0,0,0,2,0,4,2,4,0,203
742,0,1,0,3,4,1,5,3,82,0,0,0,0,0,0,0,0,0,1,1,2,4,0,2,6,0,0,1,1,1,0,0,5,7,150
743,0,0,1,2,1,5,3,2,13,0,0,0,0,0,0,0,0,0,1,2,1,3,1,1,4,0,0,0,0,3,3,5,0,3,78
744,0,1,2,3,4,3,2,4,6,0,0,0,0,0,0,0,0,0,1,1,2,4,2,5,5,0,0,1,1,1,0,4,6,5,269
745,0,1,0,3,4,3,2,4,-1,0,0,0,0,0,0,0,0,0,1,1,2,4,2,5,5,0,0,1,2,1,0,4,6,5,-1
746,0,0,0,0,3,1,5,5,4,0,0,0,0,0,0,0,0,0,1,2,3,1,0,4,6,0,0,0,2,0,4,0,1,2,171
747,0,0,1,2,2,2,0,0,124,0,0,0,0,0,0,0,0,0,0,0,1,0,0,6,1,0,0,0,0,2,2,1,2,4,38
748,0,0,0,3,4,1,5,5,49,0,0,0,0,0,0,0,0,0,1,1,2,1,0,4,6,0,0,1,2,1,0,0,1,2,163
749,0,1,2,3,4,3,2,4,90,0,0,0,0,0,0,0,0,0,1,1,2,4,2,5,5,0,0,1,2,1,0,4,6,5,256
750,0,0,0,0,3,1,5,5,4,0,0,0,0,0,0,0,0,0,1,2,3,1,0,4,6,0,0,1,2,0,4,0,1,2,174
751,0,1,2,1,2,2,0,0,0,0,0,0,0,0,0,0,0,0,0,0,0,2,3,6,1,0,0,1,1,2,2,1,2,4,-1
752,0,1,0,3,4,3,2,4,100,0,0,0,0,0,0,0,0,0,1,1,2,4,2,5,5,0,0,1,2,1,0,4,6,5,252
753,0,0,0,0,3,4,1,1,20,0,0,0,0,0,0,0,0,0,1,2,3,1,4,4,2,0,0,0,2,0,4,2,4,0,214
754,0,0,1,2,1,5,3,2,7,0,0,0,0,0,0,0,0,0,1,2,1,3,1,1,4,0,0,0,0,3,3,5,0,3,83
755,0,1,2,3,4,3,2,4,6,0,0,0,0,0,0,0,0,0,1,1,2,4,2,5,5,0,0,1,1,1,0,4,6,5,270
756,0,0,0,0,3,4,1,1,35,0,0,0,0,0,0,0,0,0,1,2,3,1,4,4,2,0,0,0,2,0,4,2,4,0,200
757,0,1,0,3,4,1,5,5,33,0,0,0,0,0,0,0,0,0,1,1,2,4,0,2,6,0,0,1,2,1,0,0,1,2,157
758,0,0,0,3,4,1,5,5,56,0,0,0,0,0,0,0,0,0,1,1,2,4,0,2,6,0,0,1,2,0,2,0,1,2,165
759,0,0,1,2,1,5,6,7,16,0,0,0,0,0,0,0,0,0,0,2,1,0,3,3,3,0,0,0,0,3,3,5,0,1,59
760,0,0,0,0,3,1,5,5,4,0,0,0,0,0,0,0,0,0,1,2,3,1,0,4,6,0,0,0,2,0,4,0,1,2,171
761,0,0,1,2,1,5,3,2,7,0,0,0,0,0,0,0,0,0,1,2,1,3,1,1,4,0,0,0,0,3,3,5,0,3,-1
762,0,1,2,3,4,3,2,4,3,0,0,0,0,0,0,0,0,0,1,1,2,4,2,5,5,0,0,1,2,1,0,4,6,5,279
763,0,0,1,2,2,2,0,0,125,0,0,0,0,0,0,0,0,0,0,0,1,0,0,6,1,0,0,0,0,3,2,1,2,4,39
764,0,1,2,1,2,2,0,6,0,0,0,0,0,0,0,0,0,0,0,0,0,2,5,0,7,0,0,1,1,2,1,3,3,4,6
765,0,1,0,3,4,1,5,5,-1,0,0,0,0,0,0,0,0,0,1,1,2,4,4,4,6,0,0,1,2,1,0,4,1,2,-1
766,0,1,0,3,4,3,2,4,11,0,0,0,0,0,0,0,0,0,1,1,2,4,2,5,5,0,0,1,2,1,0,4,6,5,-1
767,0,1,2,3,4,3,2,3,-1,0,0,0,0,0,0,0,0,0,0,1,2,4,0,2,0,0,0,1,1,1,0,0,5,7,153
768,0,1,2,1,2,1,0,3,-1,0,0,0,0,0,0,0,0,0,0,0,0,2,0,2,0,0,0,1,1,2,2,0,5,7,-1
769,0,0,1,2,1,5,3,2,53,0,0,0,0,0,0,0,0,0,1,2,1,3,1,1,4,0,0,0,0,3,3,5,0,3,79
770,0,1,2,3,4,3,2,3,66,0,0,0,0,0,0,0,0,0,0,1,2,4,0,2,0,0,0,1,1,1,0,0,5,7,273
771,0,1,2,1,0,0,4,6,52,0,0,0,0,0,0,0,0,0,0,0,0,2,5,0,7,0,0,1,1,2,1,3,3,6,28
772,0,1,2,1,0,0,4,3,19,0,0,0,0,0,0,0,0,0,0,0,0,2,5,2,0,0,0,1,1,2,1,3,5,7,121
773,0,0,1,2,2,2,0,0,124,0,0,0,0,0,0,0,0,0,0,2,1,0,0,6,1,0,0,0,0,3,2,1,2,3,38
774,0,1,2,3,4,3,2,4,109,0,0,0,0,0,0,0,0,0,1,1,2,4,2,5,5,0,0,1,2,1,0,4,6,5,258
775,0,1,2,1,2,2,0,6,0,0,0,0,0,0,0,0,0,0,0,0,0,2,5,0,7,0,0,1,1,2,1,1,3,4,6
776,0,0,1,2,2,2,0,0,43,0,0,0,0,0,0,0,0,0,0,0,1,0,3,6,1,0,0,0,0,3,2,1,2,4,52
777,0,0,0,3,4,1,5,5,112,0,0,0,0,0,0,0,0,0,1,1,2,4,0,2,6,0,0,1,2,1,2,0,1,2,164
778,0,1,2,1,2,2,0,0,76,0,0,0,0,0,0,0,0,0,0,0,1,0,0,6,1,0,0,0,1,2,2,1,2,4,26
779,0,1,2,1,0,0,4,6,10,0,0,0,0,0,0,0,0,0,0,0,0,2,5,0,7,0,0,1,1,2,1,3,3,6,100
780,0,0,0,0,3,1,5,5,32,0,0,0,0,0,0,0,0,0,1,2,3,1,4,4,6,0,0,0,2,0,4,2,1,2,166
781,0,1,0,3,4,3,2,4,115,0,0,0,0,0,0,0,0,0,1,1,2,4,2,5,5,0,0,1,2,1,0,4,6,5,253
782,0,1,2,3,4,3,2,3,119,0,0,0,0,0,0,0,0,0,1,1,2,4,2,5,5,0,0,1,1,1,0,4,6,5,272
783,0,0,0,0,3,4,1,5,-1,0,0,0,0,0,0,0,0,0,1,2,3,1,4,4,6,0,0,0,2,0,4,2,1,2,-1
784,0,1,2,1,2,1,0,3,29,0,0,0,0,0,0,0,0,0,0,0,0,2,0,2,0,0,0,1,1,2,2,0,5,7,140
785,0,0,1,2,1,5,3,2,7,0,0,0,0,0,0,0,0,0,1,2,1,3,1,1,4,0,0,0,0,3,3,5,0,3,85
786,0,1,0,3,4,3,2,4,11,0,0,0,0,0,0,0,0,0,1,1,2,4,2,5,5,0,0,1,2,1,0,4,6,5,244
787,0,1,2,3,4,1,5,3,29,0,0,0,0,0,0,0,0,0,0,1,2,4,0,2,0,0,0,1,1,1,2,0,5,7,144
788,0,0,0,0,3,4,1,1,20,0,0,0,0,0,0,0,0,0,1,2,3,1,4,4,2,0,0,0,2,0,4,2,4,0,-1
789,0,0,1,2,1,5,6,7,16,0,0,0,0,0,0,0,0,0,0,2,1,0,3,3,3,0,0,0,0,3,3,5,0,1,60
790,0,1,2,1,2,2,0,6,68,0,0,0,0,0,0,0,0,0,0,0,0,2,5,0,7,0,0,1,1,2,1,3,3,4,15
791,0,1,2,1,2,2,0,0,-1,0,0,0,0,0,0,0,0,0,0,0,0,2,0,2,0,0,0,1,1,2,2,1,5,7,-1
792,0,0,1,2,1,5,6,7,16,0,0,0,0,0,0,0,0,0,0,2,1,0,3,3,3,0,0,0,0,3,3,5,0,1,60
793,0,0,0,0,3,4,1,1,26,0,0,0,0,0,0,0,0,0,1,2,3,1,4,4,2,0,0,0,2,0,4,2,4,0,-1
794,0,0,0,0,3,4,1,5,57,0,0,0,0,0,0,0,0,0,1,2,3,1,4,4,6,0,0,0,2,0,4,2,1,0,209
795,0,0,1,2,1,5,3,7,-1,0,0,0,0,0,0,0,0,0,1,2,1,3,1,1,4,0,0,0,0,3,3,5,0,1,-1
796,0,1,2,1,0,0,4,6,25,0,0,0,0,0,0,0,0,0,0,0,0,2,5,0,7,0,0,1,1,2,1,3,3,6,-1
797,0,0,0,3,4,1,5,5,14,0,0,0,0,0,0,0,0,0,1,1,2,1,4,4,6,0,0,1,2,1,0,4,1,2,283
798,0,0,0,0,3,4,1,1,26,0,0,0,0,0,0,0,0,0,1,2,3,1,4,4,2,0,0,0,2,0,4,2,4,0,191
799,0,0,1,2,1,5,3,2,7,0,0,0,0,0,0,0,0,0,1,2,1,3,1,1,4,0,0,0,0,3,3,5,0,3,88
800,0,1,2,3,4,3,2,3,48,0,0,0,0,0,0,0,0,0,1,1,2,4,2,5,5,0,0,1,1,1,0,4,5,5,297
801,0,0,0,0,3,1,5,5,32,0,0,0,0,0,0,0,0,0,1,2,3,1,4,4,6,0,0,0,2,0,4,2,1,2,166
802,0,1,0,3,4,3,2,4,22,0,0,0,0,0,0,0,0,0,1,1,2,4,2,5,5,0,0,1,2,1,0,4,6,5,263
803,0,0,0,0,3,4,1,5,27,0,0,0,0,0,0,0,0,0,1,2,3,1,4,4,6,0,0,0,2,0,4,2,1,2,167
804,0,0,1,2,1,5,6,7,96,0,0,0,0,0,0,0,0,0,0,2,1,0,3,3,3,0,0,0,0,3,3,5,0,1,49
805,0,1,2,1,0,0,4,3,19,0,0,0,0,0,0,0,0,0,0,0,0,2,5,2,0,0,0,1,1,2,1,3,5,7,126
806,0,1,2,1,2,2,0,0,46,0,0,0,0,0,0,0,0,0,0,0,0,2,0,6,1,0,0,1,1,2,2,1,2,4,21
807,0,0,0,0,3,4,1,1,57,0,0,0,0,0,0,0,0,0,1,2,3,1,4,4,6,0,0,0,2,0,4,2,4,0,209
808,0,0,0,0,3,4,1,1,35,0,0,0,0,0,0,0,0,0,1,2,3,3,1,1,2,0,0,0,2,0,4,2,4,0,202
809,0,1,0,3,4,3,2,4,30,0,0,0,0,0,0,0,0,0,1,1,2,4,2,5,5,0,0,1,2,1,0,4,6,5,187
810,0,0,1,2,1,5,6,7,78,0,0,0,0,0,0,0,0,0,0,2,1,0,3,3,3,0,0,0,0,3,3,5,0,1,67
811,0,1,2,3,4,3,2,3,119,0,0,0,0,0,0,0,0,0,1,1,2,4,2,5,5,0,0,1,1,1,0,4,6,5,272
812,0,0,0,0,3,4,1,1,9,0,0,0,0,0,0,0,0,0,1,2,3,3,1,1,4,0,0,0,2,0,4,2,4,0,222
813,0,1,2,1,0,0,4,3,2,0,0,0,0,0,0,0,0,0,0,0,0,2,0,2,0,0,0,1,1,2,1,3,5,7,115
814,0,1,0,3,4,3,5,5,-1,0,0,0,0,0,0,0,0,0,1,1,2,4,2,5,6,0,0,1,2,1,0,4,6,5,-1
815,0,1,2,1,2,2,0,0,76,0,0,0,0,0,0,0,0,0,0,0,1,0,0,6,1,0,0,0,1,2,2,1,2,4,26
816,0,0,1,2,1,5,3,2,7,0,0,0,0,0,0,0,0,0,1,2,1,3,1,1,4,0,0,0,0,3,3,5,0,3,-1
817,0,0,1,2,1,5,6,7,-1,0,0,0,0,0,0,0,0,0,0,2,1,0,3,3,3,0,0,0,0,3,3,5,0,1,-1
818,0,1,2,1,0,0,4,6,-1,0,0,0,0,0,0,0,0,0,0,0,0,2,5,0,7,0,0,1,1,2,1,3,3,6,-1
819,0,1,2,3,4,3,2,3,60,0,0,0,0,0,0,0,0,0,0,1,2,4,0,2,0,0,0,1,1,1,0,4,5,7,271
820,0,1,2,3,4,3,2,4,126,0,0,0,0,0,0,0,0,0,1,1,2,4,2,5,5,0,0,1,2,1,0,4,6,5,250
821,0,1,2,1,0,0,4,6,122,0,0,0,0,0,0,0,0,0,0,0,0,2,5,0,7,0,0,1,1,2,1,3,3,6,46
822,0,1,2,1,0,0,4,6,10,0,0,0,0,0,0,0,0,0,0,0,0,2,5,0,7,0,0,1,1,2,1,3,3,6,102
823,0,0,0,0,3,4,1,1,15,0,0,0,0,0,0,0,0,0,1,2,3,1,4,4,2,0,0,0,2,0,4,2,4,0,211
824,0,1,2,1,0,0,4,3,-1,0,0,0,0,0,0,0,0,0,0,0,0,2,5,2,0,0,0,1,1,2,1,3,5,6,-1
825,0,1,0,3,4,1,5,5,98,0,0,0,0,0,0,0,0,0,1,1,2,4,0,2,6,0,0,1,2,1,0,0,5,7,184
826,0,0,1,2,2,2,6,7,89,0,0,0,0,0,0,0,0,0,0,2,1,0,3,6,1,0,0,0,0,3,3,1,2,1,31
827,0,1,2,1,2,2,0,6,0,0,0,0,0,0,0,0,0,0,0,0,0,2,5,0,7,0,0,1,1,2,1,3,3,4,6
828,0,0,1,2,1,5,6,7,59,0,0,0,0,0,0,0,0,0,0,2,1,0,3,3,3,0,0,0,0,3,3,5,0,1,47
829,0,1,2,1,2,1,0,0,70,0,0,0,0,0,0,0,0,0,0,0,1,2,0,2,1,0,0,1,1,2,2,0,5,7,291
830,0,0,1,2,2,1,0,0,70,0,0,0,0,0,0,0,0,0,0,2,1,2,0,2,1,0,0,0,0,2,2,0,2,7,292
831,0,1,0,3,4,3,2,4,11,0,0,0,0,0,0,0,0,0,1,1,2,4,2,5,5,0,0,1,2,1,0,4,6,5,246
832,0,1,0,3,4,3,2,4,11,0,0,0,0,0,0,0,0,0,1,1,2,4,2,5,5,0,0,1,2,1,0,4,6,5,246
833,0,0,0,0,3,4,1,5,27,0,0,0,0,0,0,0,0,0,1,2,3,1,4,4,6,0,0,0,2,0,4,2,1,2,167
834,0,0,0,0,3,4,1,1,26,0,0,0,0,0,0,0,0,0,1,2,3,1,4,4,2,0,0,0,2,0,4,2,4,0,197
835,0,0,0,0,3,4,1,1,103,0,0,0,0,0,0,0,0,0,1,2,3,1,4,4,2,0,0,0,2,0,4,2,4,0,294
836,0,0,0,0,3,4,1,1,15,0,0,0,0,0,0,0,0,0,1,2,3,1,4,4,2,0,0,0,2,0,4,2,4,0,211
837,0,0,1,2,1,5,6,7,81,0,0,0,0,0,0,0,0,0,0,2,1,0,3,3,3,0,0,0,0,3,3,5,0,1,95
838,0,0,0,0,3,4,1,5,4,0,0,0,0,0,0,0,0,0,1,2,3,1,0,4,6,0,0,0,2,0,4,2,1,2,178
839,0,0,1,2,2,2,3,2,58,0,0,0,0,0,0,0,0,0,0,2,1,0,0,6,1,0,0,0,0,3,2,1,2,3,45
840,0,0,1,2,1,5,3,7,45,0,0,0,0,0,0,0,0,0,0,2,1,0,3,6,4,0,0,0,0,3,3,5,0,3,229
841,0,1,2,1,0,0,4,3,2,0,0,0,0,0,0,0,0,0,0,0,0,2,5,2,0,0,0,1,1,2,1,3,5,6,-1
842,0,1,2,3,4,1,5,3,82,0,0,0,0,0,0,0,0,0,1,1,2,4,0,2,0,0,0,1,1,1,0,0,5,7,151
843,0,1,2,1,0,0,4,6,80,0,0,0,0,0,0,0,0,0,0,0,0,2,5,2,0,0,0,1,1,2,1,3,3,6,227
844,0,0,0,0,3,4,1,1,20,0,0,0,0,0,0,0,0,0,1,2,3,1,4,4,2,0,0,0,2,0,4,2,4,0,217
845,0,1,1,1,2,2,0,0,108,0,0,0,0,0,0,0,0,0,0,0,1,0,0,6,1,0,0,0,0,2,2,1,2,4,37
846,0,0,1,2,1,5,6,7,-1,0,0,0,0,0,0,0,0,0,0,2,1,0,3,3,3,0,0,0,0,3,3,5,0,1,50
847,0,1,2,1,0,0,4,6,40,0,0,0,0,0,0,0,0,0,0,0,0,2,5,2,0,0,0,1,1,2,1,3,3,6,235
848,0,0,1,0,3,4,3,2,67,0,0,0,0,0,0,0,0,0,1,2,3,3,1,1,4,0,0,0,0,0,4,2,4,3,-1
849,0,0,1,2,1,5,6,7,127,0,0,0,0,0,0,0,0,0,0,2,1,0,3,3,3,0,0,0,0,3,3,5,0,1,32
850,0,0,0,0,3,4,1,5,4,0,0,0,0,0,0,0,0,0,1,2,3,1,4,4,6,0,0,0,2,0,4,2,1,2,181
851,0,1,0,3,4,1,5,3,1,0,0,0,0,0,0,0,0,0,1,1,2,4,0,2,0,0,0,1,1,1,2,0,5,7,278
852,0,0,1,2,1,5,6,7,16,0,0,0,0,0,0,0,0,0,0,2,1,0,3,3,3,0,0,0,0,3,3,5,0,1,65
853,0,0,0,0,3,4,1,5,110,0,0,0,0,0,0,0,0,0,1,2,3,1,4,4,6,0,0,0,2,0,4,2,1,2,237
854,0,0,1,2,1,5,6,7,8,0,0,0,0,0,0,0,0,0,0,2,1,0,3,3,3,0,0,0,0,3,3,5,0,1,75
855,0,1,2,1,2,2,0,0,46,0,0,0,0,0,0,0,0,0,0,0,0,2,0,6,1,0,0,1,1,2,2,1,2,4,22
856,0,1,2,1,2,2,0,0,29,0,0,0,0,0,0,0,0,0,0,0,0,2,0,6,1,0,0,1,1,2,2,1,2,4,135
857,0,1,2,1,0,0,4,6,28,0,0,0,0,0,0,0,0,0,0,0,0,2,5,0,7,0,0,1,1,2,1,3,3,6,103
858,0,1,2,3,4,3,2,4,126,0,0,0,0,0,0,0,0,0,1,1,2,4,2,5,5,0,0,1,2,1,0,4,6,5,249
859,0,1,1,2,2,2,0,0,114,0,0,0,0,0,0,0,0,0,0,0,1,0,3,6,1,0,0,0,0,3,2,1,2,4,56
860,0,1,0,3,4,3,2,4,22,0,0,0,0,0,0,0,0,0,1,1,2,4,2,5,5,0,0,1,2,1,0,4,6,5,262
861,0,0,0,0,3,4,1,2,9,0,0,0,0,0,0,0,0,0,1,2,3,3,1,1,4,0,0,0,2,0,4,2,4,3,224
862,0,0,0,0,3,4,1,1,20,0,0,0,0,0,0,0,0,0,1,2,3,1,4,4,2,0,0,0,2,0,4,2,4,0,220
863,0,1,2,3,4,3,2,4,-1,0,0,0,0,0,0,0,0,0,1,1,2,4,0,2,0,0,0,1,1,1,0,4,6,5,153
864,0,0,1,2,1,5,6,7,113,0,0,0,0,0,0,0,0,0,0,2,1,0,3,3,3,0,0,0,0,3,3,5,0,1,33
865,0,0,0,0,3,4,1,1,26,0,0,0,0,0,0,0,0,0,1,2,3,1,4,4,2,0,0,0,2,0,4,2,4,0,195
866,0,0,1,2,1,5,3,2,7,0,0,0,0,0,0,0,0,0,1,2,1,3,1,1,4,0,0,0,0,3,3,5,0,3,83
867,0,0,1,2,1,5,3,2,7,0,0,0,0,0,0,0,0,0,1,2,1,3,1,1,4,0,0,0,0,3,3,5,0,3,88
868,0,1,2,1,0,0,4,6,28,0,0,0,0,0,0,0,0,0,0,0,0,2,5,0,7,0,0,1,1,2,1,3,3,6,106
869,0,1,2,3,4,3,2,4,6,0,0,0,0,0,0,0,0,0,1,1,2,4,2,5,5,0,0,1,1,1,0,4,6,5,266
870,0,0,0,0,3,1,5,5,4,0,0,0,0,0,0,0,0,0,1,2,3,1,0,4,6,0,0,1,2,0,4,0,1,2,174
871,0,0,1,2,1,5,6,7,127,0,0,0,0,0,0,0,0,0,0,2,1,0,3,3,3,0,0,0,0,3,3,5,0,1,32
872,0,1,2,1,2,2,0,0,0,0,0,0,0,0,0,0,0,0,0,0,1,0,3,6,1,0,0,1,1,2,2,1,2,4,5
873,0,0,1,2,1,5,6,7,16,0,0,0,0,0,0,0,0,0,0,2,1,0,3,3,3,0,0,0,0,3,3,5,0,1,59
874,0,0,0,0,3,4,1,1,17,0,0,0,0,0,0,0,0,0,1,2,3,1,4,4,2,0,0,0,2,0,4,2,4,0,206
875,0,0,1,2,1,5,3,2,7,0,0,0,0,0,0,0,0,0,1,2,1,3,1,1,4,0,0,0,0,3,3,5,0,3,80
876,0,1,2,1,0,0,4,6,-1,0,0,0,0,0,0,0,0,0,0,0,0,2,5,2,0,0,0,1,1,2,1,3,3,6,235
877,0,1,2,1,0,0,4,3,2,0,0,0,0,0,0,0,0,0,0,0,0,2,0,2,0,0,0,1,1,2,1,3,5,7,113
878,0,1,2,1,0,0,4,6,10,0,0,0,0,0,0,0,0,0,0,0,0,2,5,0,7,0,0,1,1,2,1,3,3,6,101
879,0,1,2,1,0,0,4,6,28,0,0,0,0,0,0,0,0,0,0,0,0,2,5,0,7,0,0,1,1,2,1,3,3,6,103
880,0,1,0,3,4,3,5,4,85,0,0,0,0,0,0,0,0,0,1,1,2,4,0,2,6,0,0,1,2,1,0,4,6,5,185
881,0,1,2,1,2,2,0,0,46,0,0,0,0,0,0,0,0,0,0,0,0,2,0,6,1,0,0,1,1,2,2,1,2,4,20
882,0,1,2,3,4,3,2,3,66,0,0,0,0,0,0,0,0,0,0,1,2,4,0,2,0,0,0,1,1,1,0,0,5,7,273
883,0,1,1,1,2,2,0,0,0,0,0,0,0,0,0,0,0,0,0,0,1,0,3,6,1,0,0,0,1,2,2,1,2,4,1
884,0,0,1,2,2,2,0,0,124,0,0,0,0,0,0,0,0,0,0,0,1,0,0,6,1,0,0,0,0,3,2,1,2,4,38
885,0,0,0,0,3,4,1,1,9,0,0,0,0,0,0,0,0,0,1,2,3,3,1,1,2,0,0,0,2,0,4,2,4,0,-1
886,0,1,2,1,0,0,4,6,25,0,0,0,0,0,0,0,0,0,0,0,0,2,5,0,7,0,0,1,1,2,1,3,3,6,108
887,0,0,0,0,3,4,1,1,-1,0,0,0,0,0,0,0,0,0,1,2,3,1,4,4,2,0,0,0,2,0,4,2,4,0,240
888,0,0,1,2,1,5,6,7,16,0,0,0,0,0,0,0,0,0,0,2,1,0,3,3,3,0,0,0,0,3,3,5,0,1,59
889,0,1,0,3,4,3,2,4,115,0,0,0,0,0,0,0,0,0,1,1,2,4,2,5,5,0,0,1,2,1,0,4,6,5,253
890,0,1,2,1,2,2,0,0,0,0,0,0,0,0,0,0,0,0,0,0,0,0,3,6,1,0,0,1,1,2,2,1,2,4,0
891,0,1,2,1,0,0,4,3,2,0,0,0,0,0,0,0,0,0,0,0,0,2,5,2,0,0,0,1,1,2,1,3,5,6,116
892,0,0,1,2,1,5,6,7,16,0,0,0,0,0,0,0,0,0,0,2,1,0,3,3,3,0,0,0,0,3,3,5,0,1,65
893,0,0,0,0,3,1,5,5,4,0,0,0,0,0,0,0,0,0,1,2,3,1,0,4,6,0,0,0,2,0,4,0,1,2,-1
894,0,1,2,1,2,2,0,0,46,0,0,0,0,0,0,0,0,0,0,0,0,2,0,6,1,0,0,1,1,2,2,1,2,4,23
895,0,0,1,2,1,5,6,7,16,0,0,0,0,0,0,0,0,0,0,2,1,0,3,3,3,0,0,0,0,3,3,5,0,1,65
896,0,0,1,2,1,5,3,2,7,0,0,0,0,0,0,0,0,0,1,2,1,3,1,1,4,0,0,0,0,3,3,5,0,3,87
897,0,0,1,2,1,5,6,7,8,0,0,0,0,0,0,0,0,0,0,2,1,0,3,3,3,0,0,0,0,3,3,5,0,1,74
898,0,1,2,1,2,2,0,0,0,0,0,0,0,0,0,0,0,0,0,0,1,0,3,6,1,0,0,1,1,2,2,1,2,4,5
899,0,0,0,0,3,1,5,5,4,0,0,0,0,0,0,0,0,0,1,2,3,1,0,2,6,0,0,0,2,0,4,0,1,2,-1
900,0,0,1,0,3,4,3,2,67,0,0,0,0,0,0,0,0,0,1,2,3,3,1,1,4,0,0,0,0,0,4,2,4,3,92
901,0,1,2,1,2,2,0,0,47,0,0,0,0,0,0,0,0,0,0,0,0,2,5,6,1,0,0,1,1,2,2,1,2,4,11
902,0,0,1,2,1,5,3,2,79,0,0,0,0,0,0,0,0,0,1,2,1,3,1,1,4,0,0,0,0,3,3,5,0,1,76
903,0,1,2,1,0,2,0,6,47,0,0,0,0,0,0,0,0,0,0,0,0,2,5,6,1,0,0,1,1,2,1,3,3,4,10
904,0,0,0,0,3,4,1,1,-1,0,0,0,0,0,0,0,0,0,1,2,3,1,4,4,2,0,0,0,2,0,4,2,4,0,-1
905,0,1,2,1,0,0,4,3,2,0,0,0,0,0,0,0,0,0,0,0,0,2,0,2,0,0,0,1,1,2,1,3,5,7,117
906,0,1,2,1,0,0,0,3,2,0,0,0,0,0,0,0,0,0,0,0,0,2,0,2,0,0,0,1,1,2,2,0,5,7,117
907,0,0,0,0,3,4,1,1,26,0,0,0,0,0,0,0,0,0,1,2,3,1,4,4,2,0,0,0,2,0,4,2,4,0,-1
908,0,0,1,2,2,2,0,0,37,0,0,0,0,0,0,0,0,0,0,2,1,0,0,6,1,0,0,0,0,3,2,1,2,3,-1
909,0,0,1,2,1,5,6,7,24,0,0,0,0,0,0,0,0,0,0,2,1,3,1,3,4,0,0,0,0,3,3,5,0,1,70
910,0,0,0,0,3,4,1,1,20,0,0,0,0,0,0,0,0,0,1,2,3,1,4,4,2,0,0,0,2,0,4,2,4,0,214
911,0,1,2,1,0,0,4,6,10,0,0,0,0,0,0,0,0,0,0,0,0,2,5,0,7,0,0,1,1,2,1,3,3,6,-1
912,0,1,2,3,4,3,2,4,60,0,0,0,0,0,0,0,0,0,1,1,2,4,2,5,5,0,0,1,1,1,0,4,6,5,271
913,0,0,0,0,3,4,1,1,26,0,0,0,0,0,0,0,0,0,1,2,3,1,4,4,2,0,0,0,2,0,4,2,4,0,190
914,0,0,1,1,2,1,0,0,70,0,0,0,0,0,0,0,0,0,0,0,1,2,0,2,1,0,0,1,1,2,2,0,5,7,291
915,0,1,2,3,4,3,2,4,-1,0,0,0,0,0,0,0,0,0,1,1,2,4,2,5,5,0,0,1,1,1,0,4,6,5,-1
916,0,0,1,0,3,4,3,2,67,0,0,0,0,0,0,0,0,0,1,2,3,3,1,1,4,0,0,0,0,0,4,2,4,3,-1
917,0,0,0,0,3,4,1,1,9,0,0,0,0,0,0,0,0,0,1,2,3,3,1,1,2,0,0,0,2,0,4,2,4,0,225
918,0,1,1,1,2,2,0,0,43,0,0,0,0,0,0,0,0,0,0,0,1,0,3,6,1,0,0,0,0,2,2,1,2,4,-1
919,0,0,1,2,1,5,6,7,78,0,0,0,0,0,0,0,0,0,0,2,1,0,3,3,3,0,0,0,0,3,3,5,0,1,66
920,0,1,0,3,4,1,5,5,98,0,0,0,0,0,0,0,0,0,1,1,2,4,0,2,6,0,0,1,2,1,0,0,6,2,184
921,0,1,2,3,4,3,2,4,126,0,0,0,0,0,0,0,0,0,1,1,2,4,2,5,5,0,0,1,2,1,0,4,6,5,249
922,0,0,0,0,3,4,3,2,83,0,0,0,0,0,0,0,0,0,1,2,3,3,1,1,4,0,0,0,0,0,4,2,4,3,238
923,0,1,2,3,4,3,2,4,3,0,0,0,0,0,0,0,0,0,1,1,2,4,2,5,5,0,0,1,2,1,0,4,6,5,279
924,0,0,1,2,2,2,0,0,5,0,0,0,0,0,0,0,0,0,0,0,1,0,3,6,1,0,0,0,0,3,2,1,2,4,9
925,0,0,0,0,3,4,1,1,26,0,0,0,0,0,0,0,0,0,1,2,3,1,4,4,2,0,0,0,2,0,4,2,4,0,199
926,0,1,2,1,0,0,4,3,19,0,0,0,0,0,0,0,0,0,0,0,0,2,0,2,0,0,0,1,1,2,1,3,5,7,121
927,0,0,1,2,1,5,6,7,8,0,0,0,0,0,0,0,0,0,0,2,1,0,3,3,3,0,0,0,0,3,3,5,0,1,75
928,0,0,0,0,3,4,3,2,41,0,0,0,0,0,0,0,0,0,1,2,3,3,1,1,4,0,0,0,0,0,4,2,1,3,239
929,0,0,1,0,3,4,3,2,67,0,0,0,0,0,0,0,0,0,1,2,3,3,1,1,4,0,0,0,0,0,4,2,4,3,92
930,0,0,1,2,3,1,3,2,99,0,0,0,0,0,0,0,0,0,1,2,1,3,1,1,4,0,0,0,0,3,2,0,1,3,99
931,0,0,1,2,1,5,6,7,81,0,0,0,0,0,0,0,0,0,0,2,1,0,3,3,3,0,0,0,0,3,3,5,0,1,95
932,0,1,0,3,4,3,5,5,-1,0,0,0,0,0,0,0,0,0,1,1,2,4,2,5,6,0,0,1,2,1,0,4,6,2,290
933,0,0,1,2,1,5,6,7,8,0,0,0,0,0,0,0,0,0,0,2,1,0,3,3,3,0,0,0,0,3,3,5,0,1,73
934,0,1,0,3,4,3,2,4,11,0,0,0,0,0,0,0,0,0,1,1,2,4,2,5,5,0,0,1,2,1,0,4,6,5,245
935,0,0,1,2,1,5,6,7,96,0,0,0,0,0,0,0,0,0,0,2,1,0,3,3,3,0,0,0,0,3,3,5,0,1,48
936,0,0,1,2,1,5,6,7,8,0,0,0,0,0,0,0,0,0,0,2,1,0,3,3,3,0,0,0,0,3,3,5,0,1,75
937,0,1,1,1,2,2,0,0,0,0,0,0,0,0,0,0,0,0,0,0,1,0,3,6,1,0,0,0,0,2,2,1,2,4,2
938,0,0,1,2,1,5,6,7,128,0,0,0,0,0,0,0,0,0,0,2,1,0,3,3,3,0,0,0,0,3,3,5,0,1,50
939,0,1,2,1,2,2,0,0,47,0,0,0,0,0,0,0,0,0,0,0,0,2,5,6,1,0,0,1,1,2,2,1,2,4,-1
940,0,0,1,2,1,5,6,7,24,0,0,0,0,0,0,0,0,0,0,2,1,3,1,3,3,0,0,0,0,3,3,5,0,1,68
941,0,0,1,2,2,5,3,2,37,0,0,0,0,0,0,0,0,0,0,2,1,0,0,6,1,0,0,0,0,3,2,1,2,3,42
942,0,1,0,3,4,3,2,4,11,0,0,0,0,0,0,0,0,0,1,1,2,4,2,5,5,0,0,1,2,1,0,4,6,5,246
943,0,1,0,3,4,3,2,4,22,0,0,0,0,0,0,0,0,0,1,1,2,4,2,5,5,0,0,1,2,1,0,4,6,5,259
944,0,0,0,3,4,1,5,5,14,0,0,0,0,0,0,0,0,0,1,1,2,1,4,4,6,0,0,1,2,1,0,4,1,2,284
945,0,1,2,1,0,0,4,6,74,0,0,0,0,0,0,0,0,0,0,0,0,2,5,0,7,0,0,1,1,2,1,3,3,6,12
946,0,0,1,2,1,5,6,7,16,0,0,0,0,0,0,0,0,0,0,2,1,0,3,3,3,0,0,0,0,3,3,5,0,1,61
947,0,1,2,1,0,1,4,3,-1,0,0,0,0,0,0,0,0,0,0,1,2,2,0,2,0,0,0,1,1,2,2,0,5,7,149
948,0,0,1,2,1,5,3,2,53,0,0,0,0,0,0,0,0,0,1,2,1,3,1,1,4,0,0,0,0,3,3,5,0,3,79
949,0,1,2,1,0,0,4,3,2,0,0,0,0,0,0,0,0,0,0,0,0,2,0,2,0,0,0,1,1,2,1,3,5,7,112
950,0,0,0,0,3,4,1,5,57,0,0,0,0,0,0,0,0,0,1,2,3,1,4,4,6,0,0,0,2,0,4,2,1,2,209
951,0,0,0,0,3,4,1,1,21,0,0,0,0,0,0,0,0,0,1,2,3,1,4,4,2,0,0,0,2,0,4,2,4,0,189
952,0,0,1,2,2,2,0,0,37,0,0,0,0,0,0,0,0,0,0,2,1,0,0,6,1,0,0,0,0,3,2,1,2,3,41
953,0,0,0,0,3,1,5,5,4,0,0,0,0,0,0,0,0,0,1,2,3,1,0,2,6,0,0,0,2,0,4,0,1,2,170
954,0,0,1,2,2,1,3,2,-1,0,0,0,0,0,0,0,0,0,1,2,1,3,0,6,1,0,0,0,0,3,2,1,2,3,-1
955,0,0,1,2,2,2,0,0,43,0,0,0,0,0,0,0,0,0,0,0,1,0,3,6,1,0,0,0,0,3,2,1,2,4,52
956,0,0,1,2,1,5,6,7,128,0,0,0,0,0,0,0,0,0,0,2,1,0,3,3,3,0,0,0,0,3,3,5,0,1,50
957,0,1,0,3,4,1,5,5,33,0,0,0,0,0,0,0,0,0,1,1,2,4,0,2,6,0,0,1,2,1,0,0,1,2,159
958,0,0,1,2,1,5,6,7,16,0,0,0,0,0,0,0,0,0,0,2,1,0,3,3,3,0,0,0,0,3,3,5,0,1,63
959,0,0,1,2,1,5,6,7,55,0,0,0,0,0,0,0,0,0,0,2,1,0,3,3,3,0,0,0,0,3,3,5,0,1,34
960,0,1,2,1,2,1,0,3,29,0,0,0,0,0,0,0,0,0,0,0,0,2,0,2,0,0,0,1,1,2,2,0,5,7,141
961,0,0,1,2,2,2,0,0,125,0,0,0,0,0,0,0,0,0,0,0,1,0,0,6,1,0,0,0,0,3,2,1,2,4,39
962,0,0,1,2,1,5,3,2,7,0,0,0,0,0,0,0,0,0,1,2,1,3,1,1,4,0,0,0,0,3,3,5,0,3,87
963,0,0,0,0,3,4,1,1,20,0,0,0,0,0,0,0,0,0,1,2,3,1,4,4,2,0,0,0,2,0,4,2,4,0,221
964,0,1,0,3,4,3,5,5,87,0,0,0,0,0,0,0,0,0,1,1,2,4,2,5,6,0,0,1,2,1,0,4,1,2,290
965,0,0,1,2,1,5,6,7,78,0,0,0,0,0,0,0,0,0,0,2,1,0,3,3,3,0,0,0,0,3,3,5,0,1,67
966,0,1,2,3,4,3,2,4,6,0,0,0,0,0,0,0,0,0,1,1,2,4,2,5,5,0,0,1,1,1,0,4,6,5,270
967,0,0,0,0,3,1,5,5,4,0,0,0,0,0,0,0,0,0,1,2,3,1,0,4,6,0,0,1,2,0,4,0,1,2,173
968,0,1,2,1,0,0,4,3,19,0,0,0,0,0,0,0,0,0,0,0,0,2,5,2,0,0,0,1,1,2,1,3,5,7,126
969,0,1,2,1,0,0,4,3,19,0,0,0,0,0,0,0,0,0,0,0,0,2,0,2,0,0,0,1,1,2,1,3,5,7,122
970,0,0,1,2,1,5,6,7,64,0,0,0,0,0,0,0,0,0,0,2,1,0,3,6,1,0,0,0,0,3,3,1,2,1,57
971,0,1,2,1,2,2,0,0,29,0,0,0,0,0,0,0,0,0,0,0,0,2,0,6,1,0,0,1,1,2,2,1,2,4,136
972,0,1,2,1,0,0,4,3,31,0,0,0,0,0,0,0,0,0,0,0,0,2,5,2,0,0,0,1,1,2,1,3,3,6,132
973,0,1,2,1,2,2,0,0,46,0,0,0,0,0,0,0,0,0,0,0,0,2,0,6,1,0,0,1,1,2,2,1,2,4,24
974,0,0,0,0,3,4,1,1,35,0,0,0,0,0,0,0,0,0,1,2,3,3,1,1,2,0,0,0,2,0,4,2,4,0,203
975,0,0,0,0,3,4,1,1,26,0,0,0,0,0,0,0,0,0,1,2,3,1,4,4,2,0,0,0,2,0,4,2,4,0,198
976,0,1,2,1,2,2,0,0,29,0,0,0,0,0,0,0,0,0,0,0,0,2,0,6,1,0,0,1,1,2,2,1,2,4,136
977,0,0,0,0,3,4,1,1,20,0,0,0,0,0,0,0,0,0,1,2,3,1,4,4,2,0,0,0,2,0,4,2,4,0,216
978,0,1,1,1,2,2,0,0,0,0,0,0,0,0,0,0,0,0,0,0,1,0,3,6,1,0,0,0,1,2,2,1,2,4,3
979,0,0,0,0,3,4,3,2,41,0,0,0,0,0,0,0,0,0,1,2,3,3,1,1,4,0,0,0,0,0,4,2,1,3,239
980,0,1,1,1,2,2,0,0,0,0,0,0,0,0,0,0,0,0,0,0,1,0,3,6,1,0,0,0,0,2,2,1,2,4,1
981,0,0,0,3,4,1,5,5,14,0,0,0,0,0,0,0,0,0,1,1,2,1,4,4,6,0,0,1,2,1,0,4,1,2,285
982,0,1,0,3,4,3,2,4,-1,0,0,0,0,0,0,0,0,0,1,1,2,4,2,5,5,0,0,1,2,1,0,4,6,5,296
983,0,1,1,1,2,2,0,0,0,0,0,0,0,0,0,0,0,0,0,0,1,0,3,6,1,0,0,1,1,2,2,1,2,4,3
984,0,0,0,0,3,4,1,1,26,0,0,0,0,0,0,0,0,0,1,2,3,1,4,4,2,0,0,0,2,0,4,2,4,0,191
985,0,0,0,0,3,4,1,1,26,0,0,0,0,0,0,0,0,0,1,2,3,1,4,4,2,0,0,0,2,0,4,2,4,0,-1
986,0,1,2,3,4,3,2,4,126,0,0,0,0,0,0,0,0,0,1,1,2,4,2,5,5,0,0,1,2,1,0,4,6,5,250
987,0,0,0,0,3,1,5,5,14,0,0,0,0,0,0,0,0,0,1,1,2,1,4,4,6,0,0,1,2,0,4,4,1,2,286
988,0,0,0,0,3,4,1,1,26,0,0,0,0,0,0,0,0,0,1,2,3,1,4,4,2,0,0,0,2,0,4,2,4,0,195
989,0,1,2,1,0,0,4,3,19,0,0,0,0,0,0,0,0,0,0,0,0,2,0,2,0,0,0,1,1,2,1,3,5,7,121
990,0,1,2,3,4,1,5,3,-1,0,0,0,0,0,0,0,0,0,1,1,2,4,0,2,0,0,0,1,1,1,2,0,5,7,278
991,0,0,0,0,3,1,5,5,4,0,0,0,0,0,0,0,0,0,1,2,3,1,0,4,6,0,0,0,2,0,4,0,1,2,-1
992,0,1,2,1,0,0,4,6,123,0,0,0,0,0,0,0,0,0,0,0,0,2,5,0,7,0,0,1,1,2,1,3,3,6,19
993,0,1,2,3,4,1,5,3,29,0,0,0,0,0,0,0,0,0,0,1,2,4,0,2,0,0,0,1,1,1,0,0,5,7,144
994,0,0,1,2,1,5,3,2,7,0,0,0,0,0,0,0,0,0,1,2,1,3,1,1,4,0,0,0,0,3,3,5,0,3,83
995,0,0,1,2,2,2,0,0,37,0,0,0,0,0,0,0,0,0,0,2,1,0,0,6,1,0,0,0,0,3,2,1,2,3,43
996,0,0,1,2,1,5,3,2,7,0,0,0,0,0,0,0,0,0,1,2,1,3,1,1,4,0,0,0,0,3,3,5,0,3,-1
997,0,1,2,1,0,0,4,3,40,0,0,0,0,0,0,0,0,0,0,0,0,2,5,2,0,0,0,1,1,2,1,3,3,6,235
998,0,1,2,1,0,0,4,6,38,0,0,0,0,0,0,0,0,0,0,0,0,2,5,0,7,0,0,1,1,2,1,3,3,6,18
999,0,1,2,1,0,0,4,6,71,0,0,0,0,0,0,0,0,0,0,0,0,2,5,0,7,0,0,1,1,2,1,3,3,6,107
