,kmeans_n_clusters_1,kmeans_n_clusters_2,kmeans_n_clusters_3,kmeans_n_clusters_4,kmeans_n_clusters_5,kmeans_n_clusters_6,kmeans_n_clusters_7,kmeans_n_clusters_8,dbscan_eps_0_1_min_samples_2,dbscan_eps_0_2_min_samples_2,dbscan_eps_0_3_min_samples_2,dbscan_eps_0_4_min_samples_2,dbscan_eps_0_5_min_samples_2,dbscan_eps_0_6_min_samples_2,dbscan_eps_0_7_min_samples_2,dbscan_eps_0_8_min_samples_2,dbscan_eps_0_9_min_samples_2,kernel_kmeans_n_clusters_1_kernel_gak_random_state_0,kernel_kmeans_n_clusters_2_kernel_gak_random_state_0,kernel_kmeans_n_clusters_3_kernel_gak_random_state_0,kernel_kmeans_n_clusters_4_kernel_gak_random_state_0,kernel_kmeans_n_clusters_5_kernel_gak_random_state_0,kernel_kmeans_n_clusters_6_kernel_gak_random_state_0,kernel_kmeans_n_clusters_7_kernel_gak_random_state_0,kernel_kmeans_n_clusters_8_kernel_gak_random_state_0,spectral_clustering_n_clusters_1_eigen_solver_arpack,spectral_clustering_n_clusters_2_eigen_solver_arpack,spectral_clustering_n_clusters_3_eigen_solver_arpack,spectral_clustering_n_clusters_4_eigen_solver_arpack,spectral_clustering_n_clusters_5_eigen_solver_arpack,spectral_clustering_n_clusters_6_eigen_solver_arpack,spectral_clustering_n_clusters_7_eigen_solver_arpack,spectral_clustering_n_clusters_8_eigen_solver_arpack,mean_shift_,optics_min_samples_7_xi_0_1_min_cluster_size_0_2,random_model_n1,random_model_n2,random_model_n3,random_model_n4,random_model_n5,random_model_n6,random_model_n7,random_model_n8,random_model_n9
0,0,0,1,0,1,4,4,0,0,0,0,0,0,0,0,0,0,0,0,0,0,0,0,5,1,0,0,1,3,3,2,4,0,2,0,1,0,2,2,2,2,0,0,2
1,0,1,2,1,2,3,5,3,1,1,1,1,1,1,1,1,1,0,1,1,1,2,1,2,6,0,1,2,1,4,3,3,5,1,2,0,1,0,2,1,1,1,1,0
2,0,1,2,1,2,3,6,3,1,1,1,1,1,1,1,1,1,0,1,1,1,2,1,2,6,0,1,2,1,4,3,3,5,1,2,0,0,1,1,2,0,2,1,2
3,0,1,0,2,0,2,2,2,2,2,2,2,1,1,1,1,1,0,1,2,2,3,3,3,0,0,1,0,0,2,4,5,4,0,1,1,2,0,1,2,2,0,1,1
4,0,1,0,2,0,5,2,6,2,2,2,2,1,1,1,1,1,0,1,2,2,4,1,3,0,0,1,0,0,2,1,6,6,0,1,1,2,0,0,0,1,1,2,2
5,0,1,0,2,0,2,3,4,2,2,2,2,1,1,1,1,1,0,1,2,2,3,1,4,0,0,1,0,0,2,1,6,6,0,1,0,0,0,0,1,2,2,0,0
6,0,1,2,1,2,3,6,3,1,1,1,1,1,1,1,1,1,0,1,1,1,2,1,0,6,0,1,2,1,4,3,3,5,1,2,0,2,1,2,0,0,0,0,2
7,0,1,0,2,0,5,2,2,2,2,2,2,1,1,1,1,1,0,1,2,2,4,1,3,0,0,1,0,0,2,1,5,4,0,1,1,1,1,1,0,2,1,0,1
8,0,1,2,1,2,3,0,3,1,1,1,1,1,1,1,1,1,0,1,1,1,2,1,2,6,0,1,2,1,4,3,3,5,1,2,0,1,2,2,2,1,2,1,1
9,0,1,2,3,3,0,0,1,1,1,1,1,1,1,1,1,1,0,1,1,3,1,1,2,6,0,1,2,2,0,0,2,1,1,2,1,2,1,0,0,1,2,1,2
10,0,1,2,3,3,0,0,1,1,1,1,1,1,1,1,1,1,0,1,1,3,1,1,2,6,0,1,2,2,0,0,2,1,1,2,0,0,1,1,2,1,2,0,0
11,0,1,0,2,0,2,3,4,2,2,2,2,1,1,1,1,1,0,1,2,2,3,1,4,0,0,1,0,0,2,1,6,6,0,1,2,0,2,2,0,1,0,1,0
12,0,1,0,2,0,2,3,4,2,2,2,2,1,1,1,1,1,0,1,2,2,4,1,3,0,0,1,0,0,2,1,6,6,0,1,1,0,1,1,0,2,2,2,2
13,0,0,1,0,1,4,4,0,0,0,0,0,0,0,0,0,0,0,0,0,0,0,0,5,1,0,0,1,3,3,2,4,0,2,0,2,1,2,0,1,1,0,0,1
14,0,1,0,2,0,5,2,6,2,2,2,2,1,1,1,1,1,0,1,2,2,4,1,3,0,0,1,0,0,2,1,6,6,0,1,0,2,0,0,1,0,0,1,0
15,0,0,1,0,4,1,1,7,0,0,0,0,0,0,0,0,0,0,0,0,0,0,0,5,1,0,0,1,3,1,5,0,2,2,0,2,0,0,2,0,2,0,1,1
16,0,1,0,2,0,2,3,4,2,2,2,2,1,1,1,1,1,0,1,2,2,4,1,3,0,0,1,0,0,2,1,6,6,0,1,1,2,0,0,0,0,0,1,1
17,0,0,1,0,1,4,4,0,0,0,0,0,0,0,0,0,0,0,0,0,0,0,0,5,1,0,0,1,3,3,2,4,0,2,0,2,2,1,2,1,1,2,1,1
18,0,0,1,0,1,4,4,0,0,0,0,0,0,0,0,0,0,0,0,0,0,0,0,5,1,0,0,1,3,3,2,4,0,2,0,0,2,2,2,1,0,2,2,0
19,0,1,0,2,0,5,2,2,2,2,2,2,1,1,1,1,1,0,1,2,2,4,3,3,0,0,1,0,0,2,1,5,4,0,1,0,1,0,2,2,2,0,2,0
20,0,1,2,1,2,3,6,3,-1,1,1,1,1,1,1,1,1,0,1,1,1,2,1,0,6,0,1,2,1,4,3,3,5,1,2,2,2,2,0,0,0,0,2,0
21,0,0,1,0,1,4,4,0,0,0,0,0,0,0,0,0,0,0,0,0,0,0,0,5,1,0,0,1,3,3,2,4,0,2,0,0,0,1,0,2,0,1,2,2
22,0,1,2,1,2,3,6,3,1,1,1,1,1,1,1,1,1,0,1,1,1,2,1,3,6,0,1,2,1,4,3,3,5,1,2,1,1,2,1,1,2,0,1,0
23,0,1,2,3,3,0,0,1,-1,1,1,1,1,1,1,1,1,0,1,1,3,1,1,2,6,0,1,2,2,0,0,2,1,1,2,2,0,2,1,2,1,0,0,2
24,0,0,1,0,4,1,1,5,0,0,0,0,0,0,0,0,0,0,0,0,0,0,0,5,1,0,0,1,3,1,5,0,3,2,0,2,0,2,1,2,1,1,1,0
25,0,1,0,2,0,5,2,6,2,2,2,2,1,1,1,1,1,0,1,2,2,4,1,3,0,0,1,0,0,2,1,5,4,0,1,0,2,2,2,1,2,0,0,1
26,0,1,0,2,0,5,2,6,2,2,2,2,1,1,1,1,1,0,1,2,2,4,1,3,0,0,1,0,0,2,1,5,4,0,1,1,2,0,1,1,1,1,1,2
27,0,0,1,0,1,4,4,0,0,0,0,0,0,0,0,0,0,0,0,0,0,0,0,5,1,0,0,1,3,3,2,4,0,2,0,1,1,1,2,2,2,0,1,2
28,0,1,2,1,2,3,5,3,1,1,1,1,1,1,1,1,1,0,1,1,1,2,1,2,6,0,1,2,1,4,3,3,5,1,2,2,2,2,0,1,2,2,2,0
29,0,1,2,3,3,0,0,1,1,1,1,1,1,1,1,1,1,0,1,1,3,1,1,2,6,0,1,2,2,0,0,2,1,1,2,0,0,1,2,1,1,0,1,0
30,0,1,0,2,0,2,3,4,2,2,2,2,1,1,1,1,1,0,1,2,2,3,3,4,0,0,1,0,2,0,4,1,7,0,1,2,0,0,2,2,1,1,2,0
31,0,0,1,0,4,1,1,5,0,0,0,0,0,0,0,0,0,0,0,0,0,0,0,5,1,0,0,1,3,1,5,0,3,2,0,1,2,2,1,1,1,2,2,2
32,0,0,1,0,1,4,4,0,0,0,0,0,0,0,0,0,0,0,0,0,0,0,0,5,1,0,0,1,3,3,2,4,0,2,0,1,0,1,2,2,0,2,2,2
33,0,1,2,1,2,3,6,3,1,1,1,1,1,1,1,1,1,0,1,1,1,2,1,0,6,0,1,2,1,4,3,3,5,1,2,1,2,1,0,0,1,0,1,0
34,0,1,0,2,0,2,3,4,2,2,2,2,1,1,1,1,1,0,1,2,2,3,3,4,0,0,1,0,0,2,4,1,7,0,1,1,0,2,1,2,2,2,1,1
35,0,1,0,2,0,5,2,6,2,2,2,2,1,1,1,1,1,0,1,2,2,4,1,3,0,0,1,0,0,2,1,6,6,0,1,2,2,0,2,1,0,1,1,0
36,0,1,2,1,2,3,5,1,1,1,1,1,1,1,1,1,1,0,1,1,3,1,1,3,7,0,1,2,1,4,0,6,6,1,2,1,1,2,2,2,2,0,2,1
37,0,0,1,0,1,4,4,0,0,0,0,0,0,0,0,0,0,0,0,0,0,0,0,5,1,0,0,1,3,3,2,4,0,2,0,1,2,0,0,0,2,0,1,2
38,0,0,1,0,4,1,1,5,0,0,0,0,0,0,0,0,0,0,0,0,0,0,0,5,1,0,0,1,3,1,5,0,2,2,0,0,0,1,0,0,1,1,0,1
39,0,1,2,3,3,0,5,1,1,1,1,1,1,1,1,1,1,0,1,1,3,1,1,2,7,0,1,2,2,0,0,2,1,1,2,0,2,0,2,0,0,0,2,0
40,0,0,1,0,1,4,4,0,0,0,0,0,0,0,0,0,0,0,0,0,0,0,0,5,1,0,0,1,3,3,2,4,0,2,0,1,1,1,1,2,0,0,0,0
41,0,1,2,1,2,3,6,3,1,1,1,1,1,1,1,1,1,0,1,1,1,2,1,3,7,0,1,2,1,4,3,3,5,1,2,0,2,0,1,0,1,2,1,1
42,0,1,0,2,0,2,3,4,2,2,2,2,1,1,1,1,1,0,1,2,2,3,1,4,0,0,1,0,0,2,1,6,6,0,1,0,1,2,0,1,1,1,1,0
43,0,1,2,1,2,3,6,3,1,1,1,1,1,1,1,1,1,0,1,1,1,2,1,3,6,0,1,2,1,4,3,3,5,1,2,1,1,1,2,2,2,0,0,1
44,0,1,0,2,0,5,2,6,2,2,2,2,1,1,1,1,1,0,1,2,2,4,1,3,0,0,1,0,0,2,1,5,4,0,1,2,0,1,1,0,2,0,0,2
45,0,1,0,2,0,5,2,6,2,2,2,2,1,1,1,1,1,0,1,2,2,4,1,3,0,0,1,0,0,2,1,5,4,0,1,1,1,2,0,2,2,0,0,1
46,0,1,2,3,3,0,0,1,1,1,1,1,1,1,1,1,1,0,1,1,3,1,1,2,6,0,1,2,2,0,0,2,1,1,2,0,2,0,2,1,0,2,2,1
47,0,0,1,0,1,4,4,7,0,0,0,0,0,0,0,0,0,0,0,0,0,0,0,5,1,0,0,1,3,3,2,4,2,2,0,2,0,0,2,2,1,1,0,1
48,0,1,2,3,3,0,0,1,1,1,1,1,1,1,1,1,1,0,1,1,3,1,1,2,6,0,1,2,2,0,0,2,1,1,2,2,2,2,1,1,2,0,1,0
49,0,1,2,1,2,3,6,3,1,1,1,1,1,1,1,1,1,0,1,1,1,2,1,3,7,0,1,2,1,4,3,3,5,1,2,1,1,0,2,1,2,1,2,2
50,0,1,0,2,0,5,2,2,2,2,2,2,1,1,1,1,1,0,1,2,2,4,3,3,0,0,1,0,0,2,1,5,4,0,1,1,1,0,1,0,2,0,2,2
51,0,1,2,3,3,0,5,1,1,1,1,1,1,1,1,1,1,0,1,1,3,1,1,2,7,0,1,2,2,0,0,6,6,1,2,1,1,1,0,0,2,0,0,2
52,0,0,1,0,4,1,1,5,0,0,0,0,0,0,0,0,0,0,0,0,0,0,0,5,1,0,0,1,3,1,5,0,3,2,0,0,1,2,1,1,1,1,0,2
53,0,1,2,3,3,0,0,1,1,1,1,1,1,1,1,1,1,0,1,1,3,1,1,2,6,0,1,2,2,0,0,2,1,1,2,0,2,0,1,2,1,0,1,0
54,0,0,1,0,1,4,4,0,0,0,0,0,0,0,0,0,0,0,0,0,0,0,0,5,1,0,0,1,3,3,2,4,0,2,0,1,0,1,1,2,2,1,0,0
55,0,1,2,3,2,3,5,1,1,1,1,1,1,1,1,1,1,0,1,1,3,2,1,2,6,0,1,2,1,4,0,6,6,1,2,0,2,0,0,0,2,1,2,1
56,0,1,0,2,0,2,3,4,2,2,2,2,1,1,1,1,1,0,1,2,2,4,1,4,0,0,1,0,0,2,1,6,6,0,1,2,2,0,0,1,1,0,0,0
57,0,1,2,1,2,3,5,1,1,1,1,1,1,1,1,1,1,0,1,1,3,1,1,3,7,0,1,2,1,4,0,6,6,1,2,0,0,1,2,2,1,1,1,2
58,0,0,1,0,1,4,4,0,0,0,0,0,0,0,0,0,0,0,0,0,0,0,0,5,1,0,0,1,3,3,2,4,0,2,0,0,0,1,2,1,0,2,2,0
59,0,1,2,1,2,3,6,3,1,1,1,1,1,1,1,1,1,0,1,1,1,2,1,2,6,0,1,2,1,4,3,3,5,1,2,1,2,2,2,1,0,1,2,2
60,0,1,2,1,2,3,6,3,1,1,1,1,1,1,1,1,1,0,1,1,1,2,1,0,6,0,1,2,1,4,3,3,5,1,2,1,2,1,2,1,2,1,2,0
61,0,1,0,2,0,5,2,6,2,2,2,2,1,1,1,1,1,0,1,2,2,4,1,3,0,0,1,0,0,2,1,5,4,0,1,2,0,1,2,1,0,1,2,0
62,0,1,2,1,2,3,6,3,3,1,1,1,1,1,1,1,1,0,1,1,1,2,1,0,6,0,1,2,1,4,3,3,5,1,2,0,0,1,0,0,0,1,2,0
63,0,0,1,0,1,4,4,7,0,0,0,0,0,0,0,0,0,0,0,0,0,0,0,5,1,0,0,1,3,3,2,4,2,2,0,0,2,1,2,2,1,1,2,1
64,0,1,0,2,0,2,3,4,2,2,2,2,1,1,1,1,1,0,1,2,2,3,3,4,0,0,1,0,0,2,4,1,7,0,1,1,2,1,2,2,0,2,2,0
65,0,0,1,0,1,4,4,0,-1,0,0,0,0,0,0,0,0,0,0,0,0,0,0,5,1,0,0,1,3,3,2,4,0,2,0,2,0,2,1,2,2,2,1,0
66,0,1,0,2,0,2,3,4,2,2,2,2,1,1,1,1,1,0,1,2,2,3,3,4,0,0,1,0,0,2,4,1,7,0,1,2,2,0,2,1,0,2,2,2
67,0,1,0,2,0,2,3,2,2,2,2,2,1,1,1,1,1,0,1,2,2,4,3,3,0,0,1,0,0,2,1,5,4,0,1,1,0,0,1,2,1,1,0,0
68,0,1,0,2,0,5,2,2,2,2,2,2,1,1,1,1,1,0,1,2,2,4,1,3,0,0,1,0,0,2,1,5,4,0,1,0,1,0,2,0,1,2,1,0
69,0,1,0,2,0,2,3,2,2,2,2,2,1,1,1,1,1,0,1,2,2,3,3,3,0,0,1,0,0,2,4,1,7,0,1,2,2,0,1,1,1,0,2,0
70,0,1,0,2,0,5,2,6,2,2,2,2,1,1,1,1,1,0,1,2,2,4,1,3,0,0,1,0,0,2,1,5,4,0,1,1,1,0,0,2,1,0,2,0
71,0,1,2,3,3,0,0,1,1,1,1,1,1,1,1,1,1,0,1,1,3,1,1,2,6,0,1,2,2,0,0,2,1,1,2,2,2,0,1,1,2,1,1,1
72,0,1,0,2,0,5,2,6,2,2,2,2,1,1,1,1,1,0,1,2,2,4,1,3,0,0,1,0,0,2,1,6,6,0,1,1,2,2,2,0,1,1,2,2
73,0,1,2,3,3,0,5,1,1,1,1,1,1,1,1,1,1,0,1,1,3,1,1,3,7,0,1,2,1,4,0,6,6,1,2,0,2,2,0,1,1,1,2,1
74,0,1,0,2,0,5,2,6,2,2,2,2,1,1,1,1,1,0,1,2,2,4,1,3,0,0,1,0,0,2,1,5,4,0,1,1,0,0,0,2,0,0,2,0
75,0,1,0,2,0,5,2,2,2,2,2,2,1,1,1,1,1,0,1,2,2,4,1,3,0,0,1,0,0,2,1,5,4,0,1,1,2,1,1,0,0,2,0,1
76,0,1,0,2,0,2,3,4,2,2,2,2,1,1,1,1,1,0,1,2,2,3,1,4,0,0,1,0,0,2,1,6,6,0,1,2,1,1,1,0,1,2,1,2
77,0,0,1,0,4,1,1,5,0,0,0,0,0,0,0,0,0,0,0,0,0,0,0,5,1,0,0,1,3,1,5,0,2,2,0,0,0,2,0,0,2,0,0,0
78,0,1,0,2,0,5,2,6,2,2,2,2,1,1,1,1,1,0,1,2,2,4,1,3,0,0,1,0,0,2,1,5,4,0,1,0,0,0,2,0,0,0,0,0
79,0,1,0,2,0,5,2,6,2,2,2,2,1,1,1,1,1,0,1,2,2,4,1,3,0,0,1,0,0,2,1,6,6,0,1,2,1,1,1,1,1,1,2,2
80,0,1,0,2,0,5,2,2,2,2,2,2,1,1,1,1,1,0,1,2,2,4,1,3,0,0,1,0,0,2,1,5,4,0,1,2,1,1,2,2,1,0,2,2
81,0,1,2,1,2,3,6,3,1,1,1,1,1,1,1,1,1,0,1,1,1,2,1,3,6,0,1,2,1,4,3,3,5,1,2,1,2,0,0,2,1,0,1,2
82,0,1,2,1,2,3,6,3,1,1,1,1,1,1,1,1,1,0,1,1,1,2,1,3,6,0,1,2,1,4,3,3,5,1,2,0,1,1,2,2,2,0,0,1
83,0,1,2,1,2,3,6,3,1,1,1,1,1,1,1,1,1,0,1,1,1,2,1,3,7,0,1,2,1,4,3,3,5,1,2,2,1,0,0,0,2,0,1,2
84,0,1,2,3,3,0,5,1,1,1,1,1,1,1,1,1,1,0,1,1,3,1,1,2,7,0,1,2,2,0,0,2,1,1,2,2,1,2,2,2,1,2,0,2
85,0,1,0,2,0,5,2,2,2,2,2,2,1,1,1,1,1,0,1,2,2,4,3,3,0,0,1,0,0,2,1,5,4,0,1,2,1,2,0,0,1,2,0,1
86,0,0,1,0,1,4,4,0,0,0,0,0,0,0,0,0,0,0,0,0,0,0,0,5,1,0,0,1,3,3,2,4,0,2,0,0,2,0,0,0,0,2,2,2
87,0,1,0,2,0,2,2,2,2,2,2,2,1,1,1,1,1,0,1,2,2,4,3,3,0,0,1,0,0,2,1,5,4,0,1,0,0,0,0,0,2,1,2,1
88,0,0,1,0,4,1,1,7,0,0,0,0,0,0,0,0,0,0,0,0,0,0,0,5,1,0,0,1,3,1,5,0,2,2,0,1,2,2,1,2,0,2,0,2
89,0,1,0,2,0,2,3,4,2,2,2,2,1,1,1,1,1,0,1,2,2,3,3,4,0,0,1,0,0,2,4,1,7,0,1,1,2,0,2,0,1,1,2,2
90,0,1,0,2,0,5,2,6,2,2,2,2,1,1,1,1,1,0,1,2,2,4,1,3,0,0,1,0,0,2,1,5,4,0,1,1,0,0,1,2,1,0,0,1
91,0,1,2,3,3,0,5,1,1,1,1,1,1,1,1,1,1,0,1,1,3,1,1,2,7,0,1,2,2,0,0,2,1,1,2,0,1,0,1,1,2,0,1,0
92,0,1,2,1,2,3,6,3,1,1,1,1,1,1,1,1,1,0,1,1,1,2,1,3,6,0,1,2,1,4,3,3,5,1,2,0,2,2,1,2,2,1,2,1
93,0,1,0,2,0,5,2,2,2,2,2,2,1,1,1,1,1,0,1,2,2,4,1,3,0,0,1,0,0,2,1,6,6,0,1,1,0,2,0,1,1,0,2,0
94,0,1,0,2,0,5,2,2,2,2,2,2,1,1,1,1,1,0,1,2,2,4,1,3,0,0,1,0,0,2,1,5,4,0,1,1,2,0,2,1,0,2,0,2
95,0,0,1,0,4,1,1,5,0,0,0,0,0,0,0,0,0,0,0,0,0,0,0,5,1,0,0,1,3,1,5,0,3,2,0,2,0,0,2,2,1,2,0,0
96,0,0,1,0,1,4,4,0,0,0,0,0,0,0,0,0,0,0,0,0,0,0,0,5,1,0,0,1,3,3,2,4,0,2,0,0,0,1,0,0,0,1,1,0
97,0,1,0,2,0,2,3,4,2,2,2,2,1,1,1,1,1,0,1,2,2,3,3,4,0,0,1,0,0,2,4,1,7,0,1,1,1,1,2,1,0,2,2,2
98,0,1,2,1,2,3,5,3,1,1,1,1,1,1,1,1,1,0,1,1,1,2,1,3,7,0,1,2,1,4,3,6,6,1,2,2,1,1,2,2,2,1,2,0
99,0,1,2,3,3,0,0,1,1,1,1,1,1,1,1,1,1,0,1,1,3,1,1,2,6,0,1,2,2,0,0,2,1,1,2,2,1,0,0,0,2,0,0,0
100,0,0,1,0,4,1,1,5,0,0,0,0,0,0,0,0,0,0,0,0,0,0,0,5,1,0,0,1,3,1,5,0,3,2,0,0,0,0,0,1,2,1,0,2
101,0,1,0,2,0,5,2,2,2,2,2,2,1,1,1,1,1,0,1,2,2,4,3,3,0,0,1,0,0,2,1,5,4,0,1,1,0,1,0,0,2,2,1,1
102,0,0,1,0,4,1,1,5,-1,0,0,0,0,0,0,0,0,0,0,0,0,0,0,5,1,0,0,1,3,1,5,0,3,2,0,1,2,0,1,0,0,1,0,0
103,0,1,2,1,2,3,5,3,1,1,1,1,1,1,1,1,1,0,1,1,1,2,1,3,7,0,1,2,1,4,3,6,6,1,2,0,2,0,2,1,2,0,0,2
104,0,1,0,2,0,5,2,6,2,2,2,2,1,1,1,1,1,0,1,2,2,4,1,3,0,0,1,0,0,2,1,6,6,0,1,0,1,1,0,0,2,0,0,0
105,0,1,2,1,2,3,5,3,1,1,1,1,1,1,1,1,1,0,1,1,1,2,1,2,6,0,1,2,1,4,3,3,5,1,2,0,1,1,2,2,1,1,1,0
106,0,0,1,0,4,1,1,5,0,0,0,0,0,0,0,0,0,0,0,0,0,0,0,5,1,0,0,1,3,1,5,0,3,2,0,2,2,0,2,0,2,1,0,1
107,0,1,2,1,2,3,6,3,1,1,1,1,1,1,1,1,1,0,1,1,1,2,1,2,6,0,1,2,1,4,3,3,5,1,2,0,1,0,1,1,0,1,2,2
108,0,1,0,2,0,2,3,2,2,2,2,2,1,1,1,1,1,0,1,2,2,3,3,3,0,0,1,0,0,2,4,1,7,0,1,1,2,0,1,0,2,2,1,0
109,0,1,2,3,3,0,5,1,4,1,1,1,1,1,1,1,1,0,1,1,3,1,1,2,7,0,1,2,2,0,0,2,1,1,2,0,0,2,0,0,1,0,1,2
110,0,1,2,1,2,3,5,3,1,1,1,1,1,1,1,1,1,0,1,1,1,2,1,3,7,0,1,2,1,4,3,6,6,1,2,1,2,0,2,2,2,0,2,1
111,0,1,2,1,2,3,0,3,1,1,1,1,1,1,1,1,1,0,1,1,1,2,1,2,6,0,1,2,1,4,3,3,5,1,2,0,1,0,1,1,0,2,2,0
112,0,1,0,2,0,5,2,2,2,2,2,2,1,1,1,1,1,0,1,2,2,4,1,3,0,0,1,0,0,2,1,5,4,0,1,0,0,0,0,0,0,2,2,2
113,0,1,2,3,3,0,5,1,1,1,1,1,1,1,1,1,1,0,1,1,3,1,1,2,6,0,1,2,2,0,0,2,1,1,2,2,2,0,2,2,2,2,0,2
114,0,1,0,2,0,5,2,2,2,2,2,2,1,1,1,1,1,0,1,2,2,4,1,3,0,0,1,0,0,2,1,5,4,0,1,0,0,0,0,0,2,0,2,1
115,0,1,2,3,3,0,5,1,1,1,1,1,1,1,1,1,1,0,1,1,3,1,1,2,7,0,1,2,2,0,0,2,1,1,2,1,2,0,1,1,0,2,1,0
116,0,0,1,0,1,4,4,0,0,0,0,0,0,0,0,0,0,0,0,0,0,0,0,5,1,0,0,1,3,3,2,4,0,2,0,2,0,0,2,2,2,0,1,0
117,0,1,2,3,3,0,5,1,1,1,1,1,1,1,1,1,1,0,1,1,3,1,1,2,7,0,1,2,2,0,0,6,6,1,2,0,2,0,2,2,1,2,2,1
118,0,1,2,1,2,3,6,3,1,1,1,1,1,1,1,1,1,0,1,1,1,2,1,3,6,0,1,2,1,4,3,3,5,1,2,1,1,2,0,0,0,2,0,1
119,0,1,0,2,0,5,2,2,2,2,2,2,1,1,1,1,1,0,1,2,2,4,3,3,0,0,1,0,0,2,1,5,4,0,1,1,0,2,0,0,0,2,0,1
120,0,1,2,1,2,3,5,3,1,1,1,1,1,1,1,1,1,0,1,1,1,2,1,2,6,0,1,2,1,4,3,3,5,1,2,0,0,1,0,1,1,0,1,0
121,0,0,1,0,1,4,4,0,0,0,0,0,0,0,0,0,0,0,0,0,0,0,0,5,1,0,0,1,3,3,2,4,0,2,0,2,2,1,0,0,0,1,1,2
122,0,1,0,2,0,2,3,4,2,2,2,2,1,1,1,1,1,0,1,2,2,3,1,4,0,0,1,0,0,2,1,6,6,0,1,0,2,2,2,2,1,1,1,0
123,0,1,2,1,2,3,6,3,1,1,1,1,1,1,1,1,1,0,1,1,1,2,1,3,7,0,1,2,1,4,3,3,5,1,2,0,1,0,1,0,1,2,1,2
124,0,1,0,2,0,5,2,6,2,2,2,2,1,1,1,1,1,0,1,2,2,4,1,3,0,0,1,0,0,2,1,5,4,0,1,0,1,1,2,1,0,2,0,2
125,0,0,1,0,4,1,1,7,0,0,0,0,0,0,0,0,0,0,0,0,0,0,0,5,1,0,0,1,3,1,5,0,2,2,0,0,1,2,2,0,2,1,0,1
126,0,1,2,3,3,0,0,1,1,1,1,1,1,1,1,1,1,0,1,1,3,1,1,2,6,0,1,2,2,0,0,2,1,1,2,1,2,2,0,0,0,1,0,2
127,0,1,2,3,3,0,5,1,1,1,1,1,1,1,1,1,1,0,1,1,3,1,1,2,7,0,1,2,2,0,0,6,6,1,2,2,1,0,0,2,0,1,0,2
128,0,0,1,0,1,4,4,7,0,0,0,0,0,0,0,0,0,0,0,0,0,0,0,5,1,0,0,1,3,3,2,4,2,2,0,0,2,2,1,0,1,2,0,0
129,0,1,0,2,0,2,3,4,2,2,2,2,1,1,1,1,1,0,1,2,2,4,1,4,0,0,1,0,0,2,1,6,6,0,1,1,0,1,0,2,0,0,2,1
130,0,1,0,2,0,2,3,4,2,2,2,2,1,1,1,1,1,0,1,2,2,4,1,4,0,0,1,0,0,2,1,6,6,0,1,0,1,2,2,2,0,1,0,0
131,0,0,1,0,1,4,4,0,0,0,0,0,0,0,0,0,0,0,0,0,0,0,0,5,1,0,0,1,3,3,2,4,0,2,0,2,0,0,1,1,2,0,1,1
132,0,1,0,2,0,2,2,2,2,2,2,2,1,1,1,1,1,0,1,2,2,3,3,3,0,0,1,0,0,2,4,5,4,0,1,1,0,1,2,2,0,0,0,0
133,0,1,0,2,0,5,2,6,2,2,2,2,1,1,1,1,1,0,1,2,2,4,1,3,0,0,1,0,0,2,1,6,6,0,1,2,2,1,2,2,1,2,0,1
134,0,1,0,2,0,5,2,6,2,2,2,2,1,1,1,1,1,0,1,2,2,4,1,3,0,0,1,0,0,2,1,5,4,0,1,0,1,0,0,2,0,1,1,2
135,0,1,2,1,2,3,6,3,1,1,1,1,1,1,1,1,1,0,1,1,1,2,1,2,6,0,1,2,1,4,3,3,5,1,2,0,2,0,0,2,0,1,2,1
136,0,0,1,0,1,4,4,0,0,0,0,0,0,0,0,0,0,0,0,0,0,0,0,5,1,0,0,1,3,3,2,4,0,2,0,2,2,0,2,1,1,1,1,2
137,0,0,1,0,4,1,1,7,0,0,0,0,0,0,0,0,0,0,0,0,0,0,0,5,1,0,0,1,3,1,5,0,2,2,0,2,2,0,1,0,2,0,1,2
138,0,1,2,1,2,3,0,3,1,1,1,1,1,1,1,1,1,0,1,1,1,2,1,2,6,0,1,2,1,4,3,3,5,1,2,2,0,0,2,0,1,0,0,1
139,0,0,1,0,1,4,4,0,0,0,0,0,0,0,0,0,0,0,0,0,0,0,0,5,1,0,0,1,3,3,2,4,0,2,0,0,0,1,2,0,0,1,2,2
140,0,1,2,3,3,0,5,1,1,1,1,1,1,1,1,1,1,0,1,1,3,1,1,2,7,0,1,2,2,0,0,6,6,1,2,1,1,0,1,1,0,2,2,1
141,0,1,0,2,0,5,2,2,2,2,2,2,1,1,1,1,1,0,1,2,2,4,3,3,0,0,1,0,0,2,1,5,4,0,1,2,2,0,2,0,2,0,1,2
142,0,0,1,0,4,1,1,7,0,0,0,0,0,0,0,0,0,0,0,0,0,0,0,5,1,0,0,1,3,1,5,0,2,2,0,2,2,0,2,0,2,1,2,1
143,0,0,1,0,1,4,4,7,0,0,0,0,0,0,0,0,0,0,0,0,0,0,0,5,1,0,0,1,3,3,2,4,2,2,0,2,1,0,2,0,2,1,2,0
144,0,0,1,0,1,4,4,0,0,0,0,0,0,0,0,0,0,0,0,0,0,0,0,5,1,0,0,1,3,3,2,4,0,2,0,2,2,2,1,2,0,1,0,0
145,0,1,0,2,0,2,3,4,2,2,2,2,1,1,1,1,1,0,1,2,2,3,1,4,0,0,1,0,0,2,1,6,6,0,1,0,1,0,0,2,1,2,2,2
146,0,1,2,1,2,3,6,3,1,1,1,1,1,1,1,1,1,0,1,1,1,2,1,3,6,0,1,2,1,4,3,3,5,1,2,2,1,0,0,0,2,0,2,0
147,0,0,1,0,1,4,4,7,0,0,0,0,0,0,0,0,0,0,0,0,0,0,0,5,1,0,0,1,3,3,2,4,2,2,0,1,0,1,0,0,1,0,1,1
148,0,0,1,0,1,4,4,0,0,0,0,0,0,0,0,0,0,0,0,0,0,0,0,5,1,0,0,1,3,3,2,4,0,2,0,1,1,2,1,0,0,1,2,2
149,0,1,2,1,2,3,6,3,1,1,1,1,1,1,1,1,1,0,1,1,1,2,1,3,6,0,1,2,1,4,3,3,5,1,2,2,0,2,0,2,1,0,0,0
150,0,0,1,0,1,4,4,7,0,0,0,0,0,0,0,0,0,0,0,0,0,0,0,5,1,0,0,1,3,3,2,4,2,2,0,0,2,0,1,1,1,0,0,1
151,0,1,0,2,0,5,2,2,2,2,2,2,1,1,1,1,1,0,1,2,2,4,1,3,0,0,1,0,0,2,1,5,4,0,1,2,0,1,1,2,2,1,2,1
152,0,0,1,0,1,4,4,0,0,0,0,0,0,0,0,0,0,0,0,0,0,0,0,5,1,0,0,1,3,3,2,4,0,2,0,0,1,0,1,0,2,0,0,2
153,0,0,1,0,1,4,4,0,0,0,0,0,0,0,0,0,0,0,0,0,0,0,0,5,1,0,0,1,3,3,2,4,0,2,0,2,1,1,1,0,1,1,1,2
154,0,0,1,0,1,4,4,0,0,0,0,0,0,0,0,0,0,0,0,0,0,0,0,5,1,0,0,1,3,3,2,4,0,2,0,1,0,2,2,2,0,2,1,2
155,0,1,2,1,2,3,6,3,1,1,1,1,1,1,1,1,1,0,1,1,1,2,1,3,6,0,1,2,1,4,3,3,5,1,2,1,1,1,0,2,2,1,2,0
156,0,1,0,2,0,5,2,2,2,2,2,2,1,1,1,1,1,0,1,2,2,4,3,3,0,0,1,0,0,2,1,5,4,0,1,1,0,1,2,1,1,2,0,1
157,0,1,0,2,0,5,2,6,2,2,2,2,1,1,1,1,1,0,1,2,2,4,1,3,7,0,1,0,0,2,1,6,6,0,1,2,2,0,1,1,1,2,0,0
158,0,1,2,3,3,0,5,1,1,1,1,1,1,1,1,1,1,0,1,1,3,1,1,2,7,0,1,2,2,0,0,6,6,1,2,1,1,1,1,1,0,0,0,2
159,0,1,2,3,3,0,0,1,1,1,1,1,1,1,1,1,1,0,1,1,3,1,1,2,6,0,1,2,2,0,0,2,1,1,2,1,1,2,0,1,0,0,2,0
160,0,1,2,1,2,3,5,3,1,1,1,1,1,1,1,1,1,0,1,1,1,2,1,3,7,0,1,2,1,4,3,6,6,1,2,0,1,0,1,2,0,1,0,0
161,0,0,1,0,4,1,1,7,0,0,0,0,0,0,0,0,0,0,0,0,0,0,0,5,1,0,0,1,3,1,5,0,2,2,0,2,2,0,2,2,1,1,0,1
162,0,1,0,2,0,5,2,6,2,2,2,2,1,1,1,1,1,0,1,2,2,4,1,3,0,0,1,0,0,2,1,6,6,0,1,0,0,0,0,2,0,0,2,2
163,0,0,1,0,1,4,4,0,0,0,0,0,0,0,0,0,0,0,0,0,0,0,0,5,1,0,0,1,3,3,2,4,0,2,0,1,2,1,2,0,1,1,1,0
164,0,0,1,0,1,4,4,7,0,0,0,0,0,0,0,0,0,0,0,0,0,0,0,5,1,0,0,1,3,3,2,4,2,2,0,0,0,2,0,0,1,1,0,2
165,0,1,0,2,0,5,2,6,2,2,2,2,1,1,1,1,1,0,1,2,2,4,1,3,0,0,1,0,0,2,1,5,4,0,1,1,0,0,1,1,2,1,1,0
166,0,1,2,3,3,0,5,1,1,1,1,1,1,1,1,1,1,0,1,1,3,1,1,2,7,0,1,2,2,0,0,2,1,1,2,1,2,0,0,1,0,0,0,1
167,0,1,2,3,3,0,0,1,1,1,1,1,1,1,1,1,1,0,1,1,3,1,1,2,6,0,1,2,2,0,0,2,1,1,2,0,1,2,0,1,2,0,0,2
168,0,1,0,2,0,5,2,6,2,2,2,2,1,1,1,1,1,0,1,2,2,4,1,3,0,0,1,0,0,2,1,6,6,0,1,1,1,0,0,1,0,2,2,0
169,0,0,1,0,4,1,1,7,0,0,0,0,0,0,0,0,0,0,0,0,0,0,0,5,1,0,0,1,3,1,5,0,2,2,0,1,0,0,0,0,1,1,2,1
170,0,0,1,0,4,1,1,7,0,0,0,0,0,0,0,0,0,0,0,0,0,0,0,5,1,0,0,1,3,1,5,0,2,2,0,1,1,2,0,0,1,1,1,1
171,0,0,1,0,4,1,1,5,0,0,0,0,0,0,0,0,0,0,0,0,0,0,0,5,1,0,0,1,3,1,5,0,3,2,0,2,1,0,0,1,1,2,2,1
172,0,1,2,1,2,3,0,3,1,1,1,1,1,1,1,1,1,0,1,1,1,2,1,2,6,0,1,2,1,4,3,3,5,1,2,1,1,2,2,0,0,0,1,1
173,0,0,1,0,4,1,1,5,0,0,0,0,0,0,0,0,0,0,0,0,0,0,0,5,1,0,0,1,3,1,5,0,3,2,0,0,0,1,2,1,0,2,2,0
174,0,0,1,0,4,1,1,5,0,0,0,0,0,0,0,0,0,0,0,0,0,0,0,5,1,0,0,1,3,1,5,0,3,2,0,0,2,0,2,0,2,0,2,2
175,0,0,1,0,1,4,4,0,0,0,0,0,0,0,0,0,0,0,0,0,0,0,0,5,1,0,0,1,3,3,2,4,3,2,0,2,0,0,1,2,2,2,1,1
176,0,0,1,0,4,1,1,7,0,0,0,0,0,0,0,0,0,0,0,0,0,0,0,5,1,0,0,1,3,1,5,0,2,2,0,1,2,1,1,1,2,2,2,1
177,0,1,2,1,2,3,6,3,1,1,1,1,1,1,1,1,1,0,1,1,1,2,1,3,6,0,1,2,1,4,3,3,5,1,2,0,0,2,1,1,1,1,2,0
178,0,1,2,1,2,3,0,3,1,1,1,1,1,1,1,1,1,0,1,1,1,2,1,2,6,0,1,2,1,4,3,3,5,1,2,0,0,0,0,0,2,1,0,2
179,0,1,0,2,0,5,2,2,2,2,2,2,1,1,1,1,1,0,1,2,2,4,1,3,0,0,1,0,0,2,1,5,4,0,1,1,2,0,0,0,0,1,2,2
180,0,1,2,3,3,0,5,1,1,1,1,1,1,1,1,1,1,0,1,1,3,1,1,3,7,0,1,2,1,4,0,6,6,1,2,2,0,0,0,2,0,1,1,1
181,0,1,0,2,0,2,3,4,2,2,2,2,1,1,1,1,1,0,1,2,2,3,1,4,0,0,1,0,0,2,1,6,6,0,1,1,0,1,0,2,1,1,2,0
182,0,0,1,0,4,1,1,7,0,0,0,0,0,0,0,0,0,0,0,0,0,0,0,5,1,0,0,1,3,1,5,0,2,2,0,1,0,0,2,2,0,2,0,2
183,0,0,1,0,1,4,4,0,0,0,0,0,0,0,0,0,0,0,0,0,0,0,0,5,1,0,0,1,3,3,2,4,0,2,0,0,2,1,0,1,2,0,2,2
184,0,1,0,2,0,2,3,2,2,2,2,2,1,1,1,1,1,0,1,2,2,4,3,3,0,0,1,0,0,2,1,5,4,0,1,1,1,2,2,1,0,0,0,1
185,0,1,2,1,2,3,6,3,1,1,1,1,1,1,1,1,1,0,1,1,1,2,1,2,6,0,1,2,1,4,3,3,5,1,2,0,1,0,2,2,1,1,2,1
186,0,0,1,0,1,4,4,0,0,0,0,0,0,0,0,0,0,0,0,0,0,0,0,5,1,0,0,1,3,3,2,4,0,2,0,1,2,2,2,1,0,1,1,2
187,0,1,0,2,0,5,2,6,2,2,2,2,1,1,1,1,1,0,1,2,2,4,1,3,0,0,1,0,0,2,1,5,4,0,1,0,2,1,1,1,1,2,1,2
188,0,0,1,0,4,1,1,5,0,0,0,0,0,0,0,0,0,0,0,0,0,0,0,5,1,0,0,1,3,1,5,0,2,2,0,1,1,0,1,2,2,1,1,2
189,0,1,0,2,0,5,2,6,2,2,2,2,1,1,1,1,1,0,1,2,2,4,1,3,0,0,1,0,0,2,1,6,6,0,1,1,1,1,0,0,1,1,0,2
190,0,1,0,2,0,2,3,4,2,2,2,2,1,1,1,1,1,0,1,2,2,3,3,3,0,0,1,0,0,2,1,1,7,0,1,1,2,1,1,1,0,2,0,2
191,0,1,0,2,0,5,2,2,2,2,2,2,1,1,1,1,1,0,1,2,2,4,3,3,0,0,1,0,0,2,4,5,4,0,1,1,1,0,1,0,0,0,2,1
192,0,1,0,2,0,5,2,2,2,2,2,2,1,1,1,1,1,0,1,2,2,4,1,3,0,0,1,0,0,2,1,5,4,0,1,0,1,2,2,1,1,1,0,1
193,0,1,0,2,0,2,3,2,2,2,2,2,1,1,1,1,1,0,1,2,2,3,3,3,0,0,1,0,0,2,1,1,7,0,1,2,0,1,2,2,1,2,0,1
194,0,0,1,0,1,4,4,0,0,0,0,0,0,0,0,0,0,0,0,0,0,0,0,5,1,0,0,1,3,3,2,4,0,2,0,1,0,1,1,2,1,2,1,2
195,0,0,1,0,4,1,1,7,0,0,0,0,0,0,0,0,0,0,0,0,0,0,0,5,1,0,0,1,3,1,5,0,2,2,0,0,2,1,0,2,0,2,1,0
196,0,1,0,2,0,5,2,6,2,2,2,2,1,1,1,1,1,0,1,2,2,4,1,3,0,0,1,0,0,2,1,5,4,0,1,0,1,0,0,0,1,0,2,0
197,0,1,0,2,0,5,2,2,2,2,2,2,1,1,1,1,1,0,1,2,2,4,3,3,0,0,1,0,0,2,1,5,4,0,1,2,0,0,0,2,0,2,0,1
198,0,1,2,3,3,0,0,1,1,1,1,1,1,1,1,1,1,0,1,1,3,1,1,2,6,0,1,2,2,0,0,2,1,1,2,1,1,0,2,1,1,0,2,1
199,0,1,2,1,2,3,6,3,1,1,1,1,1,1,1,1,1,0,1,1,1,2,1,3,7,0,1,2,1,4,3,3,5,1,2,0,0,0,1,2,2,0,0,2
200,0,1,0,2,0,2,3,2,2,2,2,2,1,1,1,1,1,0,1,2,2,3,3,3,0,0,1,0,0,2,4,1,7,0,1,2,1,2,2,1,1,1,1,1
201,0,1,2,3,3,0,5,1,1,1,1,1,1,1,1,1,1,0,1,1,3,1,1,2,7,0,1,2,2,0,0,6,6,1,2,2,0,0,1,0,1,0,1,2
202,0,0,1,0,1,4,4,0,0,0,0,0,0,0,0,0,0,0,0,0,0,0,0,5,1,0,0,1,3,3,2,4,0,2,0,2,0,1,1,2,1,1,1,0
203,0,0,1,0,1,4,4,0,0,0,0,0,0,0,0,0,0,0,0,0,0,0,0,5,1,0,0,1,3,3,2,4,2,2,0,0,2,2,2,2,2,0,2,1
204,0,1,0,2,0,2,3,4,2,2,2,2,1,1,1,1,1,0,1,2,2,4,1,3,0,0,1,0,0,2,1,6,6,0,1,1,2,0,2,1,0,2,0,1
205,0,1,0,2,0,2,3,4,2,2,2,2,1,1,1,1,1,0,1,2,2,3,3,4,0,0,1,0,0,2,4,1,7,0,1,1,1,0,1,1,2,2,1,1
206,0,0,1,0,4,1,1,5,0,0,0,0,0,0,0,0,0,0,0,0,0,0,0,5,1,0,0,1,3,1,5,0,3,2,0,1,1,0,2,1,0,2,0,2
207,0,1,2,3,3,0,0,1,-1,1,1,1,1,1,1,1,1,0,1,1,3,1,1,2,6,0,1,2,2,0,0,2,1,1,2,1,1,2,1,2,0,0,0,2
208,0,0,1,0,1,4,4,0,0,0,0,0,0,0,0,0,0,0,0,0,0,0,0,5,1,0,0,1,3,3,2,4,0,2,0,2,0,2,1,1,2,1,0,1
209,0,0,1,0,4,1,1,7,0,0,0,0,0,0,0,0,0,0,0,0,0,0,0,5,1,0,0,1,3,1,5,0,2,2,0,0,1,1,2,1,2,0,1,1
210,0,1,2,3,3,0,0,1,1,1,1,1,1,1,1,1,1,0,1,1,1,2,1,2,6,0,1,2,2,0,0,2,1,1,2,0,2,0,0,1,2,2,0,0
211,0,0,1,0,1,4,4,0,0,0,0,0,0,0,0,0,0,0,0,0,0,0,0,5,1,0,0,1,3,3,2,4,0,2,0,2,2,1,2,2,0,0,0,1
212,0,1,2,3,3,0,0,1,1,1,1,1,1,1,1,1,1,0,1,1,3,1,1,2,6,0,1,2,2,0,0,2,1,1,2,0,1,0,0,1,1,0,1,1
213,0,1,2,1,2,3,5,1,1,1,1,1,1,1,1,1,1,0,1,1,3,2,1,2,7,0,1,2,1,4,0,6,6,1,2,1,2,1,1,0,2,0,2,2
214,0,1,0,2,0,2,3,4,2,2,2,2,1,1,1,1,1,0,1,2,2,3,3,4,0,0,1,0,0,2,4,1,7,0,1,0,0,2,1,0,0,0,0,2
215,0,1,2,1,2,3,0,3,1,1,1,1,1,1,1,1,1,0,1,1,1,2,1,2,6,0,1,2,1,4,3,3,5,1,2,2,1,1,0,0,2,1,2,1
216,0,1,2,1,2,3,6,3,1,1,1,1,1,1,1,1,1,0,1,1,1,2,1,3,7,0,1,2,1,4,3,3,5,1,2,0,1,0,0,1,2,2,1,1
217,0,0,1,0,1,4,4,0,0,0,0,0,0,0,0,0,0,0,0,0,0,0,0,5,1,0,0,1,3,3,2,4,0,2,0,2,2,1,2,2,1,0,0,2
218,0,0,1,0,1,4,4,0,0,0,0,0,0,0,0,0,0,0,0,0,0,0,0,5,1,0,0,1,3,3,2,4,0,2,0,2,0,0,2,0,2,2,1,0
219,0,1,2,1,2,3,6,3,-1,1,1,1,1,1,1,1,1,0,1,1,1,2,1,0,6,0,1,2,1,4,3,3,5,1,2,0,1,1,2,1,0,0,1,2
220,0,1,0,2,0,5,2,6,2,2,2,2,1,1,1,1,1,0,1,2,2,4,1,3,0,0,1,0,0,2,1,6,6,0,1,1,2,1,1,1,2,1,1,1
221,0,0,1,0,1,4,4,0,0,0,0,0,0,0,0,0,0,0,0,0,0,0,0,5,1,0,0,1,3,3,2,4,0,2,0,0,1,0,0,2,2,1,1,0
222,0,0,1,0,4,1,1,5,0,0,0,0,0,0,0,0,0,0,0,0,0,0,0,5,1,0,0,1,3,1,5,0,3,2,0,0,1,0,0,1,2,0,2,0
223,0,1,2,1,2,3,0,3,1,1,1,1,1,1,1,1,1,0,1,1,1,2,1,2,6,0,1,2,1,4,3,3,5,1,2,0,0,2,0,0,1,1,0,1
224,0,1,0,2,0,5,2,2,2,2,2,2,1,1,1,1,1,0,1,2,2,4,1,3,0,0,1,0,0,2,1,5,4,0,1,1,0,1,1,0,0,2,1,2
225,0,0,1,0,4,1,1,5,0,0,0,0,0,0,0,0,0,0,0,0,0,0,0,5,1,0,0,1,3,1,5,0,3,2,0,2,2,1,0,2,0,0,2,0
226,0,1,0,2,0,5,2,2,2,2,2,2,1,1,1,1,1,0,1,2,2,4,1,3,0,0,1,0,0,2,1,5,4,0,1,1,0,2,1,2,2,0,2,1
227,0,1,0,2,0,2,3,4,-1,-1,2,2,1,1,1,1,1,0,1,2,2,3,3,4,0,0,1,0,2,0,4,1,7,0,1,0,2,1,2,1,2,0,2,0
228,0,0,1,0,1,4,4,0,0,0,0,0,0,0,0,0,0,0,0,0,0,0,0,5,1,0,0,1,3,3,2,4,0,2,0,0,2,2,2,2,2,1,0,0
229,0,1,0,2,0,2,3,4,2,2,2,2,1,1,1,1,1,0,1,2,2,3,3,4,0,0,1,0,0,2,4,1,7,0,1,0,0,2,1,2,0,0,0,2
230,0,0,1,0,1,4,4,0,0,0,0,0,0,0,0,0,0,0,0,0,0,0,0,5,1,0,0,1,3,3,2,4,0,2,0,1,1,2,0,0,1,1,2,2
231,0,1,2,1,2,3,6,3,1,1,1,1,1,1,1,1,1,0,1,1,1,2,1,2,6,0,1,2,1,4,3,3,5,1,2,2,2,1,1,0,1,1,2,1
232,0,1,0,2,0,5,2,2,2,2,2,2,1,1,1,1,1,0,1,2,2,4,1,3,0,0,1,0,0,2,1,5,4,0,1,0,1,2,1,1,1,1,0,2
233,0,1,2,1,2,3,6,3,1,1,1,1,1,1,1,1,1,0,1,1,1,2,1,3,6,0,1,2,1,4,3,3,5,1,2,0,1,2,1,1,2,2,0,1
234,0,1,2,3,3,0,5,1,1,1,1,1,1,1,1,1,1,0,1,1,3,1,1,2,7,0,1,2,2,0,0,6,6,1,2,2,1,2,0,2,0,2,0,2
235,0,1,2,3,3,3,0,1,1,1,1,1,1,1,1,1,1,0,1,1,1,2,1,2,6,0,1,2,2,0,3,2,1,1,2,2,1,0,1,1,2,0,2,0
236,0,1,0,2,0,5,2,6,2,2,2,2,1,1,1,1,1,0,1,2,2,4,1,3,0,0,1,0,0,2,1,5,4,0,1,2,1,2,2,2,0,0,1,2
237,0,1,2,1,2,3,6,3,1,1,1,1,1,1,1,1,1,0,1,1,1,2,1,2,6,0,1,2,1,4,3,3,5,1,2,2,0,1,1,2,2,0,0,1
238,0,0,1,0,4,1,1,7,0,0,0,0,0,0,0,0,0,0,0,0,0,0,0,5,1,0,0,1,3,1,5,0,2,2,0,1,1,1,2,1,0,2,1,1
239,0,1,2,1,2,3,0,3,1,1,1,1,1,1,1,1,1,0,1,1,1,2,1,2,6,0,1,2,1,4,3,3,5,1,2,2,0,1,2,1,2,2,0,0
240,0,0,1,0,4,1,1,7,0,0,0,0,0,0,0,0,0,0,0,0,0,0,0,5,1,0,0,1,3,1,5,0,2,2,0,0,0,0,2,1,1,0,2,0
241,0,0,1,0,1,4,4,0,0,0,0,0,0,0,0,0,0,0,0,0,0,0,0,5,1,0,0,1,3,3,2,4,0,2,0,2,2,0,1,2,2,2,2,1
242,0,1,0,2,0,5,2,6,2,2,2,2,1,1,1,1,1,0,1,2,2,4,1,3,0,0,1,0,0,2,1,5,4,0,1,0,0,1,1,2,0,2,2,0
243,0,0,1,0,1,4,4,0,0,0,0,0,0,0,0,0,0,0,0,0,0,0,0,5,1,0,0,1,3,3,2,4,0,2,0,0,2,2,0,2,2,2,0,0
244,0,1,0,2,0,5,2,6,2,2,2,2,1,1,1,1,1,0,1,2,2,4,1,3,7,0,1,0,0,2,1,6,6,0,1,0,2,1,1,2,0,1,2,2
245,0,1,0,2,0,2,3,4,2,2,2,2,1,1,1,1,1,0,1,2,2,3,3,4,0,0,1,0,0,2,4,1,7,0,1,0,0,0,1,0,1,1,1,0
246,0,1,0,2,0,5,2,6,2,2,2,2,1,1,1,1,1,0,1,2,2,4,1,3,0,0,1,0,0,2,1,6,6,0,1,1,0,2,2,2,2,1,1,1
247,0,1,2,3,3,0,5,1,1,1,1,1,1,1,1,1,1,0,1,1,3,1,1,2,7,0,1,2,2,0,0,6,6,1,2,2,2,2,0,1,2,0,1,2
248,0,1,2,1,2,3,6,3,1,1,1,1,1,1,1,1,1,0,1,1,1,2,1,3,6,0,1,2,1,4,3,3,5,1,2,2,1,1,0,2,1,1,1,0
249,0,1,2,3,3,0,0,1,1,1,1,1,1,1,1,1,1,0,1,1,3,1,1,2,6,0,1,2,2,0,0,2,1,1,2,1,1,0,1,0,1,2,0,1
250,0,0,1,0,1,4,4,7,0,0,0,0,0,0,0,0,0,0,0,0,0,0,0,5,1,0,0,1,3,3,2,4,2,2,0,1,1,0,0,0,1,0,0,2
251,0,1,0,2,0,5,2,2,2,2,2,2,1,1,1,1,1,0,1,2,2,4,3,3,0,0,1,0,0,2,1,5,4,0,1,0,0,2,1,0,2,1,2,0
252,0,0,1,0,1,4,4,0,0,0,0,0,0,0,0,0,0,0,0,0,0,0,0,5,1,0,0,1,3,3,2,4,0,2,0,2,0,0,0,1,2,0,2,1
253,0,0,1,0,4,1,1,5,0,0,0,0,0,0,0,0,0,0,0,0,0,0,0,5,1,0,0,1,3,1,5,0,3,2,0,2,1,1,2,0,0,2,1,2
254,0,1,2,1,2,3,5,1,1,1,1,1,1,1,1,1,1,0,1,1,3,1,1,2,7,0,1,2,1,4,0,6,6,1,2,2,1,0,2,1,1,1,1,1
255,0,1,2,3,3,0,5,1,1,1,1,1,1,1,1,1,1,0,1,1,3,1,1,2,7,0,1,2,2,0,0,6,6,1,2,0,2,1,1,1,1,1,1,2
256,0,1,2,1,2,3,0,3,1,1,1,1,1,1,1,1,1,0,1,1,1,2,1,2,6,0,1,2,1,4,3,3,5,1,2,2,0,2,1,0,1,1,2,0
257,0,1,0,2,0,5,2,6,2,2,2,2,1,1,1,1,1,0,1,2,2,4,1,3,0,0,1,0,0,2,1,5,4,0,1,2,2,0,0,2,0,2,1,0
258,0,1,0,2,0,2,3,4,2,2,2,2,1,1,1,1,1,0,1,2,2,3,3,4,0,0,1,0,0,2,4,1,7,0,1,1,2,2,0,2,1,2,0,0
259,0,1,2,3,3,0,5,1,1,1,1,1,1,1,1,1,1,0,1,1,3,1,1,2,7,0,1,2,2,0,0,6,6,1,2,0,2,0,0,1,1,0,2,2
260,0,1,0,2,0,5,2,2,2,2,2,2,1,1,1,1,1,0,1,2,2,4,1,3,0,0,1,0,0,2,1,5,4,0,1,0,2,0,0,0,2,0,1,0
261,0,1,2,3,3,0,0,1,1,1,1,1,1,1,1,1,1,0,1,1,3,1,1,2,6,0,1,2,2,0,0,2,1,1,2,0,2,2,1,1,2,0,2,2
262,0,1,0,2,0,5,2,6,2,2,2,2,1,1,1,1,1,0,1,2,2,4,1,3,0,0,1,0,0,2,1,5,4,0,1,0,1,2,0,0,0,1,0,1
263,0,0,1,0,1,4,4,0,0,0,0,0,0,0,0,0,0,0,0,0,0,0,0,5,1,0,0,1,3,3,2,4,0,2,0,2,1,2,0,0,2,2,2,2
264,0,0,1,0,1,4,4,7,0,0,0,0,0,0,0,0,0,0,0,0,0,0,0,5,1,0,0,1,3,3,2,4,2,2,0,1,2,0,1,2,2,2,1,2
265,0,1,2,1,2,3,5,3,1,1,1,1,1,1,1,1,1,0,1,1,1,2,1,2,6,0,1,2,1,4,3,3,5,1,2,1,1,2,2,2,0,0,0,1
266,0,1,2,1,2,3,5,1,1,1,1,1,1,1,1,1,1,0,1,1,3,1,1,3,7,0,1,2,1,4,0,6,6,1,2,0,2,1,1,1,1,0,2,2
267,0,0,1,0,1,4,4,0,0,0,0,0,0,0,0,0,0,0,0,0,0,0,0,5,1,0,0,1,3,3,2,4,0,2,0,2,0,0,2,1,1,1,0,2
268,0,0,1,0,1,4,4,0,0,0,0,0,0,0,0,0,0,0,0,0,0,0,0,5,1,0,0,1,3,3,2,4,0,2,0,2,1,2,1,2,0,0,1,2
269,0,1,0,2,0,2,3,2,2,2,2,2,1,1,1,1,1,0,1,2,2,3,3,3,0,0,1,0,0,2,4,1,7,0,1,1,0,2,2,2,2,0,1,2
270,0,1,2,3,3,0,5,1,1,1,1,1,1,1,1,1,1,0,1,1,3,1,1,2,6,0,1,2,2,0,0,2,1,1,2,2,2,2,0,1,0,2,0,2
271,0,0,1,0,4,1,1,5,0,0,0,0,0,0,0,0,0,0,0,0,0,0,0,5,1,0,0,1,3,1,5,0,3,2,0,1,1,1,0,2,1,1,1,1
272,0,0,1,0,4,1,1,7,0,0,0,0,0,0,0,0,0,0,0,0,0,0,0,5,1,0,0,1,3,1,5,0,2,2,0,2,2,1,1,0,2,2,2,1
273,0,1,2,3,3,0,5,1,1,1,1,1,1,1,1,1,1,0,1,1,3,2,1,2,6,0,1,2,2,0,0,2,1,1,2,1,2,2,0,2,0,0,2,2
274,0,1,2,1,2,3,5,3,1,1,1,1,1,1,1,1,1,0,1,1,1,2,1,2,6,0,1,2,1,4,3,3,5,1,2,2,0,0,0,0,1,1,1,2
275,0,1,0,2,0,5,2,2,2,2,2,2,1,1,1,1,1,0,1,2,2,4,3,3,0,0,1,0,0,2,4,5,4,0,1,0,1,2,1,0,1,2,1,1
276,0,0,1,0,1,4,4,7,0,0,0,0,0,0,0,0,0,0,0,0,0,0,0,5,1,0,0,1,3,3,2,4,0,2,0,0,2,1,2,1,1,0,1,0
277,0,1,2,1,2,3,6,3,1,1,1,1,1,1,1,1,1,0,1,1,1,2,1,2,6,0,1,2,1,4,3,3,5,1,2,2,2,0,2,1,0,0,0,0
278,0,1,2,1,2,3,5,1,1,1,1,1,1,1,1,1,1,0,1,1,3,1,1,2,7,0,1,2,1,4,0,6,6,1,2,2,0,2,1,1,0,0,2,0
279,0,1,0,2,0,2,3,2,2,2,2,2,1,1,1,1,1,0,1,2,2,3,3,3,0,0,1,0,0,2,4,1,7,0,1,0,0,2,1,2,2,0,0,1
280,0,1,0,2,0,5,2,6,2,2,2,2,1,1,1,1,1,0,1,2,2,4,1,3,0,0,1,0,0,2,1,5,4,0,1,1,0,0,2,1,0,1,1,0
281,0,1,0,2,0,5,2,6,2,2,2,2,1,1,1,1,1,0,1,2,2,4,1,3,0,0,1,0,0,2,1,5,4,0,1,2,0,2,2,0,2,2,0,0
282,0,1,0,2,0,5,2,6,2,2,2,2,1,1,1,1,1,0,1,2,2,4,1,3,0,0,1,0,0,2,1,6,6,0,1,0,2,2,2,1,2,0,0,2
283,0,1,2,1,2,3,6,3,1,1,1,1,1,1,1,1,1,0,1,1,1,2,1,3,6,0,1,2,1,4,3,3,5,1,2,2,1,0,2,1,0,1,2,0
284,0,0,1,0,4,1,1,5,0,0,0,0,0,0,0,0,0,0,0,0,0,0,0,5,1,0,0,1,3,1,5,0,3,2,0,0,2,1,2,0,1,2,0,1
285,0,1,0,2,0,5,2,6,2,2,2,2,1,1,1,1,1,0,1,2,2,4,1,3,0,0,1,0,0,2,1,6,6,0,1,1,2,2,2,0,2,1,0,2
286,0,0,1,0,1,4,4,0,0,0,0,0,0,0,0,0,0,0,0,0,0,0,0,5,1,0,0,1,3,3,2,4,0,2,0,0,1,1,0,2,2,2,1,0
287,0,1,0,2,0,2,3,2,-1,2,2,2,1,1,1,1,1,0,1,2,2,3,3,3,0,0,1,0,0,2,4,1,7,0,1,0,1,0,1,2,1,2,1,0
288,0,1,2,3,3,0,0,1,1,1,1,1,1,1,1,1,1,0,1,1,1,2,1,2,6,0,1,2,2,0,0,2,1,1,2,2,1,0,2,2,0,1,0,2
289,0,1,2,1,2,3,5,3,1,1,1,1,1,1,1,1,1,0,1,1,1,2,1,2,6,0,1,2,1,4,3,3,5,1,2,0,1,0,1,1,1,1,1,0
290,0,0,1,0,1,4,4,0,0,0,0,0,0,0,0,0,0,0,0,0,0,0,0,5,1,0,0,1,3,3,2,4,0,2,0,2,1,0,2,2,0,1,1,0
291,0,1,0,2,0,5,2,2,2,2,2,2,1,1,1,1,1,0,1,2,2,4,1,3,0,0,1,0,0,2,1,5,4,0,1,1,0,1,2,2,0,2,1,2
292,0,1,2,3,3,0,0,1,1,1,1,1,1,1,1,1,1,0,1,1,3,1,1,2,6,0,1,2,2,0,0,2,1,1,2,2,0,0,1,2,2,1,2,2
293,0,0,1,0,1,4,4,0,0,0,0,0,0,0,0,0,0,0,0,0,0,0,0,5,1,0,0,1,3,3,2,4,0,2,0,0,0,2,0,2,2,0,2,2
294,0,1,2,3,3,0,5,1,4,1,1,1,1,1,1,1,1,0,1,1,3,1,1,2,7,0,1,2,2,0,0,2,1,1,2,0,2,1,2,0,0,2,2,0
295,0,1,0,2,0,5,2,6,2,2,2,2,1,1,1,1,1,0,1,2,2,4,1,3,0,0,1,0,0,2,1,5,4,0,1,0,0,0,0,1,2,2,2,1
296,0,0,1,0,1,4,4,0,0,0,0,0,0,0,0,0,0,0,0,0,0,0,0,5,1,0,0,1,3,3,2,4,0,2,0,0,1,1,1,1,1,2,2,2
297,0,1,0,2,0,2,3,4,2,2,2,2,1,1,1,1,1,0,1,2,2,3,1,4,0,0,1,0,0,2,1,6,6,0,1,2,1,2,1,0,2,0,0,0
298,0,1,0,2,0,2,3,4,2,2,2,2,1,1,1,1,1,0,1,2,2,4,1,4,0,0,1,0,0,2,1,6,6,0,1,2,0,2,0,2,1,2,1,1
299,0,0,1,0,4,1,1,5,0,0,0,0,0,0,0,0,0,0,0,0,0,0,0,5,1,0,0,1,3,1,5,0,3,2,0,0,2,1,1,2,2,2,2,1
300,0,1,2,3,3,0,0,1,1,1,1,1,1,1,1,1,1,0,1,1,3,1,1,2,6,0,1,2,2,0,0,2,1,1,2,2,2,0,1,2,2,1,2,1
301,0,1,2,1,2,3,5,3,1,1,1,1,1,1,1,1,1,0,1,1,1,2,1,3,7,0,1,2,1,4,3,6,6,1,2,1,2,0,2,2,0,2,0,2
302,0,0,1,0,1,4,4,0,0,0,0,0,0,0,0,0,0,0,0,0,0,0,0,5,1,0,0,1,3,3,2,4,0,2,0,1,1,1,0,1,2,0,1,0
303,0,1,0,2,0,5,2,2,2,2,2,2,1,1,1,1,1,0,1,2,2,4,1,3,0,0,1,0,0,2,1,5,4,0,1,1,0,1,1,2,1,2,0,0
304,0,1,0,2,0,2,3,2,2,2,2,2,1,1,1,1,1,0,1,2,2,4,1,3,0,0,1,0,0,2,1,6,6,0,1,0,2,0,1,1,2,0,0,1
305,0,0,1,0,4,1,1,5,0,0,0,0,0,0,0,0,0,0,0,0,0,0,0,5,1,0,0,1,3,1,5,0,3,2,0,1,1,2,2,1,0,1,2,2
306,0,1,0,2,0,5,2,6,2,2,2,2,1,1,1,1,1,0,1,2,2,4,1,3,0,0,1,0,0,2,1,5,4,0,1,2,2,1,2,0,1,0,2,0
307,0,1,0,2,0,2,3,4,2,2,2,2,1,1,1,1,1,0,1,2,2,3,3,4,0,0,1,0,0,2,4,1,7,0,1,1,1,1,1,2,2,2,2,1
308,0,1,0,2,0,5,2,2,2,2,2,2,1,1,1,1,1,0,1,2,2,4,1,3,0,0,1,0,0,2,1,5,4,0,1,2,1,1,1,2,1,0,0,1
309,0,1,0,2,0,2,3,4,2,2,2,2,1,1,1,1,1,0,1,2,2,3,3,4,0,0,1,0,0,2,4,1,7,0,1,2,2,1,0,0,1,1,1,1
310,0,1,2,3,3,0,5,1,1,1,1,1,1,1,1,1,1,0,1,1,3,1,1,2,6,0,1,2,2,0,0,2,1,1,2,1,2,1,1,2,0,0,1,0
311,0,0,1,0,4,1,1,5,0,0,0,0,0,0,0,0,0,0,0,0,0,0,0,5,1,0,0,1,3,1,5,0,2,2,0,0,2,2,1,0,1,1,0,1
312,0,0,1,0,1,4,4,0,0,0,0,0,0,0,0,0,0,0,0,0,0,0,0,5,1,0,0,1,3,3,2,4,0,2,0,1,1,1,1,1,2,1,1,2
313,0,1,0,2,0,2,3,2,2,2,2,2,1,1,1,1,1,0,1,2,2,3,3,3,0,0,1,0,0,2,4,1,7,0,1,2,1,0,1,1,0,0,0,0
314,0,0,1,0,4,1,1,5,0,0,0,0,0,0,0,0,0,0,0,0,0,0,0,5,1,0,0,1,3,1,5,0,2,2,0,2,2,1,0,0,1,2,2,1
315,0,0,1,0,1,4,4,7,0,0,0,0,0,0,0,0,0,0,0,0,0,0,0,5,1,0,0,1,3,3,2,4,2,2,0,0,0,0,2,1,2,2,0,1
316,0,1,0,2,0,2,3,4,2,2,2,2,1,1,1,1,1,0,1,2,2,4,1,3,0,0,1,0,0,2,1,6,6,0,1,0,1,1,1,1,2,2,1,0
317,0,0,1,0,1,4,4,0,0,0,0,0,0,0,0,0,0,0,0,0,0,0,0,5,1,0,0,1,3,3,2,4,0,2,0,0,2,1,0,1,2,2,1,0
318,0,0,1,0,4,1,1,7,0,0,0,0,0,0,0,0,0,0,0,0,0,0,0,5,1,0,0,1,3,1,5,0,2,2,0,2,0,2,1,0,2,1,1,2
319,0,1,2,1,2,3,6,3,1,1,1,1,1,1,1,1,1,0,1,1,1,2,1,2,6,0,1,2,1,4,3,3,5,1,2,0,0,2,0,2,1,2,2,2
320,0,1,2,3,3,0,0,1,1,1,1,1,1,1,1,1,1,0,1,1,3,2,1,2,6,0,1,2,2,0,0,2,1,1,2,1,2,1,1,0,2,1,1,2
321,0,0,1,0,1,4,4,0,0,0,0,0,0,0,0,0,0,0,0,0,0,0,0,5,1,0,0,1,3,3,2,4,0,2,0,0,2,2,1,1,2,2,1,1
322,0,1,2,3,3,0,0,1,1,1,1,1,1,1,1,1,1,0,1,1,3,1,1,2,6,0,1,2,2,0,0,2,1,1,2,2,0,0,2,1,1,1,1,0
323,0,1,0,2,0,2,3,2,2,2,2,2,1,1,1,1,1,0,1,2,2,3,3,3,0,0,1,0,0,2,1,1,7,0,1,2,2,2,2,1,1,0,0,2
324,0,1,2,3,3,0,5,1,1,1,1,1,1,1,1,1,1,0,1,1,3,1,1,2,7,0,1,2,2,0,0,2,1,1,2,0,2,1,0,0,0,0,1,2
325,0,1,0,2,0,2,3,4,2,2,2,2,1,1,1,1,1,0,1,2,2,4,1,3,0,0,1,0,0,2,1,6,6,0,1,1,2,1,0,0,1,1,2,0
326,0,1,2,3,3,0,0,1,1,1,1,1,1,1,1,1,1,0,1,1,3,1,1,2,6,0,1,2,2,0,0,2,1,1,2,1,2,2,1,1,0,2,0,1
327,0,1,0,2,0,2,3,4,2,2,2,2,1,1,1,1,1,0,1,2,2,3,3,4,0,0,1,0,0,2,4,1,7,0,1,2,2,2,1,0,0,0,1,1
328,0,0,1,0,1,4,4,7,0,0,0,0,0,0,0,0,0,0,0,0,0,0,0,5,1,0,0,1,3,3,2,4,2,2,0,1,1,0,1,2,0,0,0,2
329,0,1,2,1,2,3,5,3,1,1,1,1,1,1,1,1,1,0,1,1,1,2,1,2,6,0,1,2,1,4,3,3,5,1,2,2,0,2,0,2,0,0,2,2
330,0,1,0,2,0,5,2,2,2,2,2,2,1,1,1,1,1,0,1,2,2,4,1,3,0,0,1,0,0,2,1,5,4,0,1,0,0,1,2,1,0,1,1,0
331,0,1,0,2,0,2,3,4,2,2,2,2,1,1,1,1,1,0,1,2,2,3,3,4,0,0,1,0,0,2,4,1,7,0,1,1,1,2,0,0,2,1,1,0
332,0,1,0,2,0,5,2,6,2,2,2,2,1,1,1,1,1,0,1,2,2,4,1,3,0,0,1,0,0,2,1,5,4,0,1,1,2,0,0,0,1,2,1,2
333,0,1,2,3,3,0,5,1,1,1,1,1,1,1,1,1,1,0,1,1,3,1,1,2,6,0,1,2,2,0,0,2,1,1,2,0,2,0,2,2,0,0,0,0
334,0,0,1,0,4,1,1,5,0,0,0,0,0,0,0,0,0,0,0,0,0,0,0,5,1,0,0,1,3,1,5,0,3,2,0,1,2,2,0,0,2,0,1,0
335,0,1,0,2,0,5,2,6,2,2,2,2,1,1,1,1,1,0,1,2,2,4,1,3,0,0,1,0,0,2,1,6,6,0,1,1,1,1,0,0,0,1,1,0
336,0,1,0,2,0,5,2,6,2,2,2,2,1,1,1,1,1,0,1,2,2,4,1,3,0,0,1,0,0,2,1,5,4,0,1,2,2,2,1,2,1,1,0,1
337,0,1,2,3,2,3,0,3,1,1,1,1,1,1,1,1,1,0,1,1,1,2,1,2,6,0,1,2,2,0,3,2,1,1,2,2,1,2,0,2,2,1,2,0
338,0,1,0,2,0,2,3,4,2,2,2,2,1,1,1,1,1,0,1,2,2,3,3,4,0,0,1,0,0,2,4,1,7,0,1,0,2,2,2,2,0,1,1,1
339,0,0,1,0,1,4,4,7,0,0,0,0,0,0,0,0,0,0,0,0,0,0,0,5,1,0,0,1,3,3,2,4,2,2,0,2,2,1,1,1,0,2,0,2
340,0,1,2,1,2,3,6,3,1,1,1,1,1,1,1,1,1,0,1,1,1,2,1,2,6,0,1,2,1,4,3,3,5,1,2,0,2,1,2,0,1,2,0,2
341,0,0,1,0,1,4,4,0,0,0,0,0,0,0,0,0,0,0,0,0,0,0,0,5,1,0,0,1,3,3,2,4,0,2,0,2,2,2,1,1,1,1,2,0
342,0,0,1,0,1,4,4,0,0,0,0,0,0,0,0,0,0,0,0,0,0,0,0,5,1,0,0,1,3,3,2,4,0,2,0,0,1,0,1,0,2,2,2,2
343,0,1,2,1,2,3,6,3,1,1,1,1,1,1,1,1,1,0,1,1,1,2,1,3,6,0,1,2,1,4,3,3,5,1,2,2,0,1,0,1,2,2,2,2
344,0,1,0,2,0,5,2,6,2,2,2,2,1,1,1,1,1,0,1,2,2,4,1,3,0,0,1,0,0,2,1,6,6,0,1,2,2,2,1,2,2,1,0,1
345,0,0,1,0,4,1,1,5,0,0,0,0,0,0,0,0,0,0,0,0,0,0,0,5,1,0,0,1,3,1,5,0,3,2,0,0,2,0,2,2,2,1,1,0
346,0,1,0,2,0,5,2,2,2,2,2,2,1,1,1,1,1,0,1,2,2,4,1,3,0,0,1,0,0,2,1,5,4,0,1,2,1,2,1,1,1,0,2,0
347,0,1,2,3,3,0,0,1,1,1,1,1,1,1,1,1,1,0,1,1,3,1,1,2,6,0,1,2,2,0,0,2,1,1,2,0,1,1,0,1,0,0,2,1
348,0,1,2,3,3,0,0,1,1,1,1,1,1,1,1,1,1,0,1,1,3,1,1,2,6,0,1,2,2,0,0,2,1,1,2,2,0,1,2,1,1,2,1,1
349,0,0,1,0,4,1,1,7,0,0,0,0,0,0,0,0,0,0,0,0,0,0,0,5,1,0,0,1,3,1,5,0,2,2,0,0,2,2,2,0,1,2,2,2
350,0,1,0,2,0,5,2,6,2,2,2,2,1,1,1,1,1,0,1,2,2,4,1,3,0,0,1,0,0,2,1,6,6,0,1,1,0,2,1,0,1,1,2,0
351,0,1,0,2,0,5,2,2,2,2,2,2,1,1,1,1,1,0,1,2,2,4,1,3,0,0,1,0,0,2,1,5,4,0,1,2,2,1,1,0,2,2,1,0
352,0,1,2,3,3,0,5,1,1,1,1,1,1,1,1,1,1,0,1,1,3,1,1,3,7,0,1,2,1,4,0,6,6,1,2,1,1,1,0,0,1,0,0,1
353,0,1,0,2,0,2,3,4,2,2,2,2,1,1,1,1,1,0,1,2,2,4,1,3,0,0,1,0,0,2,1,6,6,0,1,0,1,0,1,0,0,0,1,2
354,0,1,0,2,0,2,3,4,2,2,2,2,1,1,1,1,1,0,1,2,2,3,3,4,0,0,1,0,0,2,4,1,7,0,1,2,0,2,2,0,2,1,1,2
355,0,1,0,2,0,5,2,6,2,2,2,2,1,1,1,1,1,0,1,2,2,4,1,3,0,0,1,0,0,2,1,5,4,0,1,2,1,1,2,0,0,0,2,0
356,0,1,0,2,0,5,2,6,2,2,2,2,1,1,1,1,1,0,1,2,2,4,1,3,0,0,1,0,0,2,1,5,4,0,1,2,1,2,2,2,2,0,2,2
357,0,1,2,1,2,3,6,3,1,1,1,1,1,1,1,1,1,0,1,1,1,2,1,3,6,0,1,2,1,4,3,3,5,1,2,0,0,2,0,1,2,1,2,0
358,0,1,2,1,2,3,6,3,3,1,1,1,1,1,1,1,1,0,1,1,1,2,1,0,6,0,1,2,1,4,3,3,5,1,2,1,2,2,0,1,1,2,2,0
359,0,1,0,2,0,5,2,2,2,2,2,2,1,1,1,1,1,0,1,2,2,4,1,3,0,0,1,0,0,2,1,5,4,0,1,2,1,0,2,2,0,0,2,1
360,0,0,1,0,4,1,1,5,0,0,0,0,0,0,0,0,0,0,0,0,0,0,0,5,1,0,0,1,3,1,5,0,3,2,0,1,0,0,0,0,1,0,1,2
361,0,1,2,3,3,0,5,1,1,1,1,1,1,1,1,1,1,0,1,1,3,1,1,2,6,0,1,2,2,0,0,2,1,1,2,1,2,1,2,1,2,2,0,2
362,0,1,2,1,2,3,6,3,1,1,1,1,1,1,1,1,1,0,1,1,1,2,1,3,7,0,1,2,1,4,3,3,5,1,2,1,1,2,1,2,1,1,0,2
363,0,1,0,2,0,5,2,6,2,2,2,2,1,1,1,1,1,0,1,2,2,4,1,3,0,0,1,0,0,2,1,5,4,0,1,1,2,2,2,1,0,1,1,1
364,0,1,0,2,0,5,2,2,2,2,2,2,1,1,1,1,1,0,1,2,2,4,1,3,0,0,1,0,0,2,1,5,4,0,1,0,2,0,2,1,1,1,2,0
365,0,1,2,1,2,3,6,3,1,1,1,1,1,1,1,1,1,0,1,1,1,2,1,3,7,0,1,2,1,4,3,3,5,1,2,1,2,1,0,2,0,1,2,0
366,0,1,2,1,2,3,6,3,1,1,1,1,1,1,1,1,1,0,1,1,1,2,1,2,6,0,1,2,1,4,3,3,5,1,2,2,1,2,2,2,0,2,1,2
367,0,0,1,0,4,1,1,7,0,0,0,0,0,0,0,0,0,0,0,0,0,0,0,5,1,0,0,1,3,1,5,0,2,2,0,1,2,0,2,2,2,0,2,0
368,0,1,0,2,0,5,2,6,2,2,2,2,1,1,1,1,1,0,1,2,2,4,1,3,0,0,1,0,0,2,1,6,6,0,1,0,0,0,0,2,0,1,2,1
369,0,1,0,2,0,5,2,2,2,2,2,2,1,1,1,1,1,0,1,2,2,4,3,3,0,0,1,0,0,2,1,5,4,0,1,0,1,1,0,2,0,2,1,2
370,0,1,2,3,3,0,5,1,1,1,1,1,1,1,1,1,1,0,1,1,3,1,1,2,6,0,1,2,2,0,0,2,1,1,2,2,1,0,2,1,0,0,1,2
371,0,1,0,2,0,2,3,2,2,2,2,2,1,1,1,1,1,0,1,2,2,3,3,4,0,0,1,0,0,2,4,1,7,0,1,2,2,1,2,0,0,2,2,2
372,0,1,0,2,0,2,3,2,2,2,2,2,1,1,1,1,1,0,1,2,2,3,3,3,0,0,1,0,0,2,4,1,7,0,1,1,1,2,1,2,0,0,1,1
373,0,1,2,1,2,3,5,3,1,1,1,1,1,1,1,1,1,0,1,1,1,2,1,2,6,0,1,2,1,4,3,3,5,1,2,0,2,2,0,1,1,2,0,1
374,0,1,0,2,0,5,2,2,2,2,2,2,1,1,1,1,1,0,1,2,2,4,1,3,0,0,1,0,0,2,1,5,4,0,1,0,1,1,0,1,2,2,0,2
375,0,1,0,2,0,2,3,4,2,2,2,2,1,1,1,1,1,0,1,2,2,4,1,3,0,0,1,0,0,2,1,6,6,0,1,0,0,1,1,2,0,0,0,2
376,0,1,2,3,3,0,0,1,1,1,1,1,1,1,1,1,1,0,1,1,3,1,1,2,6,0,1,2,2,0,0,2,1,1,2,2,0,2,0,1,2,1,1,2
377,0,1,2,3,3,0,5,1,1,1,1,1,1,1,1,1,1,0,1,1,3,1,1,2,7,0,1,2,2,0,0,6,6,1,2,2,2,1,1,2,0,0,1,1
378,0,1,2,1,2,3,5,3,1,1,1,1,1,1,1,1,1,0,1,1,1,2,1,3,7,0,1,2,1,4,3,6,6,1,2,0,2,1,1,0,0,2,1,1
379,0,1,0,2,0,2,3,2,2,2,2,2,1,1,1,1,1,0,1,2,2,3,3,3,0,0,1,0,0,2,4,1,7,0,1,1,0,0,0,2,2,0,1,1
380,0,1,0,2,0,2,3,4,2,2,2,2,1,1,1,1,1,0,1,2,2,3,3,4,0,0,1,0,0,2,4,1,7,0,1,1,2,2,2,1,0,2,0,0
381,0,1,0,2,0,5,2,2,2,2,2,2,1,1,1,1,1,0,1,2,2,4,1,3,0,0,1,0,0,2,1,5,4,0,1,1,2,0,0,1,2,2,1,0
382,0,0,1,0,4,1,1,7,0,0,0,0,0,0,0,0,0,0,0,0,0,0,0,5,1,0,0,1,3,1,5,0,2,2,0,2,0,2,1,1,1,1,2,2
383,0,0,1,0,4,1,1,5,0,0,0,0,0,0,0,0,0,0,0,0,0,0,0,5,1,0,0,1,3,1,5,0,3,2,0,1,0,2,0,2,1,2,0,2
384,0,1,0,2,0,5,2,2,2,2,2,2,1,1,1,1,1,0,1,2,2,4,3,3,0,0,1,0,0,2,1,5,4,0,1,1,0,2,0,2,2,2,1,0
385,0,1,0,2,0,5,2,2,2,2,2,2,1,1,1,1,1,0,1,2,2,4,1,3,0,0,1,0,0,2,1,5,4,0,1,0,0,2,1,0,1,0,1,1
386,0,0,1,0,4,1,1,5,0,0,0,0,0,0,0,0,0,0,0,0,0,0,0,5,1,0,0,1,3,1,5,0,3,2,0,1,1,0,1,0,1,1,1,0
387,0,1,2,3,3,0,0,1,1,1,1,1,1,1,1,1,1,0,1,1,3,1,1,2,6,0,1,2,2,0,0,2,1,1,2,2,2,1,0,1,1,0,2,0
388,0,1,2,1,2,3,5,3,1,1,1,1,1,1,1,1,1,0,1,1,1,2,1,2,6,0,1,2,1,4,0,3,5,1,2,0,2,0,2,2,0,1,2,2
389,0,0,1,0,4,1,1,7,0,0,0,0,0,0,0,0,0,0,0,0,0,0,0,5,1,0,0,1,3,1,5,0,2,2,0,0,2,0,0,0,2,0,2,2
390,0,1,2,1,2,3,6,3,1,1,1,1,1,1,1,1,1,0,1,1,1,2,1,3,6,0,1,2,1,4,3,3,5,1,2,0,2,2,0,0,2,1,0,2
391,0,0,1,0,4,1,1,5,0,0,0,0,0,0,0,0,0,0,0,0,0,0,0,5,1,0,0,1,3,1,5,0,3,2,0,2,2,2,2,2,2,2,1,1
392,0,0,1,0,1,4,4,7,0,0,0,0,0,0,0,0,0,0,0,0,0,0,0,5,1,0,0,1,3,3,2,4,0,2,0,1,1,1,1,1,0,1,1,2
393,0,0,1,0,4,1,1,7,0,0,0,0,0,0,0,0,0,0,0,0,0,0,0,5,1,0,0,1,3,1,5,0,2,2,0,1,2,2,0,0,1,1,0,0
394,0,1,2,1,2,3,5,3,1,1,1,1,1,1,1,1,1,0,1,1,1,2,1,3,7,0,1,2,1,4,3,6,6,1,2,1,0,2,1,1,0,1,2,0
395,0,0,1,0,1,4,4,7,0,0,0,0,0,0,0,0,0,0,0,0,0,0,0,5,1,0,0,1,3,3,2,4,2,2,0,0,2,0,1,0,1,0,1,0
396,0,1,2,1,2,3,0,3,1,1,1,1,1,1,1,1,1,0,1,1,1,2,1,2,6,0,1,2,1,4,3,3,5,1,2,0,0,1,0,0,1,0,2,1
397,0,1,2,1,2,3,5,3,1,1,1,1,1,1,1,1,1,0,1,1,1,2,1,2,7,0,1,2,1,4,3,6,6,1,2,0,0,1,2,2,2,0,1,1
398,0,1,0,2,0,5,2,2,2,2,2,2,1,1,1,1,1,0,1,2,2,4,1,3,0,0,1,0,0,2,1,5,4,0,1,2,0,0,0,1,2,2,0,1
399,0,0,1,0,4,1,1,5,0,0,0,0,0,0,0,0,0,0,0,0,0,0,0,5,1,0,0,1,3,1,5,0,3,2,0,1,0,0,1,1,2,0,0,2
400,0,0,1,0,4,1,1,5,0,0,0,0,0,0,0,0,0,0,0,0,0,0,0,5,1,0,0,1,3,1,5,0,3,2,0,2,0,2,2,1,0,2,2,2
401,0,0,1,0,1,4,4,0,0,0,0,0,0,0,0,0,0,0,0,0,0,0,0,5,1,0,0,1,3,3,2,4,0,2,0,2,0,2,0,1,0,1,2,1
402,0,0,1,0,1,4,4,0,0,0,0,0,0,0,0,0,0,0,0,0,0,0,0,5,1,0,0,1,3,3,2,4,0,2,0,0,1,0,0,1,1,1,2,0
403,0,1,0,2,0,5,2,2,2,2,2,2,1,1,1,1,1,0,1,2,2,4,1,3,0,0,1,0,0,2,1,6,6,0,1,1,1,1,1,1,2,2,1,1
404,0,1,2,1,2,3,0,3,1,1,1,1,1,1,1,1,1,0,1,1,1,2,1,2,6,0,1,2,1,4,3,3,5,1,2,0,0,0,1,0,2,2,0,0
405,0,1,0,2,0,2,2,2,2,2,2,2,1,1,1,1,1,0,1,2,2,3,3,3,0,0,1,0,0,2,4,5,4,0,1,1,1,0,1,1,1,2,1,0
406,0,1,0,2,0,2,3,4,2,2,2,2,1,1,1,1,1,0,1,2,2,3,3,4,0,0,1,0,0,2,4,1,7,0,1,2,0,0,1,1,2,2,1,0
407,0,0,1,0,1,4,4,0,0,0,0,0,0,0,0,0,0,0,0,0,0,0,0,5,1,0,0,1,3,3,2,4,0,2,0,2,2,2,2,2,2,0,0,0
408,0,1,2,3,3,0,5,1,1,1,1,1,1,1,1,1,1,0,1,1,3,1,1,2,6,0,1,2,2,0,0,2,1,1,2,0,2,0,0,0,0,2,1,1
409,0,0,1,0,1,4,4,7,0,0,0,0,0,0,0,0,0,0,0,0,0,0,0,5,1,0,0,1,3,3,2,4,2,2,0,2,0,1,1,2,1,0,1,0
410,0,1,0,2,0,5,2,2,2,2,2,2,1,1,1,1,1,0,1,2,2,4,3,3,0,0,1,0,0,2,1,5,4,0,1,2,0,2,1,2,1,1,2,0
411,0,1,0,2,0,5,2,2,2,2,2,2,1,1,1,1,1,0,1,2,2,4,3,3,0,0,1,0,0,2,1,5,4,0,1,2,1,0,1,1,2,1,2,1
412,0,1,2,3,3,0,0,1,1,1,1,1,1,1,1,1,1,0,1,1,3,1,1,2,6,0,1,2,2,0,0,2,1,1,2,2,2,2,1,2,0,2,1,0
413,0,0,1,0,4,1,1,7,0,0,0,0,0,0,0,0,0,0,0,0,0,0,0,5,1,0,0,1,3,1,5,0,2,2,0,0,2,0,1,1,0,1,0,0
414,0,0,1,0,4,1,1,7,0,0,0,0,0,0,0,0,0,0,0,0,0,0,0,5,1,0,0,1,3,1,5,0,2,2,0,1,1,0,0,2,2,0,2,1
415,0,0,1,0,4,1,1,5,0,0,0,0,0,0,0,0,0,0,0,0,0,0,0,5,1,0,0,1,3,1,5,0,3,2,0,2,1,0,0,0,1,2,2,1
416,0,1,2,1,2,3,5,3,1,1,1,1,1,1,1,1,1,0,1,1,1,2,1,3,7,0,1,2,1,4,3,6,6,1,2,0,2,0,2,1,2,1,2,0
417,0,0,1,0,1,4,4,7,0,0,0,0,0,0,0,0,0,0,0,0,0,0,0,5,1,0,0,1,3,3,2,4,2,2,0,0,2,0,0,1,2,2,2,1
418,0,1,0,2,0,5,2,6,2,2,2,2,1,1,1,1,1,0,1,2,2,4,1,3,7,0,1,0,0,2,1,5,4,0,1,1,0,2,0,1,2,0,2,2
419,0,0,1,0,4,1,1,5,0,0,0,0,0,0,0,0,0,0,0,0,0,0,0,5,1,0,0,1,3,1,5,0,3,2,0,1,0,1,1,0,2,1,1,1
420,0,0,1,0,1,4,4,0,0,0,0,0,0,0,0,0,0,0,0,0,0,0,0,5,1,0,0,1,3,3,2,4,0,2,0,1,0,1,1,1,0,2,2,0
421,0,0,1,0,4,1,1,5,0,0,0,0,0,0,0,0,0,0,0,0,0,0,0,5,1,0,0,1,3,1,5,0,3,2,0,0,2,2,1,1,0,2,2,0
422,0,1,2,1,2,3,6,3,1,1,1,1,1,1,1,1,1,0,1,1,1,2,1,3,6,0,1,2,1,4,3,3,5,1,2,2,2,0,0,2,0,2,1,0
423,0,0,1,0,1,4,4,5,0,0,0,0,0,0,0,0,0,0,0,0,0,0,0,5,1,0,0,1,3,3,2,4,3,2,0,2,2,1,0,1,0,0,1,0
424,0,1,2,3,3,0,5,1,1,1,1,1,1,1,1,1,1,0,1,1,3,1,1,2,7,0,1,2,2,0,0,6,6,1,2,2,2,2,2,2,2,0,0,1
425,0,1,2,1,2,3,6,3,1,1,1,1,1,1,1,1,1,0,1,1,1,2,1,3,6,0,1,2,1,4,3,3,5,1,2,0,1,1,2,0,1,0,0,1
426,0,1,0,2,0,2,3,4,2,2,2,2,1,1,1,1,1,0,1,2,2,3,3,4,0,0,1,0,0,2,4,1,7,0,1,2,0,0,1,2,2,2,0,1
427,0,1,2,1,2,3,5,1,1,1,1,1,1,1,1,1,1,0,1,1,3,2,1,2,7,0,1,2,1,4,0,6,6,1,2,0,2,2,0,2,0,2,1,2
428,0,1,2,3,3,0,0,1,1,1,1,1,1,1,1,1,1,0,1,1,1,2,1,2,6,0,1,2,2,0,0,2,1,1,2,0,1,0,1,2,1,0,2,0
429,0,0,1,0,1,4,4,0,0,0,0,0,0,0,0,0,0,0,0,0,0,0,0,5,1,0,0,1,3,3,2,4,0,2,0,2,1,0,1,0,2,2,0,0
430,0,0,1,0,1,4,4,0,0,0,0,0,0,0,0,0,0,0,0,0,0,0,0,5,1,0,0,1,3,3,2,4,2,2,0,1,0,2,0,0,0,0,1,0
431,0,1,0,2,0,2,3,4,2,2,2,2,1,1,1,1,1,0,1,2,2,3,3,4,0,0,1,0,0,2,4,1,7,0,1,2,2,1,0,1,0,2,1,1
432,0,0,1,0,4,1,1,5,0,0,0,0,0,0,0,0,0,0,0,0,0,0,0,5,1,0,0,1,3,1,5,0,3,2,0,2,1,0,1,1,0,0,1,1
433,0,1,0,2,0,2,3,4,2,2,2,2,1,1,1,1,1,0,1,2,2,3,3,4,0,0,1,0,0,2,4,1,7,0,1,0,0,2,1,1,1,1,2,1
434,0,1,0,2,0,2,3,2,2,2,2,2,1,1,1,1,1,0,1,2,2,3,3,3,0,0,1,0,0,2,4,1,7,0,1,2,1,2,0,1,1,0,0,1
435,0,1,2,1,2,3,0,3,1,1,1,1,1,1,1,1,1,0,1,1,1,2,1,2,6,0,1,2,1,4,3,3,5,1,2,1,0,1,1,0,2,0,1,1
436,0,0,1,0,1,4,4,0,0,0,0,0,0,0,0,0,0,0,0,0,0,0,0,5,1,0,0,1,3,3,2,4,0,2,0,2,2,1,1,1,1,0,0,1
437,0,1,0,2,0,2,3,4,2,2,2,2,1,1,1,1,1,0,1,2,2,3,3,4,0,0,1,0,0,2,4,1,7,0,1,0,2,1,0,2,1,1,2,1
438,0,1,0,2,0,5,2,2,2,2,2,2,1,1,1,1,1,0,1,2,2,4,3,3,0,0,1,0,0,2,1,5,4,0,1,2,2,0,1,2,1,0,0,1
439,0,1,2,1,2,3,5,3,1,1,1,1,1,1,1,1,1,0,1,1,1,2,1,2,6,0,1,2,1,4,3,3,5,1,2,0,0,1,2,2,2,0,0,1
440,0,1,0,2,0,2,3,2,2,2,2,2,1,1,1,1,1,0,1,2,2,3,3,3,0,0,1,0,0,2,4,1,7,0,1,1,1,0,1,1,1,1,0,2
441,0,0,1,0,1,4,4,7,0,0,0,0,0,0,0,0,0,0,0,0,0,0,0,5,1,0,0,1,3,3,2,4,2,2,0,0,1,0,2,2,0,1,0,2
442,0,0,1,0,1,4,4,7,0,0,0,0,0,0,0,0,0,0,0,0,0,0,0,5,1,0,0,1,3,3,2,4,2,2,0,2,1,1,0,0,0,0,2,0
443,0,1,2,3,3,0,5,1,1,1,1,1,1,1,1,1,1,0,1,1,3,1,1,2,7,0,1,2,1,4,0,6,6,1,2,2,0,0,1,1,2,1,2,0
444,0,0,1,0,1,4,4,0,0,0,0,0,0,0,0,0,0,0,0,0,0,0,0,5,1,0,0,1,3,3,2,4,0,2,0,2,2,0,0,1,2,0,1,2
445,0,0,1,0,4,1,1,5,-1,0,0,0,0,0,0,0,0,0,0,0,0,0,0,5,1,0,0,1,3,1,5,0,3,2,0,1,0,1,0,1,1,2,2,0
446,0,1,0,2,0,5,2,6,2,2,2,2,1,1,1,1,1,0,1,2,2,4,1,3,0,0,1,0,0,2,1,5,4,0,1,2,0,0,0,2,1,2,2,1
447,0,1,2,1,2,3,6,3,1,1,1,1,1,1,1,1,1,0,1,1,1,2,1,3,6,0,1,2,1,4,3,3,5,1,2,2,1,0,0,0,2,2,0,1
448,0,1,0,2,0,2,3,4,2,2,2,2,1,1,1,1,1,0,1,2,2,3,3,4,0,0,1,0,0,2,4,1,7,0,1,1,1,1,2,1,2,2,2,0
449,0,0,1,0,4,1,1,5,0,0,0,0,0,0,0,0,0,0,0,0,0,0,0,5,1,0,0,1,3,1,5,0,3,2,0,0,2,1,0,0,1,0,0,1
450,0,0,1,0,4,1,1,5,0,0,0,0,0,0,0,0,0,0,0,0,0,0,0,5,1,0,0,1,3,1,5,0,3,2,0,1,2,0,0,0,1,2,1,1
451,0,0,1,0,4,1,1,5,0,0,0,0,0,0,0,0,0,0,0,0,0,0,0,5,1,0,0,1,3,1,5,0,3,2,0,1,2,0,1,2,1,0,1,1
452,0,0,1,0,4,1,1,7,0,0,0,0,0,0,0,0,0,0,0,0,0,0,0,5,1,0,0,1,3,1,5,0,2,2,0,2,2,2,0,1,0,0,1,0
453,0,1,0,2,0,5,2,2,2,2,2,2,1,1,1,1,1,0,1,2,2,4,1,3,0,0,1,0,0,2,1,5,4,0,1,2,0,0,2,2,1,1,0,1
454,0,1,0,2,0,2,3,2,2,2,2,2,1,1,1,1,1,0,1,2,2,3,3,3,0,0,1,0,0,2,4,1,7,0,1,0,2,2,2,0,2,2,1,1
455,0,1,2,1,2,3,6,3,1,1,1,1,1,1,1,1,1,0,1,1,1,2,1,3,6,0,1,2,1,4,3,3,5,1,2,2,2,1,2,1,2,0,1,2
456,0,0,1,0,4,1,1,5,0,0,0,0,0,0,0,0,0,0,0,0,0,0,0,5,1,0,0,1,3,1,5,0,3,2,0,0,1,1,0,0,1,0,0,1
457,0,1,0,2,0,2,3,2,2,2,2,2,1,1,1,1,1,0,1,2,2,4,1,3,0,0,1,0,0,2,1,6,6,0,1,0,0,1,0,1,0,2,1,0
458,0,0,1,0,4,1,1,5,0,0,0,0,0,0,0,0,0,0,0,0,0,0,0,5,1,0,0,1,3,1,5,0,3,2,0,0,1,1,0,0,1,2,0,1
459,0,1,2,1,2,3,0,3,1,1,1,1,1,1,1,1,1,0,1,1,1,2,1,2,6,0,1,2,1,4,3,3,5,1,2,2,0,2,0,2,1,0,2,0
460,0,1,2,1,2,3,6,3,1,1,1,1,1,1,1,1,1,0,1,1,1,2,1,3,6,0,1,2,1,4,3,3,5,1,2,2,1,0,1,0,1,1,0,0
461,0,1,2,1,2,3,0,3,1,1,1,1,1,1,1,1,1,0,1,1,1,2,1,2,6,0,1,2,1,4,3,3,5,1,2,0,0,2,2,1,2,1,2,1
462,0,0,1,0,1,4,4,0,0,0,0,0,0,0,0,0,0,0,0,0,0,0,0,5,1,0,0,1,3,3,2,4,0,2,0,0,0,0,1,1,0,2,1,2
463,0,1,2,3,3,0,0,1,1,1,1,1,1,1,1,1,1,0,1,1,3,1,1,2,6,0,1,2,2,0,0,2,1,1,2,0,0,1,2,2,0,1,1,1
464,0,0,1,0,4,1,1,5,0,0,0,0,0,0,0,0,0,0,0,0,0,0,0,5,1,0,0,1,3,1,5,0,3,2,0,1,0,0,1,2,2,0,1,2
465,0,0,1,0,4,1,1,5,0,0,0,0,0,0,0,0,0,0,0,0,0,0,0,5,1,0,0,1,3,1,5,0,3,2,0,2,0,0,1,2,1,0,1,2
466,0,0,1,0,1,4,4,0,0,0,0,0,0,0,0,0,0,0,0,0,0,0,0,5,1,0,0,1,3,3,2,4,0,2,0,1,0,1,2,1,0,2,1,1
467,0,0,1,0,4,1,1,5,0,0,0,0,0,0,0,0,0,0,0,0,0,0,0,5,1,0,0,1,3,1,5,0,2,2,0,2,1,1,1,1,2,0,1,0
468,0,0,1,0,1,4,4,0,0,0,0,0,0,0,0,0,0,0,0,0,0,0,0,5,1,0,0,1,3,3,2,4,0,2,0,0,1,2,2,2,0,0,0,1
469,0,1,0,2,0,5,2,6,2,2,2,2,1,1,1,1,1,0,1,2,2,4,1,3,0,0,1,0,0,2,1,6,6,0,1,1,1,2,2,2,1,1,2,1
470,0,1,2,1,2,3,6,3,1,1,1,1,1,1,1,1,1,0,1,1,1,2,1,3,6,0,1,2,1,4,3,3,5,1,2,1,2,2,0,2,1,2,2,0
471,0,0,1,0,4,1,1,5,0,0,0,0,0,0,0,0,0,0,0,0,0,0,0,5,1,0,0,1,3,1,5,0,3,2,0,1,2,1,0,1,0,0,0,0
472,0,1,2,3,3,0,0,1,1,1,1,1,1,1,1,1,1,0,1,1,1,2,1,2,6,0,1,2,2,0,0,2,1,1,2,1,2,2,0,2,0,0,2,1
473,0,1,2,3,3,0,0,1,1,1,1,1,1,1,1,1,1,0,1,1,3,1,1,2,6,0,1,2,2,0,0,2,1,1,2,1,1,0,1,2,0,2,1,1
474,0,1,2,1,2,3,6,3,1,1,1,1,1,1,1,1,1,0,1,1,1,2,1,2,6,0,1,2,1,4,3,3,5,1,2,2,2,0,1,2,2,1,1,1
475,0,1,2,3,3,0,0,1,1,1,1,1,1,1,1,1,1,0,1,1,3,1,1,2,6,0,1,2,2,0,0,2,1,1,2,2,0,2,2,2,2,1,0,0
476,0,0,1,0,4,1,1,5,0,0,0,0,0,0,0,0,0,0,0,0,0,0,0,5,1,0,0,1,3,1,5,0,2,2,0,0,2,0,1,2,2,2,1,0
477,0,0,1,0,1,4,4,7,0,0,0,0,0,0,0,0,0,0,0,0,0,0,0,5,1,0,0,1,3,3,2,4,2,2,0,1,0,2,2,1,1,2,2,1
478,0,0,1,0,1,4,4,0,0,0,0,0,0,0,0,0,0,0,0,0,0,0,0,5,1,0,0,1,3,3,2,4,0,2,0,0,2,0,2,2,1,2,0,0
479,0,1,2,1,2,3,5,3,1,1,1,1,1,1,1,1,1,0,1,1,1,2,1,3,7,0,1,2,1,4,3,6,6,1,2,2,0,2,2,1,2,0,0,1
480,0,1,0,2,0,5,2,2,2,2,2,2,1,1,1,1,1,0,1,2,2,4,1,3,0,0,1,0,0,2,1,5,4,0,1,2,2,2,0,2,1,2,0,0
481,0,1,2,1,2,3,6,3,1,1,1,1,1,1,1,1,1,0,1,1,1,2,1,2,6,0,1,2,1,4,3,3,5,1,2,1,0,0,1,1,0,2,2,1
482,0,0,1,0,1,4,4,7,0,0,0,0,0,0,0,0,0,0,0,0,0,0,0,5,1,0,0,1,3,3,2,4,0,2,0,1,1,1,2,1,1,1,1,0
483,0,0,1,0,1,4,4,0,0,0,0,0,0,0,0,0,0,0,0,0,0,0,0,5,1,0,0,1,3,3,2,4,0,2,0,2,0,1,0,1,0,0,0,0
484,0,0,1,0,1,4,4,7,0,0,0,0,0,0,0,0,0,0,0,0,0,0,0,5,1,0,0,1,3,3,2,4,2,2,0,0,1,2,0,2,1,2,2,0
485,0,0,1,0,4,1,1,5,-1,0,0,0,0,0,0,0,0,0,0,0,0,0,0,5,1,0,0,1,3,1,5,0,3,2,0,0,1,0,1,0,1,0,2,2
486,0,1,2,1,2,3,6,3,1,1,1,1,1,1,1,1,1,0,1,1,1,2,1,3,6,0,1,2,1,4,3,3,5,1,2,1,1,0,0,2,1,1,2,2
487,0,1,2,3,3,0,5,1,1,1,1,1,1,1,1,1,1,0,1,1,3,1,1,2,7,0,1,2,2,0,0,2,1,1,2,0,2,2,1,1,0,0,1,1
488,0,1,2,3,3,0,0,1,1,1,1,1,1,1,1,1,1,0,1,1,3,1,1,2,6,0,1,2,2,0,0,2,1,1,2,1,1,0,1,1,0,2,2,0
489,0,0,1,0,1,4,4,0,0,0,0,0,0,0,0,0,0,0,0,0,0,0,0,5,1,0,0,1,3,3,2,4,0,2,0,1,0,2,1,1,1,2,2,2
490,0,0,1,0,4,1,1,5,0,0,0,0,0,0,0,0,0,0,0,0,0,0,0,5,1,0,0,1,3,1,5,0,2,2,0,0,0,0,1,2,2,0,2,0
491,0,1,0,2,0,2,2,2,2,2,2,2,1,1,1,1,1,0,1,2,2,3,3,3,0,0,1,0,0,2,4,5,4,0,1,0,1,0,1,0,2,2,2,2
492,0,0,1,0,1,4,4,0,0,0,0,0,0,0,0,0,0,0,0,0,0,0,0,5,1,0,0,1,3,3,2,4,0,2,0,0,0,0,0,2,2,0,2,2
493,0,0,1,0,1,4,4,7,0,0,0,0,0,0,0,0,0,0,0,0,0,0,0,5,1,0,0,1,3,3,2,4,2,2,0,2,2,0,2,2,2,0,1,2
494,0,1,2,3,3,0,5,1,1,1,1,1,1,1,1,1,1,0,1,1,3,1,1,2,6,0,1,2,2,0,0,2,1,1,2,2,0,0,2,1,2,0,2,0
495,0,1,0,2,0,5,2,2,2,2,2,2,1,1,1,1,1,0,1,2,2,4,3,3,0,0,1,0,0,2,1,5,4,0,1,0,2,2,1,1,0,0,2,2
496,0,1,0,2,0,5,2,6,2,2,2,2,1,1,1,1,1,0,1,2,2,4,1,3,0,0,1,0,0,2,1,6,6,0,1,2,0,0,1,1,0,0,1,0
497,0,1,2,1,2,3,5,3,1,1,1,1,1,1,1,1,1,0,1,1,3,2,1,3,7,0,1,2,1,4,0,6,6,1,2,0,2,2,0,2,0,2,0,1
498,0,1,2,1,2,3,6,3,1,1,1,1,1,1,1,1,1,0,1,1,1,2,1,3,6,0,1,2,1,4,3,3,5,1,2,2,1,0,0,0,1,1,2,2
499,0,0,1,0,4,1,1,7,0,0,0,0,0,0,0,0,0,0,0,0,0,0,0,5,1,0,0,1,3,1,5,0,2,2,0,0,0,2,0,0,1,0,1,1
