,dbscan_eps_0_1_min_samples_2,dbscan_eps_0_2_min_samples_2,dbscan_eps_0_3_min_samples_2,dbscan_eps_0_4_min_samples_2,dbscan_eps_0_5_min_samples_2,dbscan_eps_0_6_min_samples_2,dbscan_eps_0_7_min_samples_2,dbscan_eps_0_8_min_samples_2,dbscan_eps_0_9_min_samples_2,kernel_kmeans_n_clusters_1_kernel_gak_random_state_0,kernel_kmeans_n_clusters_2_kernel_gak_random_state_0,kernel_kmeans_n_clusters_3_kernel_gak_random_state_0,kernel_kmeans_n_clusters_4_kernel_gak_random_state_0,kernel_kmeans_n_clusters_5_kernel_gak_random_state_0,kernel_kmeans_n_clusters_6_kernel_gak_random_state_0,kernel_kmeans_n_clusters_7_kernel_gak_random_state_0,kernel_kmeans_n_clusters_8_kernel_gak_random_state_0,kmeans_n_clusters_1,kmeans_n_clusters_2,kmeans_n_clusters_3,kmeans_n_clusters_4,kmeans_n_clusters_5,kmeans_n_clusters_6,kmeans_n_clusters_7,kmeans_n_clusters_8,mean_shift_,optics_min_samples_7_xi_0_08_min_cluster_size_0_1,spectral_clustering_n_clusters_1_eigen_solver_arpack_affinity_nearest_neighbors,spectral_clustering_n_clusters_2_eigen_solver_arpack_affinity_nearest_neighbors,spectral_clustering_n_clusters_3_eigen_solver_arpack_affinity_nearest_neighbors,spectral_clustering_n_clusters_4_eigen_solver_arpack_affinity_nearest_neighbors,spectral_clustering_n_clusters_5_eigen_solver_arpack_affinity_nearest_neighbors,spectral_clustering_n_clusters_6_eigen_solver_arpack_affinity_nearest_neighbors,spectral_clustering_n_clusters_7_eigen_solver_arpack_affinity_nearest_neighbors,spectral_clustering_n_clusters_8_eigen_solver_arpack_affinity_nearest_neighbors,random_model_n0,random_model_n1
0,0,1,0,0,1,5,5,2,0,0,0,0,0,0,0,0,0,0,1,0,1,4,1,1,1,0,0,2,3,3,2,0,3,1,0,0,1
1,0,1,2,1,0,4,4,7,1,1,1,1,1,0,0,0,0,0,1,1,2,2,4,6,3,0,1,0,0,0,0,5,0,1,1,1,1
2,0,1,2,1,3,2,1,1,2,1,1,1,1,0,0,0,0,0,1,1,2,2,4,6,3,0,1,0,0,0,3,1,7,1,1,1,0
3,0,0,1,2,2,1,3,7,3,1,1,1,1,0,0,0,0,0,0,2,3,1,2,4,6,0,1,0,0,0,0,5,0,0,1,0,0
4,0,0,1,2,2,1,3,7,4,1,1,1,1,0,0,0,0,0,0,2,3,0,2,4,6,0,1,0,0,0,0,5,0,0,1,1,1
5,0,1,2,1,0,2,4,1,-1,0,0,0,0,0,0,0,0,0,1,1,2,2,3,6,7,0,0,1,1,4,1,4,5,1,0,1,1
6,0,1,2,0,3,5,5,4,2,1,1,1,1,0,0,0,0,0,1,1,1,4,4,0,0,0,1,0,0,0,3,1,7,1,1,1,1
7,0,0,1,2,0,4,0,7,5,1,1,1,1,0,0,0,0,0,0,1,3,0,4,4,3,0,1,0,0,0,0,5,0,1,1,1,1
8,0,0,0,3,4,3,6,0,6,0,0,0,0,0,0,0,0,0,0,0,0,3,5,2,4,0,0,2,2,1,4,3,4,0,0,1,1
9,0,0,0,3,4,3,6,0,6,0,0,0,0,0,0,0,0,0,0,0,0,3,5,2,4,0,0,2,2,1,4,3,4,0,0,1,0
10,0,0,1,1,0,4,0,3,7,0,0,0,0,0,0,0,0,0,0,1,3,0,3,3,2,0,0,1,1,4,1,4,5,1,0,1,0
11,0,1,2,1,0,4,4,7,1,1,1,1,1,0,0,0,0,0,1,1,2,0,4,6,3,0,1,0,0,0,0,5,0,1,1,0,1
12,0,0,0,3,4,0,2,5,8,1,1,1,1,0,0,0,0,0,0,0,0,1,0,5,5,0,1,0,0,2,5,2,2,0,1,0,0
13,0,1,2,1,3,2,1,1,2,1,1,1,1,0,0,0,0,0,1,1,2,2,4,6,3,0,1,0,0,0,3,1,7,1,1,1,1
14,0,0,1,3,4,3,6,0,9,0,0,0,0,0,0,0,0,0,0,2,0,3,5,2,4,0,0,1,2,1,4,6,1,0,0,0,1
15,0,1,2,0,3,5,5,4,2,1,1,1,1,0,0,0,0,0,1,1,1,4,4,0,0,0,1,0,0,0,3,1,7,1,1,0,0
16,0,0,1,2,0,4,0,7,5,1,1,1,1,0,0,0,0,0,0,2,3,0,2,4,6,0,1,0,0,0,0,5,0,0,1,0,0
17,0,1,0,0,1,0,5,2,8,1,1,1,1,0,0,0,0,0,1,0,1,4,0,5,0,0,1,0,0,2,3,1,7,1,1,0,1
18,0,0,0,3,4,3,6,0,6,0,0,0,0,0,0,0,0,0,0,0,0,3,5,2,4,0,0,2,2,1,4,3,4,0,0,0,0
19,0,1,2,1,3,2,1,1,10,0,0,0,0,0,0,0,0,0,1,1,2,2,3,6,7,0,0,2,3,3,2,0,6,1,0,1,0
20,0,0,1,2,2,1,3,6,11,0,0,0,0,0,0,0,0,0,0,2,3,0,2,3,6,0,0,1,1,4,1,6,1,0,0,0,0
21,0,1,0,3,1,0,2,5,8,1,1,1,1,0,0,0,0,0,0,0,1,1,0,5,5,0,1,0,0,2,5,2,2,0,1,1,1
22,0,0,1,2,0,4,0,3,12,0,0,0,0,0,0,0,0,0,0,2,3,0,3,3,2,0,0,1,1,4,1,4,5,1,0,1,0
23,0,1,0,0,1,0,2,2,-1,0,0,0,0,0,0,0,0,0,1,0,1,4,1,1,1,0,0,2,2,3,4,3,3,0,0,0,0
24,0,1,2,1,3,2,1,4,13,0,0,0,0,0,0,0,0,0,1,1,2,2,1,0,7,0,0,2,3,3,2,0,6,1,0,0,1
25,0,0,1,2,2,1,3,0,14,1,1,1,1,0,0,0,0,0,0,2,0,1,2,4,5,0,1,0,0,2,5,2,2,0,1,1,0
26,0,1,2,1,0,2,4,1,15,0,0,0,0,0,0,0,0,0,1,1,2,2,3,6,7,0,0,1,1,4,1,4,5,1,0,1,0
27,0,1,0,3,1,0,2,5,8,1,1,1,1,0,0,0,0,0,0,0,1,1,0,5,5,0,1,0,0,2,5,2,2,0,1,1,0
28,0,1,0,0,1,0,5,2,0,0,0,0,0,0,0,0,0,0,1,0,1,4,1,1,1,0,0,2,3,3,2,3,3,1,0,1,1
29,0,0,1,2,0,4,0,3,12,0,0,0,0,0,0,0,0,0,0,2,3,0,3,3,2,0,0,1,1,4,1,4,5,0,0,0,0
30,0,0,1,2,2,1,3,0,14,1,1,1,1,0,0,0,0,0,0,2,0,1,2,4,5,0,1,0,0,2,5,2,2,0,1,1,0
31,0,1,0,3,1,0,2,5,16,0,0,0,0,0,0,0,0,0,1,0,1,4,5,1,1,0,0,2,2,1,4,3,4,0,0,0,0
32,0,1,0,3,1,0,2,5,16,0,0,0,0,0,0,0,0,0,1,0,1,4,5,1,1,0,0,2,2,1,4,3,4,0,0,1,1
33,0,0,1,2,2,1,3,6,17,0,0,0,0,0,0,0,0,0,0,2,3,3,2,2,6,0,0,1,2,1,4,6,1,0,0,0,1
34,0,0,0,3,4,0,2,5,8,1,1,1,1,0,0,0,0,0,0,0,0,1,0,5,5,0,1,0,0,2,5,2,2,0,1,1,1
35,0,0,1,2,0,4,0,7,5,1,1,1,1,0,0,0,0,0,0,1,3,0,4,4,3,0,1,0,0,0,0,5,0,1,1,1,1
36,0,1,2,0,3,5,5,4,2,1,1,1,1,0,0,0,0,0,1,1,1,4,4,0,0,0,1,0,0,0,3,1,7,1,1,0,1
37,0,0,1,2,2,1,3,7,3,1,1,1,1,0,0,0,0,0,0,2,3,1,2,4,6,0,1,0,0,0,0,5,0,0,1,1,0
38,0,1,0,0,1,0,5,2,8,1,1,1,1,0,0,0,0,0,1,0,1,4,0,5,0,0,1,0,0,2,3,1,7,1,1,1,0
39,0,0,1,2,0,4,0,3,-1,0,0,0,0,0,0,0,0,0,0,2,3,0,3,3,2,0,0,1,1,4,1,4,5,1,0,0,0
40,0,1,2,0,1,5,5,4,2,1,1,1,1,0,0,0,0,0,1,0,1,4,4,0,0,0,1,0,0,2,3,1,7,1,1,0,1
41,0,1,2,1,3,2,1,4,18,0,0,0,0,0,0,0,0,0,1,1,2,2,1,0,7,0,0,2,3,3,2,0,6,1,0,1,1
42,0,0,0,3,4,3,6,0,8,1,1,1,1,0,0,0,0,0,0,0,0,1,0,5,5,0,1,0,0,2,5,2,2,0,1,0,1
43,0,0,1,2,0,4,0,3,19,0,0,0,0,0,0,0,0,0,0,2,3,0,2,3,2,0,0,1,1,4,1,4,5,0,0,1,1
44,0,1,2,0,1,5,5,4,20,0,0,0,0,0,0,0,0,0,1,0,1,4,1,1,0,0,0,2,3,3,2,0,3,1,0,1,1
45,0,1,2,1,0,4,4,3,-1,0,0,0,0,0,0,0,0,0,1,1,3,0,3,6,2,0,0,1,1,4,1,4,5,1,0,1,1
46,0,0,1,2,2,1,0,6,21,0,0,0,0,0,0,0,0,0,0,2,3,0,2,3,6,0,0,1,1,4,1,6,1,0,0,1,0
47,0,1,0,0,1,5,5,2,8,1,1,1,1,0,0,0,0,0,1,0,1,4,0,0,0,0,1,0,0,2,3,1,7,1,1,1,1
48,0,0,0,3,4,3,6,0,22,1,1,1,1,0,0,0,0,0,0,2,0,1,0,5,5,0,1,0,0,2,5,2,2,0,1,0,1
49,0,1,0,0,1,0,5,2,0,0,0,0,0,0,0,0,0,0,1,0,1,4,1,1,1,0,0,2,3,3,2,3,3,1,0,1,0
50,0,1,0,0,1,0,2,2,8,1,1,1,1,0,0,0,0,0,1,0,1,4,0,5,5,0,1,0,0,2,5,2,2,0,1,0,0
51,0,0,1,3,4,3,6,0,9,0,0,0,0,0,0,0,0,0,0,2,0,3,5,2,4,0,0,1,2,1,4,6,1,0,0,1,1
52,0,1,0,0,1,0,5,2,8,1,1,1,1,0,0,0,0,0,1,0,1,4,0,0,0,0,1,0,0,2,3,1,7,1,1,1,0
53,0,0,0,3,4,3,6,5,23,0,0,0,0,0,0,0,0,0,0,0,0,3,5,2,4,0,0,2,2,1,4,3,4,0,0,1,0
54,0,0,0,3,4,0,2,5,24,0,0,0,0,0,0,0,0,0,0,0,0,1,5,5,4,0,0,2,2,1,4,3,4,0,0,1,1
55,0,1,2,1,0,2,4,1,25,0,0,0,0,0,0,0,0,0,1,1,2,2,3,6,2,0,0,1,1,4,1,4,5,1,0,0,1
56,0,1,2,0,1,5,5,4,2,1,1,1,1,0,0,0,0,0,1,0,1,4,4,0,0,0,1,0,0,2,3,1,7,1,1,1,1
57,0,0,1,3,2,3,3,0,26,0,0,0,0,0,0,0,0,0,0,2,0,3,2,2,4,0,0,1,2,1,4,6,1,0,0,0,0
58,0,0,1,2,0,4,0,3,19,0,0,0,0,0,0,0,0,0,0,2,3,0,2,3,2,0,0,1,1,4,1,4,5,0,0,0,1
59,0,1,0,0,1,0,5,2,8,1,1,1,1,0,0,0,0,0,1,0,1,4,0,0,0,0,1,0,0,2,3,1,7,1,1,1,0
60,0,1,0,0,1,5,5,2,27,0,0,0,0,0,0,0,0,0,1,0,1,4,1,1,0,0,0,2,3,3,2,0,3,1,0,1,0
61,0,1,2,1,0,2,4,1,28,1,1,1,1,0,0,0,0,0,1,1,2,2,4,6,3,0,1,0,0,0,0,5,0,1,1,0,1
62,0,0,0,3,4,3,6,5,8,1,1,1,1,0,0,0,0,0,0,0,0,1,0,5,5,0,1,0,0,2,5,2,2,0,1,1,1
63,0,0,1,2,2,1,3,0,14,1,1,1,1,0,0,0,0,0,0,2,0,1,2,4,5,0,1,0,0,2,5,2,2,0,1,0,0
64,0,1,2,1,3,2,1,4,2,1,1,1,1,0,0,0,0,0,1,1,2,2,4,0,3,0,1,0,0,0,3,1,7,1,1,1,1
65,0,0,1,2,2,1,3,6,29,0,0,0,0,0,0,0,0,0,0,2,3,3,2,3,6,0,0,1,1,1,1,6,1,0,0,0,1
66,0,1,2,1,0,4,4,1,25,0,0,0,0,0,0,0,0,0,1,1,2,2,3,6,2,0,0,1,1,4,1,4,5,1,0,0,1
67,0,0,1,2,0,4,0,7,5,1,1,1,1,0,0,0,0,0,0,2,3,0,2,4,6,0,1,0,0,0,0,5,0,0,1,0,1
68,0,1,2,1,0,2,4,1,28,1,1,1,1,0,0,0,0,0,1,1,2,2,4,6,3,0,1,0,0,0,0,5,0,1,1,0,0
69,0,1,2,0,1,5,5,4,20,0,0,0,0,0,0,0,0,0,1,0,1,4,1,0,0,0,0,2,3,3,2,0,3,1,0,0,0
70,0,0,0,3,4,3,6,5,-1,0,0,0,0,0,0,0,0,0,0,0,0,1,5,2,4,0,0,2,2,1,4,3,4,0,0,1,1
71,0,1,2,0,3,5,5,4,30,0,0,0,0,0,0,0,0,0,1,1,1,4,1,0,0,0,0,2,3,3,2,0,6,1,0,1,1
72,0,1,0,0,1,5,5,2,8,1,1,1,1,0,0,0,0,0,1,0,1,4,0,0,0,0,1,0,0,2,3,1,7,1,1,0,0
73,0,0,1,2,0,4,0,7,5,1,1,1,1,0,0,0,0,0,0,2,3,0,4,4,3,0,1,0,0,0,0,5,0,0,1,0,0
74,0,0,1,3,4,3,6,0,9,0,0,0,0,0,0,0,0,0,0,2,0,3,5,2,4,0,0,1,2,1,4,6,1,0,0,0,0
75,0,1,0,0,1,0,2,2,8,1,1,1,1,0,0,0,0,0,1,0,1,4,0,5,5,0,1,0,0,2,5,2,2,0,1,1,0
76,0,1,2,1,0,2,4,1,28,1,1,1,1,0,0,0,0,0,1,1,2,2,4,6,3,0,1,0,0,0,0,5,0,1,1,1,1
77,0,1,0,0,1,0,5,2,0,0,0,0,0,0,0,0,0,0,1,0,1,4,1,1,1,0,0,2,3,3,2,3,3,1,0,0,1
78,0,0,2,1,0,4,4,7,1,1,1,1,1,0,0,0,0,0,1,1,2,0,4,6,3,0,1,0,0,0,0,5,0,1,1,1,1
79,0,1,2,1,3,2,1,1,2,1,1,1,1,0,0,0,0,0,1,1,2,2,4,0,3,0,1,0,0,0,3,1,7,1,1,0,0
80,0,1,2,0,3,5,1,4,2,1,1,1,1,0,0,0,0,0,1,1,2,2,4,0,0,0,1,0,0,0,3,1,7,1,1,0,1
81,0,0,1,2,0,4,0,3,12,0,0,0,0,0,0,0,0,0,0,2,3,0,3,3,2,0,0,1,1,4,1,4,5,1,0,1,0
82,0,0,1,2,2,4,0,7,-1,1,1,1,1,0,0,0,0,0,0,2,3,0,2,4,6,0,1,0,0,0,0,5,0,0,1,0,0
83,0,0,1,2,2,4,0,3,19,0,0,0,0,0,0,0,0,0,0,2,3,0,2,3,2,0,0,1,1,4,1,4,1,0,0,1,1
84,0,1,0,0,1,5,5,2,8,1,1,1,1,0,0,0,0,0,1,0,1,4,0,0,0,0,1,0,0,2,3,1,7,1,1,1,1
85,0,1,2,0,3,5,5,4,2,1,1,1,1,0,0,0,0,0,1,1,1,4,4,0,0,0,1,0,0,0,3,1,7,1,1,1,0
86,0,0,1,3,4,3,6,0,22,1,1,1,1,0,0,0,0,0,0,2,0,1,0,5,5,0,1,0,0,2,5,2,2,0,1,1,1
87,0,0,0,3,4,3,6,0,6,0,0,0,0,0,0,0,0,0,0,2,0,3,5,2,4,0,0,1,2,1,4,6,4,0,0,1,1
88,0,1,0,0,1,0,5,2,8,1,1,1,1,0,0,0,0,0,1,0,1,4,0,5,0,0,1,0,0,2,3,1,7,1,1,1,0
89,0,1,2,1,3,5,1,4,31,0,0,0,0,0,0,0,0,0,1,1,2,2,1,0,7,0,0,2,3,3,2,0,6,1,0,0,1
90,0,0,1,2,2,4,0,3,19,0,0,0,0,0,0,0,0,0,0,2,3,0,2,3,2,0,0,1,1,4,1,4,1,0,0,1,0
91,0,0,0,3,4,3,6,0,8,1,1,1,1,0,0,0,0,0,0,0,0,1,0,5,5,0,1,0,0,2,5,2,2,0,1,1,0
92,0,0,0,3,4,0,2,5,8,1,1,1,1,0,0,0,0,0,0,0,0,1,0,5,5,0,1,0,0,2,5,2,2,0,1,0,1
93,0,0,1,2,2,1,3,6,32,0,0,0,0,0,0,0,0,0,0,2,3,3,2,3,6,0,0,1,1,1,1,6,1,0,0,0,1
94,0,0,1,3,2,3,3,0,33,0,0,0,0,0,0,0,0,0,0,2,0,3,2,2,4,0,0,1,2,1,4,6,1,0,0,1,1
95,0,1,0,3,1,0,2,5,8,1,1,1,1,0,0,0,0,0,0,0,1,1,0,5,5,0,1,0,0,2,5,2,2,0,1,0,0
96,0,1,2,0,3,5,1,4,-1,-1,0,0,0,0,0,0,0,0,1,1,2,2,1,0,7,0,0,2,3,3,2,0,6,1,0,0,1
97,0,0,1,2,2,1,3,0,-1,1,1,1,1,0,0,0,0,0,0,2,0,1,2,4,6,0,1,0,0,2,5,2,2,0,1,1,1
98,0,1,2,0,3,5,1,4,30,0,0,0,0,0,0,0,0,0,1,1,2,2,1,0,0,0,0,2,3,3,2,0,6,1,0,1,0
99,0,0,1,2,2,1,3,6,11,0,0,0,0,0,0,0,0,0,0,2,3,0,2,3,6,0,0,1,1,4,1,6,1,0,0,0,1
100,0,1,0,0,1,0,2,2,-1,0,0,0,0,0,0,0,0,0,1,0,1,4,1,1,1,0,0,2,2,3,4,3,3,0,0,1,1
101,0,1,0,0,1,5,5,2,-1,1,1,1,1,0,0,0,0,0,1,0,1,4,1,0,0,0,1,0,0,2,3,1,7,1,1,0,1
102,0,1,2,0,3,5,5,4,20,0,0,0,0,0,0,0,0,0,1,0,1,4,1,0,0,0,0,2,3,3,2,0,3,1,0,0,1
103,0,0,1,2,2,4,0,7,5,1,1,1,1,0,0,0,0,0,0,2,3,0,2,4,6,0,1,0,0,0,0,5,0,0,1,1,0
104,0,1,2,1,0,4,4,3,-1,0,0,0,0,0,0,0,0,0,1,1,2,0,3,6,2,0,0,1,1,4,1,4,5,1,0,0,0
105,0,0,0,3,4,3,6,0,22,1,1,1,1,0,0,0,0,0,0,2,0,1,0,5,5,0,1,0,0,2,5,2,2,0,1,0,0
106,0,1,0,0,1,0,2,2,34,0,0,0,0,0,0,0,0,0,1,0,1,4,5,1,1,0,0,2,2,3,4,3,3,0,0,0,0
107,0,0,1,2,0,4,0,3,-1,0,0,0,0,0,0,0,0,0,0,2,3,0,3,3,2,0,0,1,1,4,1,4,5,1,0,1,0
108,0,1,2,1,3,2,1,4,2,1,1,1,1,0,0,0,0,0,1,1,2,2,4,0,3,0,1,0,0,0,3,1,7,1,1,1,1
109,0,0,0,3,4,3,6,0,6,0,0,0,0,0,0,0,0,0,0,0,0,3,5,2,4,0,0,2,2,1,4,3,4,0,0,0,1
110,0,1,2,1,0,2,4,1,28,1,1,1,1,0,0,0,0,0,1,1,2,2,4,6,3,0,1,0,0,0,0,5,0,1,1,1,1
111,0,1,2,1,0,4,4,3,35,0,0,0,0,0,0,0,0,0,1,1,2,0,3,6,2,0,0,1,1,4,1,4,5,1,0,0,1
112,0,0,0,3,4,3,2,5,-1,0,0,0,0,0,0,0,0,0,0,0,0,1,5,5,4,0,0,2,2,1,4,3,4,0,0,0,1
113,0,1,2,1,0,4,4,1,25,0,0,0,0,0,0,0,0,0,1,1,2,2,3,6,2,0,0,1,1,4,1,4,5,1,0,0,1
114,0,0,1,2,2,1,3,7,3,1,1,1,1,0,0,0,0,0,0,2,3,0,2,4,6,0,1,0,0,0,0,5,0,0,1,0,1
115,0,0,1,2,2,1,3,0,-1,1,1,1,1,0,0,0,0,0,0,2,0,1,2,4,5,0,1,0,0,2,5,2,2,0,1,0,0
116,0,0,0,3,4,0,2,5,-1,1,1,1,1,0,0,0,0,0,0,0,0,1,0,5,5,0,1,0,0,2,5,2,2,0,1,1,0
117,0,1,2,1,3,2,1,1,2,1,1,1,1,0,0,0,0,0,1,1,2,2,4,6,3,0,1,0,0,0,3,1,7,1,1,0,0
118,0,0,1,2,2,1,3,6,36,0,0,0,0,0,0,0,0,0,0,2,3,0,2,3,6,0,0,1,1,4,1,6,1,0,0,1,0
119,0,0,1,2,2,1,3,6,17,0,0,0,0,0,0,0,0,0,0,2,3,3,2,2,6,0,0,1,2,1,4,6,1,0,0,0,0
120,0,0,1,2,2,1,3,0,14,1,1,1,1,0,0,0,0,0,0,2,0,1,2,4,5,0,1,0,0,2,5,2,2,0,1,1,0
121,0,1,2,1,3,2,1,4,18,0,0,0,0,0,0,0,0,0,1,1,2,2,1,0,7,0,0,2,3,3,2,0,6,1,0,1,1
122,0,0,0,3,4,3,2,5,-1,0,0,0,0,0,0,0,0,0,0,0,0,1,5,5,4,0,0,2,2,1,4,3,4,0,0,1,1
123,0,1,0,0,1,0,2,2,8,1,1,1,1,0,0,0,0,0,1,0,1,4,0,5,5,0,1,0,0,2,5,2,2,0,1,1,1
124,0,0,0,3,4,3,6,0,22,1,1,1,1,0,0,0,0,0,0,2,0,1,0,5,5,0,1,0,0,2,5,2,2,0,1,1,1
125,0,0,1,2,0,4,0,3,12,0,0,0,0,0,0,0,0,0,0,2,3,0,3,3,2,0,0,1,1,4,1,4,5,0,0,0,1
126,0,1,2,0,3,5,1,4,30,0,0,0,0,0,0,0,0,0,1,1,2,2,1,0,0,0,0,2,3,3,2,0,6,1,0,1,1
127,0,0,0,3,4,3,6,0,8,1,1,1,1,0,0,0,0,0,0,0,0,1,0,5,5,0,1,0,0,2,5,2,2,0,1,1,0
128,0,0,0,3,4,0,2,5,8,1,1,1,1,0,0,0,0,0,0,0,0,1,0,5,5,0,1,0,0,2,5,2,2,0,1,1,0
129,0,0,0,3,4,3,6,0,22,1,1,1,1,0,0,0,0,0,0,2,0,1,0,5,5,0,1,0,0,2,5,2,2,0,1,1,1
130,0,0,1,2,0,4,0,7,5,1,1,1,1,0,0,0,0,0,0,2,3,0,4,4,3,0,1,0,0,0,0,5,0,0,1,0,1
131,0,0,1,2,0,4,0,3,37,0,0,0,0,0,0,0,0,0,0,2,3,0,3,3,2,0,0,1,1,4,1,4,5,0,0,1,0
132,0,1,2,1,3,2,1,4,2,1,1,1,1,0,0,0,0,0,1,1,2,2,4,0,3,0,1,0,0,0,3,1,7,1,1,1,0
133,0,1,2,0,3,5,1,4,30,0,0,0,0,0,0,0,0,0,1,1,2,2,1,0,0,0,0,2,3,3,2,0,6,1,0,0,1
134,0,1,2,1,3,2,1,4,2,1,1,1,1,0,0,0,0,0,1,1,2,2,4,0,3,0,1,0,0,0,3,1,7,1,1,0,0
135,0,0,1,2,0,4,0,7,5,1,1,1,1,0,0,0,0,0,0,1,3,0,4,4,3,0,1,0,0,0,0,5,0,1,1,1,0
136,0,0,1,2,2,1,3,7,3,1,1,1,1,0,0,0,0,0,0,2,3,0,2,4,6,0,1,0,0,0,0,5,0,0,1,0,0
137,0,0,1,2,2,1,3,7,3,1,1,1,1,0,0,0,0,0,0,2,3,0,2,4,6,0,1,0,0,0,0,5,0,0,1,0,1
138,0,0,1,2,2,1,3,7,3,1,1,1,1,0,0,0,0,0,0,2,3,0,2,4,6,0,1,0,0,0,0,5,0,0,1,0,1
139,0,0,1,2,2,1,3,6,38,0,0,0,0,0,0,0,0,0,0,2,3,3,2,2,6,0,0,1,2,1,4,6,1,0,0,0,1
140,0,0,1,2,2,1,3,6,-1,0,0,0,0,0,0,0,0,0,0,2,3,3,2,3,6,0,0,1,1,1,1,6,1,0,0,1,1
141,0,1,2,1,3,2,1,4,31,0,0,0,0,0,0,0,0,0,1,1,2,2,1,0,7,0,0,2,3,3,2,0,6,1,0,1,1
142,0,1,2,0,3,5,5,4,-1,0,0,0,0,0,0,0,0,0,1,0,1,4,1,0,0,0,0,2,3,3,2,0,3,1,0,0,0
143,0,1,2,1,3,2,4,1,15,0,0,0,0,0,0,0,0,0,1,1,2,2,3,6,7,0,0,1,1,4,1,4,5,1,0,0,1
144,0,0,1,2,0,4,0,7,5,1,1,1,1,0,0,0,0,0,0,1,3,0,4,4,3,0,1,0,0,0,0,5,0,1,1,1,0
145,0,1,2,1,0,4,4,3,35,0,0,0,0,0,0,0,0,0,1,1,2,0,3,6,2,0,0,1,1,4,1,4,5,1,0,0,1
146,0,1,2,0,3,5,5,4,2,1,1,1,1,0,0,0,0,0,1,1,1,4,4,0,0,0,1,0,0,0,3,1,7,1,1,1,0
147,0,1,0,0,1,5,5,2,-1,1,1,1,1,0,0,0,0,0,1,0,1,4,0,0,0,0,1,0,0,2,3,1,7,1,1,1,0
148,0,0,1,1,0,4,0,3,7,0,0,0,0,0,0,0,0,0,0,1,3,0,3,3,2,0,0,1,1,4,1,4,5,1,0,1,0
149,0,1,2,1,0,4,4,3,-1,0,0,0,0,0,0,0,0,0,1,1,2,0,3,6,2,0,0,1,1,4,1,4,5,1,0,1,1
150,0,0,0,3,4,3,6,5,23,0,0,0,0,0,0,0,0,0,0,0,0,3,5,2,4,0,0,2,2,1,4,3,4,0,0,0,1
151,0,0,0,3,4,0,2,5,8,1,1,1,1,0,0,0,0,0,0,0,0,1,0,5,5,0,1,0,0,2,5,2,2,0,1,0,1
152,0,0,0,3,4,0,2,5,24,0,0,0,0,0,0,0,0,0,0,0,0,1,5,5,4,0,0,2,2,1,4,3,4,0,0,0,0
153,0,0,1,1,0,4,4,7,1,1,1,1,1,0,0,0,0,0,1,1,3,0,4,4,3,0,1,0,0,0,0,5,0,1,1,1,1
154,0,0,0,3,4,0,2,5,39,0,0,0,0,0,0,0,0,0,0,0,0,1,5,5,1,0,0,2,2,1,4,3,4,0,0,0,0
155,0,1,2,1,3,2,4,1,15,0,0,0,0,0,0,0,0,0,1,1,2,2,3,6,7,0,0,1,1,4,1,4,5,1,0,1,0
156,0,1,2,0,3,5,5,4,30,0,0,0,0,0,0,0,0,0,1,1,1,4,1,0,0,0,0,2,3,3,2,0,6,1,0,1,0
157,0,1,2,1,0,2,4,1,15,0,0,0,0,0,0,0,0,0,1,1,2,2,3,6,7,0,0,1,1,4,1,4,5,1,0,1,0
158,0,0,0,3,4,0,2,5,8,1,1,1,1,0,0,0,0,0,0,0,0,1,0,5,5,0,1,0,0,2,5,2,2,0,1,0,1
159,0,1,2,1,0,2,4,1,-1,0,0,0,0,0,0,0,0,0,1,1,2,2,3,6,7,0,0,1,1,4,1,4,5,1,0,1,0
160,0,1,2,1,3,2,1,1,2,1,1,1,1,0,0,0,0,0,1,1,2,2,4,6,3,0,1,0,0,0,3,1,7,1,1,0,1
161,0,0,1,2,0,4,0,3,19,0,0,0,0,0,0,0,0,0,0,2,3,0,2,3,2,0,0,1,1,4,1,4,5,0,0,0,0
162,0,1,2,0,3,5,1,4,30,0,0,0,0,0,0,0,0,0,1,1,1,4,1,0,0,0,0,2,3,3,2,0,6,1,0,1,1
163,0,0,0,3,4,3,6,5,8,1,1,1,1,0,0,0,0,0,0,0,0,1,0,5,5,0,1,0,0,2,5,2,2,0,1,0,1
164,0,0,1,2,0,4,0,3,12,0,0,0,0,0,0,0,0,0,0,2,3,0,3,3,2,0,0,1,1,4,1,4,5,0,0,1,1
165,0,1,0,0,1,5,5,2,27,0,0,0,0,0,0,0,0,0,1,0,1,4,1,1,0,0,0,2,3,3,2,0,3,1,0,1,0
166,0,0,0,3,4,3,6,0,8,1,1,1,1,0,0,0,0,0,0,0,0,1,0,5,5,0,1,0,0,2,5,2,2,0,1,0,0
167,0,1,2,1,3,2,1,4,2,1,1,1,1,0,0,0,0,0,1,1,2,2,4,0,3,0,1,0,0,0,3,1,7,1,1,0,0
168,0,0,2,1,0,4,4,7,1,1,1,1,1,0,0,0,0,0,1,1,2,0,4,4,3,0,1,0,0,0,0,5,0,1,1,1,0
169,0,0,1,2,2,4,0,7,5,1,1,1,1,0,0,0,0,0,0,2,3,0,2,4,6,0,1,0,0,0,0,5,0,0,1,0,0
170,0,0,1,2,2,1,3,7,3,1,1,1,1,0,0,0,0,0,0,2,3,0,2,4,6,0,1,0,0,0,0,5,0,0,1,1,0
171,0,0,0,3,4,3,6,0,40,0,0,0,0,0,0,0,0,0,0,2,0,3,5,2,4,0,0,1,2,1,4,6,4,0,0,0,1
172,0,0,1,2,0,4,0,7,5,1,1,1,1,0,0,0,0,0,0,2,3,0,2,4,6,0,1,0,0,0,0,5,0,0,1,1,0
173,0,1,0,0,1,0,2,2,8,1,1,1,1,0,0,0,0,0,1,0,1,1,0,5,5,0,1,0,0,2,5,2,2,0,1,0,0
174,0,0,1,2,0,4,0,7,5,1,1,1,1,0,0,0,0,0,0,1,3,0,4,4,3,0,1,0,0,0,0,5,0,1,1,1,1
175,0,0,1,2,2,1,3,6,36,0,0,0,0,0,0,0,0,0,0,2,3,0,2,3,6,0,0,1,1,4,1,6,1,0,0,0,0
176,0,1,2,0,3,5,5,4,2,1,1,1,1,0,0,0,0,0,1,1,1,4,4,0,0,0,1,0,0,0,3,1,7,1,1,1,0
177,0,1,2,1,3,2,1,4,18,0,0,0,0,0,0,0,0,0,1,1,2,2,1,0,7,0,0,2,3,3,2,0,6,1,0,0,1
178,0,1,2,1,3,2,1,4,2,1,1,1,1,0,0,0,0,0,1,1,2,2,4,0,3,0,1,0,0,0,3,1,7,1,1,0,1
179,0,0,1,2,2,1,3,7,3,1,1,1,1,0,0,0,0,0,0,2,3,0,2,4,6,0,1,0,0,0,0,5,0,0,1,0,0
180,0,1,0,0,1,5,5,2,8,1,1,1,1,0,0,0,0,0,1,0,1,4,0,0,0,0,1,0,0,2,3,1,7,1,1,1,0
181,0,0,0,3,4,3,6,0,41,0,0,0,0,0,0,0,0,0,0,2,0,3,5,2,4,0,0,1,2,1,4,6,1,0,0,0,0
182,0,1,0,0,1,0,5,2,42,0,0,0,0,0,0,0,0,0,1,0,1,4,1,1,1,0,0,2,3,3,2,3,3,1,0,1,1
183,0,0,1,2,0,4,0,7,5,1,1,1,1,0,0,0,0,0,0,2,3,0,4,4,3,0,1,0,0,0,0,5,0,0,1,0,0
184,0,1,2,0,3,5,1,4,30,0,0,0,0,0,0,0,0,0,1,1,1,4,1,0,0,0,0,2,3,3,2,0,6,1,0,1,0
185,0,1,0,0,1,0,5,2,8,1,1,1,1,0,0,0,0,0,1,0,1,4,0,0,0,0,1,0,0,2,3,1,7,1,1,0,0
186,0,0,1,3,2,3,3,0,43,1,1,1,1,0,0,0,0,0,0,2,0,1,0,4,5,0,1,0,0,2,5,2,2,0,1,0,0
187,0,0,1,2,2,1,3,0,14,1,1,1,1,0,0,0,0,0,0,2,0,1,2,4,5,0,1,0,0,2,5,2,2,0,1,0,1
188,0,1,2,0,3,5,5,4,2,1,1,1,1,0,0,0,0,0,1,1,1,4,4,0,0,0,1,0,0,0,3,1,7,1,1,0,0
189,0,1,0,0,1,5,5,2,44,0,0,0,0,0,0,0,0,0,1,0,1,4,1,1,1,0,0,2,3,3,2,0,3,1,0,0,0
190,0,1,2,0,3,5,1,4,2,1,1,1,1,0,0,0,0,0,1,1,2,2,4,0,3,0,1,0,0,0,3,1,7,1,1,1,0
191,0,0,1,2,2,1,3,7,3,1,1,1,1,0,0,0,0,0,0,2,3,1,2,4,6,0,1,0,0,0,0,5,0,0,1,0,0
192,0,1,0,0,1,5,5,2,0,0,0,0,0,0,0,0,0,0,1,0,1,4,1,1,1,0,0,2,3,3,2,3,3,1,0,0,1
193,0,1,2,1,3,2,1,4,2,1,1,1,1,0,0,0,0,0,1,1,2,2,4,0,3,0,1,0,0,0,3,1,7,1,1,1,1
194,0,0,1,2,2,1,3,7,4,1,1,1,1,0,0,0,0,0,0,2,3,0,2,4,6,0,1,0,0,0,0,5,0,0,1,0,0
195,0,1,2,0,3,5,1,4,2,1,1,1,1,0,0,0,0,0,1,1,2,2,4,0,0,0,1,0,0,0,3,1,7,1,1,0,0
196,0,0,0,3,4,3,6,5,8,1,1,1,1,0,0,0,0,0,0,0,0,1,0,5,5,0,1,0,0,2,5,2,2,0,1,0,1
197,0,1,0,0,1,5,5,2,-1,0,0,0,0,0,0,0,0,0,1,0,1,4,1,1,1,0,0,2,3,3,2,3,3,1,0,1,1
198,0,1,2,1,0,2,4,1,15,0,0,0,0,0,0,0,0,0,1,1,2,2,3,6,7,0,0,1,1,4,1,4,5,1,0,0,1
199,0,0,1,2,2,1,3,6,29,0,0,0,0,0,0,0,0,0,0,2,3,3,2,3,6,0,0,1,1,1,1,6,1,0,0,0,0
200,0,0,0,3,4,3,6,5,23,0,0,0,0,0,0,0,0,0,0,0,0,3,5,2,4,0,0,2,2,1,4,3,4,0,0,1,0
201,0,0,0,3,4,3,6,0,40,0,0,0,0,0,0,0,0,0,0,2,0,3,5,2,4,0,0,1,2,1,4,6,4,0,0,0,0
202,0,0,0,3,4,3,6,5,45,0,0,0,0,0,0,0,0,0,0,0,0,3,5,2,4,0,0,2,2,1,4,3,4,0,0,1,0
203,0,0,1,2,0,4,0,7,5,1,1,1,1,0,0,0,0,0,0,2,3,0,2,4,3,0,1,0,0,0,0,5,0,0,1,0,0
204,0,0,1,3,4,3,6,0,-1,0,0,0,0,0,0,0,0,0,0,2,0,3,5,2,4,0,0,1,2,1,4,6,1,0,0,0,1
205,0,1,2,1,0,4,4,7,1,1,1,1,1,0,0,0,0,0,1,1,2,0,4,4,3,0,1,0,0,0,0,5,0,1,1,1,1
206,0,0,1,2,0,4,0,3,12,0,0,0,0,0,0,0,0,0,0,2,3,0,3,3,2,0,0,1,1,4,1,4,5,0,0,1,1
207,0,0,1,3,4,3,6,0,22,1,1,1,1,0,0,0,0,0,0,2,0,1,0,5,5,0,1,0,0,2,5,2,2,0,1,0,0
208,0,1,2,0,3,5,1,4,30,0,0,0,0,0,0,0,0,0,1,1,1,4,1,0,0,0,0,2,3,3,2,0,6,1,0,0,1
209,0,1,2,0,3,5,1,4,2,1,1,1,1,0,0,0,0,0,1,1,2,2,4,0,0,0,1,0,0,0,3,1,7,1,1,0,1
210,0,1,2,1,0,4,4,1,1,1,1,1,1,0,0,0,0,0,1,1,2,2,4,6,3,0,1,0,0,0,0,5,0,1,1,1,0
211,0,0,0,3,4,3,6,5,-1,0,0,0,0,0,0,0,0,0,0,0,0,3,5,2,4,0,0,2,2,1,4,3,4,0,0,1,0
212,0,1,0,0,1,0,5,2,-1,0,0,0,0,0,0,0,0,0,1,0,1,4,1,1,1,0,0,2,3,3,2,3,3,1,0,0,0
213,0,0,1,2,2,1,3,0,-1,1,1,1,1,0,0,0,0,0,0,2,0,1,0,4,5,0,1,0,0,2,5,2,2,0,1,0,1
214,0,1,2,1,0,4,4,3,35,0,0,0,0,0,0,0,0,0,1,1,2,0,3,6,2,0,0,1,1,4,1,4,5,1,0,0,1
215,0,0,0,3,4,3,6,0,46,1,1,1,1,0,0,0,0,0,0,2,0,1,0,5,5,0,1,0,0,2,5,2,2,0,1,0,0
216,0,1,2,1,0,2,4,1,15,0,0,0,0,0,0,0,0,0,1,1,2,2,3,6,7,0,0,1,1,4,1,4,5,1,0,0,1
217,0,0,0,3,4,3,6,5,23,0,0,0,0,0,0,0,0,0,0,0,0,3,5,2,4,0,0,2,2,1,4,3,4,0,0,1,1
218,0,1,2,1,0,4,4,3,35,0,0,0,0,0,0,0,0,0,1,1,2,0,3,6,2,0,0,1,1,4,1,4,5,1,0,0,1
219,0,1,2,1,0,4,4,7,1,1,1,1,1,0,0,0,0,0,1,1,2,2,4,6,3,0,1,0,0,0,0,5,0,1,1,1,0
220,0,1,2,1,3,2,1,1,47,0,0,0,0,0,0,0,0,0,1,1,2,2,3,6,7,0,0,2,3,3,2,0,6,1,0,0,1
221,0,1,0,0,1,0,2,2,34,0,0,0,0,0,0,0,0,0,1,0,1,4,5,1,1,0,0,2,2,3,4,3,3,0,0,0,1
222,0,0,1,1,0,4,4,3,48,0,0,0,0,0,0,0,0,0,0,1,3,0,3,3,2,0,0,1,1,4,1,4,5,1,0,0,1
223,0,1,0,0,1,0,5,2,0,0,0,0,0,0,0,0,0,0,1,0,1,4,1,1,1,0,0,2,3,3,2,3,3,1,0,1,1
224,0,0,0,3,4,3,6,0,8,1,1,1,1,0,0,0,0,0,0,0,0,1,0,5,5,0,1,0,0,2,5,2,2,0,1,1,0
225,0,1,2,0,3,5,1,4,2,1,1,1,1,0,0,0,0,0,1,1,2,2,4,0,0,0,1,0,0,0,3,1,7,1,1,1,1
226,0,0,1,2,2,1,3,0,33,0,0,0,0,0,0,0,0,0,0,2,0,3,2,2,4,0,0,1,2,1,4,6,1,0,0,0,0
227,0,0,1,1,0,4,0,3,7,0,0,0,0,0,0,0,0,0,0,1,3,0,3,3,2,0,0,1,1,4,1,4,5,1,0,0,0
228,0,1,0,3,1,0,2,5,49,0,0,0,0,0,0,0,0,0,1,0,1,4,5,1,1,0,0,2,2,1,4,3,3,0,0,1,1
229,0,0,1,3,4,3,6,0,-1,0,0,0,0,0,0,0,0,0,0,2,0,3,5,2,4,0,0,1,2,1,4,6,1,0,0,1,0
230,0,0,1,3,4,3,6,0,22,1,1,1,1,0,0,0,0,0,0,2,0,1,0,5,5,0,1,0,0,2,5,2,2,0,1,1,1
231,0,1,0,3,1,0,2,5,-1,0,0,0,0,0,0,0,0,0,1,0,1,4,5,1,1,0,0,2,2,1,4,3,4,0,0,1,0
232,0,1,2,1,0,2,4,1,28,1,1,1,1,0,0,0,0,0,1,1,2,2,4,6,3,0,1,0,0,0,0,5,0,1,1,0,1
233,0,1,0,0,1,0,2,2,34,0,0,0,0,0,0,0,0,0,1,0,1,4,5,1,1,0,0,2,2,3,4,3,3,0,0,0,1
234,0,1,0,0,1,0,2,2,8,1,1,1,1,0,0,0,0,0,1,0,1,4,0,5,5,0,1,0,0,2,5,2,2,0,1,0,0
235,0,0,1,2,2,1,3,0,14,1,1,1,1,0,0,0,0,0,0,2,0,1,2,4,5,0,1,0,0,2,5,2,2,0,1,1,1
236,0,1,2,1,0,2,4,1,28,1,1,1,1,0,0,0,0,0,1,1,2,2,4,6,3,0,1,0,0,0,0,5,0,1,1,1,1
237,0,0,0,3,4,3,6,5,-1,0,0,0,0,0,0,0,0,0,0,0,0,1,5,5,4,0,0,2,2,1,4,3,4,0,0,0,0
238,0,0,1,2,2,1,3,6,17,0,0,0,0,0,0,0,0,0,0,2,3,3,2,2,6,0,0,1,2,1,4,6,1,0,0,1,1
239,0,1,0,0,1,0,5,2,8,1,1,1,1,0,0,0,0,0,1,0,1,4,0,5,0,0,1,0,0,2,3,1,7,1,1,0,1
240,0,0,1,2,2,1,3,6,38,0,0,0,0,0,0,0,0,0,0,2,0,3,2,2,6,0,0,1,2,1,4,6,1,0,0,0,1
241,0,0,0,3,4,0,2,5,-1,0,0,0,0,0,0,0,0,0,0,0,1,1,5,1,1,0,0,2,2,1,4,3,4,0,0,1,0
242,0,1,2,1,3,2,1,1,2,1,1,1,1,0,0,0,0,0,1,1,2,2,4,6,3,0,1,0,0,0,3,1,7,1,1,0,1
243,0,1,2,1,0,4,4,7,1,1,1,1,1,0,0,0,0,0,1,1,2,0,4,6,3,0,1,0,0,0,0,5,0,1,1,1,0
244,0,0,0,3,4,3,6,0,22,1,1,1,1,0,0,0,0,0,0,2,0,1,0,5,5,0,1,0,0,2,5,2,2,0,1,1,1
245,0,0,0,3,4,0,2,5,8,1,1,1,1,0,0,0,0,0,0,0,0,1,0,5,5,0,1,0,0,2,5,2,2,0,1,1,0
246,0,1,0,0,1,0,5,2,8,1,1,1,1,0,0,0,0,0,1,0,1,4,0,5,0,0,1,0,0,2,3,1,7,1,1,1,1
247,0,0,1,2,0,4,0,3,12,0,0,0,0,0,0,0,0,0,0,2,3,0,3,3,2,0,0,1,1,4,1,4,5,0,0,0,1
248,0,0,0,3,4,3,2,5,24,0,0,0,0,0,0,0,0,0,0,0,0,1,5,5,4,0,0,2,2,1,4,3,4,0,0,0,1
249,0,1,2,1,3,2,1,1,47,0,0,0,0,0,0,0,0,0,1,1,2,2,3,6,7,0,0,2,3,3,2,0,6,1,0,0,1
250,0,0,1,2,0,4,0,7,5,1,1,1,1,0,0,0,0,0,0,2,3,0,2,4,3,0,1,0,0,0,0,5,0,0,1,1,1
251,0,0,0,3,4,3,6,0,41,0,0,0,0,0,0,0,0,0,0,2,0,3,5,2,4,0,0,1,2,1,4,6,1,0,0,1,1
252,0,1,2,1,3,2,1,1,47,0,0,0,0,0,0,0,0,0,1,1,2,2,3,6,7,0,0,2,3,3,2,0,6,1,0,1,0
253,0,1,2,1,3,2,1,1,10,0,0,0,0,0,0,0,0,0,1,1,2,2,3,6,7,0,0,2,3,3,2,0,6,1,0,0,0
254,0,1,0,0,1,0,5,2,0,0,0,0,0,0,0,0,0,0,1,0,1,4,1,1,1,0,0,2,3,3,2,3,3,1,0,1,1
255,0,1,0,0,1,5,5,2,44,0,0,0,0,0,0,0,0,0,1,0,1,4,1,1,1,0,0,2,3,3,2,0,3,1,0,1,1
256,0,1,2,0,3,5,1,4,-1,0,0,0,0,0,0,0,0,0,1,1,2,2,1,0,0,0,0,2,3,3,2,0,6,1,0,1,0
257,0,0,1,2,2,1,3,6,32,0,0,0,0,0,0,0,0,0,0,2,3,3,2,3,6,0,0,1,1,1,1,6,1,0,0,1,0
258,0,1,2,1,0,2,4,1,28,1,1,1,1,0,0,0,0,0,1,1,2,2,4,6,3,0,1,0,0,0,0,5,0,1,1,0,0
259,0,0,1,2,2,4,0,3,19,0,0,0,0,0,0,0,0,0,0,2,3,0,2,3,2,0,0,1,1,4,1,4,1,0,0,0,1
260,0,1,2,0,3,5,5,4,20,0,0,0,0,0,0,0,0,0,1,0,1,4,1,0,0,0,0,2,3,3,2,0,3,1,0,1,1
261,0,1,2,1,3,2,1,1,47,0,0,0,0,0,0,0,0,0,1,1,2,2,3,6,7,0,0,2,3,3,2,0,6,1,0,1,0
262,0,1,2,1,3,2,1,4,2,1,1,1,1,0,0,0,0,0,1,1,2,2,4,0,3,0,1,0,0,0,3,1,7,1,1,0,0
263,0,1,2,1,3,2,1,1,-1,0,0,0,0,0,0,0,0,0,1,1,2,2,3,6,7,0,0,2,3,3,2,0,6,1,0,0,0
264,0,1,0,0,1,0,2,2,8,1,1,1,1,0,0,0,0,0,1,0,1,4,0,5,5,0,1,0,0,2,5,2,2,0,1,0,0
265,0,0,0,3,4,0,2,5,8,1,1,1,1,0,0,0,0,0,0,0,0,1,0,5,5,0,1,0,0,2,5,2,2,0,1,1,0
266,0,0,1,2,2,1,3,0,14,1,1,1,1,0,0,0,0,0,0,2,0,1,2,4,6,0,1,0,0,2,5,2,2,0,1,1,1
267,0,0,1,2,2,1,0,6,50,0,0,0,0,0,0,0,0,0,0,2,3,0,2,3,6,0,0,1,1,4,1,6,1,0,0,0,1
268,0,1,2,1,3,2,4,1,-1,0,0,0,0,0,0,0,0,0,1,1,2,2,3,6,7,0,0,1,1,4,1,4,5,1,0,1,1
269,0,0,0,3,4,3,6,0,8,1,1,1,1,0,0,0,0,0,0,0,0,1,0,5,5,0,1,0,0,2,5,2,2,0,1,1,1
270,0,0,0,3,4,0,2,5,8,1,1,1,1,0,0,0,0,0,0,0,0,1,0,5,5,0,1,0,0,2,5,2,2,0,1,1,1
271,0,0,0,3,4,3,6,0,6,0,0,0,0,0,0,0,0,0,0,0,0,3,5,2,4,0,0,1,2,1,4,3,4,0,0,1,1
272,0,0,1,2,2,1,3,0,14,1,1,1,1,0,0,0,0,0,0,2,0,1,2,4,5,0,1,0,0,2,5,2,2,0,1,1,1
273,0,1,0,0,1,0,5,2,8,1,1,1,1,0,0,0,0,0,1,0,1,4,0,5,0,0,1,0,0,2,3,1,7,1,1,0,0
274,0,0,0,3,4,3,2,5,24,0,0,0,0,0,0,0,0,0,0,0,0,1,5,5,4,0,0,2,2,1,4,3,4,0,0,0,0
275,0,0,1,2,2,1,0,6,-1,0,0,0,0,0,0,0,0,0,0,2,3,0,2,3,6,0,0,1,1,4,1,6,1,0,0,0,1
276,0,1,0,0,1,0,5,2,0,0,0,0,0,0,0,0,0,0,1,0,1,4,1,1,1,0,0,2,3,3,2,3,3,1,0,1,0
277,0,1,0,0,1,0,5,2,8,1,1,1,1,0,0,0,0,0,1,0,1,4,0,5,0,0,1,0,0,2,3,1,7,1,1,0,0
278,0,1,0,0,1,0,5,2,8,1,1,1,1,0,0,0,0,0,1,0,1,4,0,5,0,0,1,0,0,2,3,1,7,1,1,1,0
279,0,1,0,0,1,0,5,2,8,1,1,1,1,0,0,0,0,0,1,0,1,4,0,5,0,0,1,0,0,2,3,1,7,1,1,0,1
280,0,0,1,2,2,1,0,6,21,0,0,0,0,0,0,0,0,0,0,2,3,0,2,3,6,0,0,1,1,4,1,6,1,0,0,1,0
281,0,0,0,3,4,0,2,5,8,1,1,1,1,0,0,0,0,0,0,0,0,1,0,5,5,0,1,0,0,2,5,2,2,0,1,1,1
282,0,0,1,2,2,1,3,6,-1,0,0,0,0,0,0,0,0,0,0,2,3,3,2,2,6,0,0,1,2,1,4,6,1,0,0,0,0
283,0,0,1,2,2,1,0,6,50,0,0,0,0,0,0,0,0,0,0,2,3,0,2,3,6,0,0,1,1,4,1,6,1,0,0,0,1
284,0,0,1,2,2,1,3,6,-1,0,0,0,0,0,0,0,0,0,0,2,3,0,2,3,6,0,0,1,1,4,1,6,1,0,0,0,0
285,0,0,1,2,0,4,0,3,12,0,0,0,0,0,0,0,0,0,0,2,3,0,3,3,2,0,0,1,1,4,1,4,5,0,0,1,0
286,0,1,2,1,0,2,4,1,28,1,1,1,1,0,0,0,0,0,1,1,2,2,4,6,3,0,1,0,0,0,0,5,0,1,1,0,0
287,0,1,2,0,3,5,5,4,30,0,0,0,0,0,0,0,0,0,1,1,1,4,1,0,0,0,0,2,3,3,2,0,6,1,0,0,0
288,0,1,2,1,3,2,4,1,15,0,0,0,0,0,0,0,0,0,1,1,2,2,3,6,7,0,0,1,1,4,1,4,5,1,0,1,1
289,0,0,1,2,2,1,0,6,50,0,0,0,0,0,0,0,0,0,0,2,3,0,2,3,6,0,0,1,1,4,1,6,1,0,0,1,1
290,0,0,1,2,0,4,0,3,37,0,0,0,0,0,0,0,0,0,0,2,3,0,3,3,2,0,0,1,1,4,1,4,5,0,0,1,0
291,0,0,0,3,4,0,2,5,39,0,0,0,0,0,0,0,0,0,0,0,0,1,5,5,1,0,0,2,2,1,4,3,4,0,0,1,0
292,0,1,0,0,1,0,2,2,34,0,0,0,0,0,0,0,0,0,1,0,1,4,5,1,1,0,0,2,2,3,4,3,3,0,0,0,0
293,0,0,0,3,4,3,6,0,41,0,0,0,0,0,0,0,0,0,0,2,0,3,5,2,4,0,0,1,2,1,4,6,1,0,0,1,1
294,0,0,0,3,4,3,6,0,46,1,1,1,1,0,0,0,0,0,0,2,0,1,0,5,5,0,1,0,0,2,5,2,2,0,1,0,0
295,0,0,0,3,4,3,6,5,8,1,1,1,1,0,0,0,0,0,0,0,0,1,0,5,5,0,1,0,0,2,5,2,2,0,1,0,1
296,0,1,2,1,3,2,1,1,51,0,0,0,0,0,0,0,0,0,1,1,2,2,3,6,7,0,0,2,3,3,2,0,6,1,0,0,1
297,0,1,2,1,3,2,4,1,28,1,1,1,1,0,0,0,0,0,1,1,2,2,4,6,3,0,1,0,0,0,0,5,0,1,1,0,0
298,0,1,0,0,1,0,2,2,8,1,1,1,1,0,0,0,0,0,1,0,1,4,0,5,5,0,1,0,0,2,3,1,7,0,1,1,0
299,0,1,2,0,1,5,5,4,20,0,0,0,0,0,0,0,0,0,1,0,1,4,1,0,0,0,0,2,3,3,2,0,3,1,0,1,1
300,0,1,2,0,3,5,1,4,2,1,1,1,1,0,0,0,0,0,1,1,2,2,4,0,0,0,1,0,0,0,3,1,7,1,1,1,0
301,0,1,2,0,3,5,1,4,2,1,1,1,1,0,0,0,0,0,1,1,1,2,4,0,0,0,1,0,0,0,3,1,7,1,1,0,1
302,0,1,2,1,0,2,4,1,25,0,0,0,0,0,0,0,0,0,1,1,2,2,3,6,7,0,0,1,1,4,1,4,5,1,0,1,0
303,0,1,2,1,3,2,1,1,2,1,1,1,1,0,0,0,0,0,1,1,2,2,4,0,3,0,1,0,0,0,3,1,7,1,1,0,0
304,0,0,0,3,4,3,6,0,22,1,1,1,1,0,0,0,0,0,0,2,0,1,0,5,5,0,1,0,0,2,5,2,2,0,1,0,0
305,0,0,1,2,0,4,0,7,5,1,1,1,1,0,0,0,0,0,0,1,3,0,4,4,3,0,1,0,0,0,0,5,0,1,1,1,1
306,0,0,1,2,0,4,0,3,37,0,0,0,0,0,0,0,0,0,0,2,3,0,3,3,2,0,0,1,1,4,1,4,5,0,0,1,0
307,0,0,0,3,4,3,6,0,41,0,0,0,0,0,0,0,0,0,0,2,0,3,5,2,4,0,0,1,2,1,4,6,4,0,0,1,1
308,0,1,0,0,1,5,5,2,-1,0,0,0,0,0,0,0,0,0,1,0,1,4,1,1,0,0,0,2,3,3,2,0,3,1,0,1,0
309,0,0,1,1,0,4,0,7,5,1,1,1,1,0,0,0,0,0,1,1,3,0,4,4,3,0,1,0,0,0,0,5,0,1,1,1,1
310,0,0,1,2,0,4,0,7,5,1,1,1,1,0,0,0,0,0,0,2,3,0,2,4,6,0,1,0,0,0,0,5,0,0,1,1,1
311,0,1,0,0,1,0,2,2,-1,0,0,0,0,0,0,0,0,0,1,0,1,4,5,1,1,0,0,2,2,3,4,3,3,0,0,0,1
312,0,0,0,3,4,3,6,0,6,0,0,0,0,0,0,0,0,0,0,0,0,3,5,2,4,0,0,2,2,1,4,3,4,0,0,0,0
313,0,0,0,3,4,3,6,0,6,0,0,0,0,0,0,0,0,0,0,0,0,3,5,2,4,0,0,2,2,1,4,3,4,0,0,1,1
314,0,1,2,1,0,2,4,1,15,0,0,0,0,0,0,0,0,0,1,1,2,2,3,6,7,0,0,1,1,4,1,4,5,1,0,1,0
315,0,1,0,0,1,5,5,2,8,1,1,1,1,0,0,0,0,0,1,0,1,4,0,0,0,0,1,0,0,2,3,1,7,1,1,1,1
316,0,1,0,0,1,0,2,2,-1,0,0,0,0,0,0,0,0,0,1,0,1,4,1,1,1,0,0,2,2,3,4,3,3,0,0,1,1
317,0,1,0,0,1,0,2,2,8,1,1,1,1,0,0,0,0,0,1,0,1,4,0,5,5,0,1,0,0,2,5,2,2,0,1,1,1
318,0,0,0,3,4,3,6,5,-1,0,0,0,0,0,0,0,0,0,0,0,0,1,5,5,4,0,0,2,2,1,4,3,4,0,0,1,1
319,0,0,1,2,0,4,0,3,12,0,0,0,0,0,0,0,0,0,0,2,3,0,3,3,2,0,0,1,1,4,1,4,5,0,0,1,0
320,0,1,2,1,0,2,4,1,28,1,1,1,1,0,0,0,0,0,1,1,2,2,4,6,3,0,1,0,0,0,0,5,0,1,1,1,0
321,0,0,0,3,4,3,6,0,22,1,1,1,1,0,0,0,0,0,0,2,0,1,0,5,5,0,1,0,0,2,5,2,2,0,1,1,1
322,0,1,2,0,3,5,5,4,2,1,1,1,1,0,0,0,0,0,1,1,1,4,4,0,0,0,1,0,0,0,3,1,7,1,1,1,0
323,0,1,2,1,0,4,4,7,1,1,1,1,1,0,0,0,0,0,1,1,2,0,4,6,3,0,1,0,0,0,0,5,0,1,1,0,0
324,0,0,0,3,4,3,6,0,8,1,1,1,1,0,0,0,0,0,0,0,0,1,0,5,5,0,1,0,0,2,5,2,2,0,1,0,0
325,0,0,1,1,0,4,0,3,48,0,0,0,0,0,0,0,0,0,0,1,3,0,3,3,2,0,0,1,1,4,1,4,5,1,0,0,0
326,0,0,0,3,4,0,2,5,8,1,1,1,1,0,0,0,0,0,0,0,0,1,0,5,5,0,1,0,0,2,5,2,2,0,1,0,1
327,0,1,2,1,0,2,4,1,15,0,0,0,0,0,0,0,0,0,1,1,2,2,3,6,7,0,0,1,1,4,1,4,5,1,0,1,1
328,0,1,2,0,1,5,5,4,2,1,1,1,1,0,0,0,0,0,1,0,1,4,4,0,0,0,1,0,0,2,3,1,7,1,1,1,0
329,0,1,2,1,3,2,1,4,2,1,1,1,1,0,0,0,0,0,1,1,2,2,4,0,3,0,1,0,0,0,3,1,7,1,1,1,1
330,0,1,2,1,0,2,4,1,28,1,1,1,1,0,0,0,0,0,1,1,2,2,4,6,3,0,1,0,0,0,0,5,0,1,1,0,1
331,0,0,1,2,0,4,0,3,12,0,0,0,0,0,0,0,0,0,0,2,3,0,3,3,2,0,0,1,1,4,1,4,5,0,0,1,0
332,0,0,0,3,4,3,6,0,22,1,1,1,1,0,0,0,0,0,0,2,0,1,0,5,5,0,1,0,0,2,5,2,2,0,1,1,0
333,0,1,2,1,0,4,4,3,35,0,0,0,0,0,0,0,0,0,1,1,2,0,3,6,2,0,0,1,1,4,1,4,5,1,0,1,1
334,0,0,0,3,4,0,2,5,8,1,1,1,1,0,0,0,0,0,0,0,0,1,0,5,5,0,1,0,0,2,5,2,2,0,1,1,1
335,0,0,0,3,4,0,2,5,39,0,0,0,0,0,0,0,0,0,0,0,0,1,5,5,1,0,0,2,2,1,4,3,4,0,0,1,1
336,0,1,2,1,3,2,4,1,28,1,1,1,1,0,0,0,0,0,1,1,2,2,4,6,3,0,1,0,0,0,0,5,0,1,1,1,1
337,0,1,2,1,3,2,1,1,2,1,1,1,1,0,0,0,0,0,1,1,2,2,4,0,3,0,1,0,0,0,3,1,7,1,1,1,1
338,0,1,2,0,1,5,5,4,20,0,0,0,0,0,0,0,0,0,1,0,1,4,1,1,0,0,0,2,3,3,2,0,3,1,0,0,1
339,0,0,1,2,2,1,3,6,52,0,0,0,0,0,0,0,0,0,0,2,0,3,2,2,6,0,0,1,2,1,4,6,1,0,0,0,1
340,0,0,1,3,4,3,6,0,-1,1,1,1,1,0,0,0,0,0,0,2,0,1,0,4,5,0,1,0,0,2,5,2,2,0,1,0,0
341,0,0,1,2,0,4,0,7,5,1,1,1,1,0,0,0,0,0,0,2,3,0,2,4,3,0,1,0,0,0,0,5,0,0,1,0,0
342,0,1,2,1,3,2,4,1,2,1,1,1,1,0,0,0,0,0,1,1,2,2,4,6,3,0,1,0,0,0,0,5,0,1,1,1,0
343,0,1,2,1,3,2,1,1,2,1,1,1,1,0,0,0,0,0,1,1,2,2,4,0,3,0,1,0,0,0,3,1,7,1,1,1,0
344,0,0,1,2,2,1,3,0,14,1,1,1,1,0,0,0,0,0,0,2,0,1,2,4,5,0,1,0,0,2,5,2,2,0,1,0,0
345,0,0,1,2,2,1,3,6,38,0,0,0,0,0,0,0,0,0,0,2,0,3,2,2,6,0,0,1,2,1,4,6,1,0,0,1,0
346,0,0,1,2,2,1,3,7,3,1,1,1,1,0,0,0,0,0,0,2,3,1,2,4,6,0,1,0,0,0,0,5,0,0,1,0,0
347,0,1,2,0,1,5,5,4,20,0,0,0,0,0,0,0,0,0,1,0,1,4,1,1,0,0,0,2,3,3,2,0,3,1,0,0,1
348,0,1,2,1,3,2,1,4,2,1,1,1,1,0,0,0,0,0,1,1,2,2,4,0,3,0,1,0,0,0,3,1,7,1,1,1,0
349,0,1,2,1,0,2,4,1,28,1,1,1,1,0,0,0,0,0,1,1,2,2,4,6,3,0,1,0,0,0,0,5,0,1,1,0,0
350,0,1,2,1,0,2,4,1,25,0,0,0,0,0,0,0,0,0,1,1,2,2,3,6,7,0,0,1,1,4,1,4,5,1,0,1,0
351,0,1,0,3,1,0,2,5,8,1,1,1,1,0,0,0,0,0,0,0,1,1,0,5,5,0,1,0,0,2,5,2,2,0,1,0,0
352,0,1,0,0,1,5,5,2,44,0,0,0,0,0,0,0,0,0,1,0,1,4,1,1,0,0,0,2,3,3,2,0,3,1,0,1,0
353,0,1,2,1,0,2,4,1,28,1,1,1,1,0,0,0,0,0,1,1,2,2,4,6,3,0,1,0,0,0,0,5,0,1,1,0,1
354,0,1,2,1,3,2,1,1,47,0,0,0,0,0,0,0,0,0,1,1,2,2,3,6,7,0,0,2,3,3,2,0,6,1,0,0,1
355,0,0,1,2,0,4,0,7,5,1,1,1,1,0,0,0,0,0,0,2,3,0,4,4,3,0,1,0,0,0,0,5,0,0,1,0,1
356,0,1,2,1,3,5,1,4,31,0,0,0,0,0,0,0,0,0,1,1,2,2,1,0,7,0,0,2,3,3,2,0,6,1,0,0,1
357,0,1,2,1,3,2,1,1,51,0,0,0,0,0,0,0,0,0,1,1,2,2,3,6,7,0,0,2,3,3,2,0,6,1,0,1,0
358,0,1,2,1,0,2,4,1,28,1,1,1,1,0,0,0,0,0,1,1,2,2,4,6,3,0,1,0,0,0,0,5,0,1,1,1,0
359,0,1,2,1,3,2,1,4,18,0,0,0,0,0,0,0,0,0,1,1,2,2,1,0,7,0,0,2,3,3,2,0,6,1,0,1,0
360,0,0,1,2,2,1,3,6,36,0,0,0,0,0,0,0,0,0,0,2,3,0,2,3,6,0,0,1,1,4,1,6,1,0,0,0,1
361,0,0,0,3,4,3,6,5,8,1,1,1,1,0,0,0,0,0,0,0,0,1,0,5,5,0,1,0,0,2,5,2,2,0,1,1,0
362,0,0,0,3,4,3,6,0,8,1,1,1,1,0,0,0,0,0,0,2,0,1,0,5,5,0,1,0,0,2,5,2,2,0,1,0,1
363,0,0,1,3,4,3,6,0,43,1,1,1,1,0,0,0,0,0,0,2,0,1,0,4,5,0,1,0,0,2,5,2,2,0,1,1,0
364,0,1,0,3,1,0,2,5,16,0,0,0,0,0,0,0,0,0,0,0,1,4,5,1,1,0,0,2,2,1,4,3,4,0,0,0,1
365,0,0,1,2,2,4,0,3,19,0,0,0,0,0,0,0,0,0,0,2,3,0,2,3,2,0,0,1,1,4,1,4,5,0,0,0,0
366,0,1,2,0,3,5,1,4,30,0,0,0,0,0,0,0,0,0,1,1,2,2,1,0,0,0,0,2,3,3,2,0,6,1,0,0,0
367,0,0,0,3,4,0,2,5,8,1,1,1,1,0,0,0,0,0,0,0,0,1,0,5,5,0,1,0,0,2,5,2,2,0,1,0,0
368,0,0,0,3,4,0,2,5,-1,0,0,0,0,0,0,0,0,0,0,0,0,1,5,5,1,0,0,2,2,1,4,3,4,0,0,1,0
369,0,0,1,2,2,1,3,6,17,0,0,0,0,0,0,0,0,0,0,2,3,3,2,2,6,0,0,1,2,1,4,6,1,0,0,1,0
370,0,1,2,1,3,2,4,1,15,0,0,0,0,0,0,0,0,0,1,1,2,2,3,6,7,0,0,1,1,4,1,4,5,1,0,1,0
371,0,1,2,1,3,2,1,1,10,0,0,0,0,0,0,0,0,0,1,1,2,2,3,6,7,0,0,2,3,3,2,0,6,1,0,0,1
372,0,0,1,2,2,1,3,6,-1,1,1,1,1,0,0,0,0,0,0,2,3,1,2,4,6,0,1,0,0,2,5,2,2,0,1,1,0
373,0,1,2,1,0,4,4,3,35,0,0,0,0,0,0,0,0,0,1,1,2,0,3,6,2,0,0,1,1,4,1,4,5,1,0,0,0
374,0,0,1,2,2,1,3,6,-1,0,0,0,0,0,0,0,0,0,0,2,3,3,2,3,6,0,0,1,1,1,1,6,1,0,0,0,0
375,0,1,0,0,1,0,2,2,8,1,1,1,1,0,0,0,0,0,1,0,1,4,0,5,5,0,1,0,0,2,5,2,2,0,1,1,1
376,0,0,1,3,2,3,3,0,-1,1,1,1,1,0,0,0,0,0,0,2,0,1,0,4,5,0,1,0,0,2,5,2,2,0,1,1,0
377,0,1,0,0,1,0,5,2,0,0,0,0,0,0,0,0,0,0,1,0,1,4,1,1,1,0,0,2,3,3,2,3,3,1,0,1,1
378,0,1,0,0,1,0,5,2,8,1,1,1,1,0,0,0,0,0,1,0,1,4,0,5,0,0,1,0,0,2,3,1,7,1,1,0,1
379,0,1,2,1,3,2,1,4,2,1,1,1,1,0,0,0,0,0,1,1,2,2,4,0,3,0,1,0,0,0,3,1,7,1,1,1,0
380,0,0,1,2,0,4,0,7,5,1,1,1,1,0,0,0,0,0,0,2,3,0,4,4,3,0,1,0,0,0,0,5,0,0,1,1,0
381,0,0,1,2,2,1,3,6,33,0,0,0,0,0,0,0,0,0,0,2,0,3,2,2,6,0,0,1,2,1,4,6,1,0,0,0,1
382,0,1,0,3,1,0,2,5,8,1,1,1,1,0,0,0,0,0,0,0,0,1,0,5,5,0,1,0,0,2,5,2,2,0,1,1,1
383,0,1,2,1,0,4,4,7,1,1,1,1,1,0,0,0,0,0,1,1,2,0,4,6,3,0,1,0,0,0,0,5,0,1,1,0,0
384,0,1,0,0,1,5,5,2,0,0,0,0,0,0,0,0,0,0,1,0,1,4,1,1,1,0,0,2,3,3,2,3,3,1,0,1,1
385,0,0,1,2,2,1,0,7,3,1,1,1,1,0,0,0,0,0,0,2,3,0,2,4,6,0,1,0,0,0,0,5,0,0,1,1,0
386,0,1,0,0,1,5,5,2,0,0,0,0,0,0,0,0,0,0,1,0,1,4,1,1,1,0,0,2,3,3,2,3,3,1,0,0,1
387,0,0,1,2,2,1,3,7,3,1,1,1,1,0,0,0,0,0,0,2,3,1,2,4,6,0,1,0,0,0,0,5,0,0,1,0,0
388,0,0,1,3,4,3,6,0,9,0,0,0,0,0,0,0,0,0,0,2,0,3,5,2,4,0,0,1,2,1,4,6,1,0,0,1,1
389,0,1,2,0,3,5,1,4,30,0,0,0,0,0,0,0,0,0,1,1,1,4,1,0,0,0,0,2,3,3,2,0,6,1,0,1,1
390,0,1,2,1,3,2,1,4,2,1,1,1,1,0,0,0,0,0,1,1,2,2,4,0,3,0,1,0,0,0,3,1,7,1,1,0,0
391,0,1,2,1,3,2,1,4,13,0,0,0,0,0,0,0,0,0,1,1,2,2,1,0,7,0,0,2,3,3,2,0,6,1,0,1,0
392,0,1,0,0,1,5,5,2,8,1,1,1,1,0,0,0,0,0,1,0,1,4,0,0,0,0,1,0,0,2,3,1,7,1,1,1,1
393,0,0,0,3,4,0,2,5,8,1,1,1,1,0,0,0,0,0,0,0,0,1,0,5,5,0,1,0,0,2,5,2,2,0,1,1,0
394,0,0,1,2,2,1,3,6,11,0,0,0,0,0,0,0,0,0,0,2,3,0,2,3,6,0,0,1,1,4,1,6,1,0,0,1,0
395,0,1,2,1,3,2,1,1,2,1,1,1,1,0,0,0,0,0,1,1,2,2,4,6,3,0,1,0,0,0,3,1,7,1,1,1,0
396,0,0,1,2,0,4,0,3,-1,0,0,0,0,0,0,0,0,0,0,2,3,0,3,3,2,0,0,1,1,4,1,4,5,0,0,1,0
397,0,0,0,3,4,3,6,5,23,0,0,0,0,0,0,0,0,0,0,0,0,3,5,2,4,0,0,2,2,1,4,3,4,0,0,0,0
398,0,0,0,3,4,3,6,5,23,0,0,0,0,0,0,0,0,0,0,0,0,3,5,2,4,0,0,2,2,1,4,3,4,0,0,0,1
399,0,1,0,0,1,5,5,2,8,1,1,1,1,0,0,0,0,0,1,0,1,4,0,0,0,0,1,0,0,2,3,1,7,1,1,1,1
400,0,0,1,2,2,1,3,0,33,0,0,0,0,0,0,0,0,0,0,2,0,3,2,2,6,0,0,1,2,1,4,6,1,0,0,0,0
401,0,1,0,0,1,0,2,2,8,1,1,1,1,0,0,0,0,0,1,0,1,4,0,5,0,0,1,0,0,2,3,1,7,1,1,1,0
402,0,0,0,3,4,0,2,5,39,0,0,0,0,0,0,0,0,0,0,0,0,1,5,5,1,0,0,2,2,1,4,3,4,0,0,0,1
403,0,0,1,2,2,1,0,7,3,1,1,1,1,0,0,0,0,0,0,2,3,0,2,4,6,0,1,0,0,0,0,5,0,0,1,0,1
404,0,0,1,2,0,4,0,7,5,1,1,1,1,0,0,0,0,0,0,1,3,0,4,4,3,0,1,0,0,0,0,5,0,1,1,1,1
405,0,1,2,1,0,4,4,7,1,1,1,1,1,0,0,0,0,0,1,1,2,2,4,6,3,0,1,0,0,0,0,5,0,1,1,1,1
406,0,1,2,0,3,5,5,4,2,1,1,1,1,0,0,0,0,0,1,1,1,4,4,0,0,0,1,0,0,0,3,1,7,1,1,1,0
407,0,0,1,2,2,1,3,6,11,0,0,0,0,0,0,0,0,0,0,2,3,3,2,3,6,0,0,1,1,4,1,6,1,0,0,1,1
408,0,1,0,0,1,5,5,2,44,0,0,0,0,0,0,0,0,0,1,0,1,4,1,1,0,0,0,2,3,3,2,0,3,1,0,1,0
409,0,1,0,3,1,0,2,5,16,0,0,0,0,0,0,0,0,0,1,0,1,4,5,1,1,0,0,2,2,1,4,3,4,0,0,0,1
410,0,0,1,2,0,4,0,7,5,1,1,1,1,0,0,0,0,0,0,2,3,0,2,4,3,0,1,0,0,0,0,5,0,0,1,1,0
411,0,0,1,2,2,1,3,0,14,1,1,1,1,0,0,0,0,0,0,2,0,1,2,4,5,0,1,0,0,2,5,2,2,0,1,1,0
412,0,0,1,2,2,1,3,7,3,1,1,1,1,0,0,0,0,0,0,2,3,0,2,4,6,0,1,0,0,0,0,5,0,0,1,1,1
413,0,0,1,2,2,1,3,7,3,1,1,1,1,0,0,0,0,0,0,2,3,0,2,4,6,0,1,0,0,0,0,5,0,0,1,0,0
414,0,0,0,3,4,0,2,5,8,1,1,1,1,0,0,0,0,0,0,0,0,1,0,5,5,0,1,0,0,2,5,2,2,0,1,0,1
415,0,1,0,0,1,5,5,2,0,0,0,0,0,0,0,0,0,0,1,0,1,4,1,1,1,0,0,2,3,3,2,3,3,1,0,1,0
416,0,1,2,0,1,5,5,4,20,0,0,0,0,0,0,0,0,0,1,0,1,4,1,1,0,0,0,2,3,3,2,0,3,1,0,1,1
417,0,1,2,1,0,2,4,1,28,1,1,1,1,0,0,0,0,0,1,1,2,2,4,6,3,0,1,0,0,0,0,5,0,1,1,0,0
418,0,1,0,3,1,0,2,5,49,0,0,0,0,0,0,0,0,0,1,0,1,4,5,1,1,0,0,2,2,1,4,3,4,0,0,1,0
419,0,1,0,0,1,0,2,2,8,1,1,1,1,0,0,0,0,0,1,0,1,4,0,5,5,0,1,0,0,2,5,2,2,0,1,1,0
420,0,1,2,1,3,2,1,1,2,1,1,1,1,0,0,0,0,0,1,1,2,2,4,6,3,0,1,0,0,0,3,1,7,1,1,1,0
421,0,1,2,0,3,5,1,4,30,0,0,0,0,0,0,0,0,0,1,1,2,2,1,0,0,0,0,2,3,3,2,0,6,1,0,0,1
422,0,1,2,0,3,5,5,4,2,1,1,1,1,0,0,0,0,0,1,1,1,4,4,0,0,0,1,0,0,0,3,1,7,1,1,0,0
423,0,1,2,1,0,4,4,1,1,1,1,1,1,0,0,0,0,0,1,1,2,2,4,6,3,0,1,0,0,0,0,5,0,1,1,0,0
424,0,1,0,3,1,0,2,5,8,1,1,1,1,0,0,0,0,0,0,0,1,1,0,5,5,0,1,0,0,2,5,2,2,0,1,1,1
425,0,0,1,2,2,1,3,7,-1,1,1,1,1,0,0,0,0,0,0,2,3,1,2,4,6,0,1,0,0,0,0,5,0,0,1,0,1
426,0,1,2,1,3,2,1,1,-1,0,0,0,0,0,0,0,0,0,1,1,2,2,3,6,7,0,0,2,3,3,2,0,6,1,0,0,1
427,0,1,0,0,1,0,2,2,42,0,0,0,0,0,0,0,0,0,1,0,1,4,1,1,1,0,0,2,3,3,2,3,3,1,0,0,1
428,0,0,0,3,4,3,6,5,8,1,1,1,1,0,0,0,0,0,0,0,0,1,0,5,5,0,1,0,0,2,5,2,2,0,1,0,1
429,0,0,1,2,0,4,0,7,5,1,1,1,1,0,0,0,0,0,0,2,3,0,2,4,6,0,1,0,0,0,0,5,0,0,1,0,0
430,0,1,2,1,0,2,4,1,28,1,1,1,1,0,0,0,0,0,1,1,2,2,4,6,3,0,1,0,0,0,0,5,0,1,1,0,0
431,0,0,1,2,2,1,3,7,3,1,1,1,1,0,0,0,0,0,0,2,3,1,2,4,6,0,1,0,0,0,0,5,0,0,1,1,0
432,0,1,2,1,3,2,1,1,47,0,0,0,0,0,0,0,0,0,1,1,2,2,3,6,7,0,0,2,3,3,2,0,6,1,0,1,1
433,0,0,0,3,4,3,6,5,8,1,1,1,1,0,0,0,0,0,0,0,0,1,0,5,5,0,1,0,0,2,5,2,2,0,1,1,0
434,0,1,2,0,3,5,1,4,31,0,0,0,0,0,0,0,0,0,1,1,2,2,1,0,7,0,0,2,3,3,2,0,6,1,0,0,1
435,0,0,1,3,4,3,6,0,43,1,1,1,1,0,0,0,0,0,0,2,0,1,0,4,5,0,1,0,0,2,5,2,2,0,1,0,1
436,0,0,1,2,2,1,3,0,14,1,1,1,1,0,0,0,0,0,0,2,0,1,2,4,5,0,1,0,0,2,5,2,2,0,1,1,0
437,0,0,0,3,4,0,2,5,39,0,0,0,0,0,0,0,0,0,0,0,0,1,5,5,1,0,0,2,2,1,4,3,4,0,0,1,1
438,0,1,2,1,3,2,1,1,2,1,1,1,1,0,0,0,0,0,1,1,2,2,4,6,3,0,1,0,0,0,3,1,7,1,1,1,1
439,0,1,2,1,3,2,4,1,-1,0,0,0,0,0,0,0,0,0,1,1,2,2,3,6,7,0,0,1,3,4,2,4,6,1,0,0,0
440,0,0,1,2,2,1,3,6,38,0,0,0,0,0,0,0,0,0,0,2,3,3,2,2,6,0,0,1,2,1,4,6,1,0,0,1,0
441,0,1,0,3,1,0,2,5,8,1,1,1,1,0,0,0,0,0,0,0,1,1,0,5,5,0,1,0,0,2,5,2,2,0,1,0,1
442,0,0,0,3,4,3,6,0,41,0,0,0,0,0,0,0,0,0,0,2,0,3,5,2,4,0,0,1,2,1,4,6,4,0,0,1,1
443,0,0,0,3,4,3,6,0,6,0,0,0,0,0,0,0,0,0,0,0,0,3,5,2,4,0,0,2,2,1,4,3,4,0,0,0,0
444,0,0,1,2,0,4,0,3,53,0,0,0,0,0,0,0,0,0,0,2,3,0,3,3,2,0,0,1,1,4,1,4,5,1,0,1,1
445,0,0,1,2,2,1,3,6,-1,0,0,0,0,0,0,0,0,0,0,2,3,3,2,3,6,0,0,1,1,4,1,6,1,0,0,1,1
446,0,1,2,1,3,2,1,1,47,0,0,0,0,0,0,0,0,0,1,1,2,2,3,6,7,0,0,2,3,3,2,0,6,1,0,1,1
447,0,1,2,1,3,2,1,1,47,0,0,0,0,0,0,0,0,0,1,1,2,2,3,6,7,0,0,2,3,3,2,0,6,1,0,0,1
448,0,0,0,3,4,0,2,5,-1,0,0,0,0,0,0,0,0,0,0,0,0,1,5,5,1,0,0,2,2,1,4,3,4,0,0,1,0
449,0,0,1,2,2,1,3,6,52,0,0,0,0,0,0,0,0,0,0,2,0,3,2,2,6,0,0,1,2,1,4,6,1,0,0,0,1
450,0,0,1,2,0,4,0,7,5,1,1,1,1,0,0,0,0,0,0,2,3,0,2,4,6,0,1,0,0,0,0,5,0,0,1,0,0
451,0,0,1,2,2,1,3,7,3,1,1,1,1,0,0,0,0,0,0,2,3,0,2,4,6,0,1,0,0,0,0,5,0,0,1,1,0
452,0,1,2,1,3,2,1,1,2,1,1,1,1,0,0,0,0,0,1,1,2,2,4,6,3,0,1,0,0,0,3,1,7,1,1,0,0
453,0,0,1,3,2,3,3,0,43,1,1,1,1,0,0,0,0,0,0,2,0,1,0,4,5,0,1,0,0,2,5,2,2,0,1,1,0
454,0,0,0,3,4,3,6,0,8,1,1,1,1,0,0,0,0,0,0,0,0,1,0,5,5,0,1,0,0,2,5,2,2,0,1,0,0
455,0,0,1,2,2,1,3,7,3,1,1,1,1,0,0,0,0,0,0,2,3,0,2,4,6,0,1,0,0,0,0,5,0,0,1,0,1
456,0,0,0,3,4,3,6,5,45,0,0,0,0,0,0,0,0,0,0,0,0,3,5,2,4,0,0,2,2,1,4,3,4,0,0,1,0
457,0,1,2,1,3,2,1,1,2,1,1,1,1,0,0,0,0,0,1,1,2,2,4,6,3,0,1,0,0,0,3,1,7,1,1,0,0
458,0,0,1,2,2,1,0,7,5,1,1,1,1,0,0,0,0,0,0,2,3,0,2,4,6,0,1,0,0,0,0,5,0,0,1,0,0
459,0,0,1,2,2,1,3,0,33,0,0,0,0,0,0,0,0,0,0,2,0,3,2,2,6,0,0,1,2,1,4,6,1,0,0,0,0
460,0,1,0,0,1,0,5,2,0,0,0,0,0,0,0,0,0,0,1,0,1,4,1,1,1,0,0,2,3,3,2,3,3,1,0,0,1
461,0,1,0,0,1,0,5,2,8,1,1,1,1,0,0,0,0,0,1,0,1,4,0,0,0,0,1,0,0,2,3,1,7,1,1,0,0
462,0,0,1,2,2,1,3,7,3,1,1,1,1,0,0,0,0,0,0,2,3,1,2,4,6,0,1,0,0,0,0,5,0,0,1,0,0
463,0,0,1,2,2,1,3,0,14,1,1,1,1,0,0,0,0,0,0,2,0,1,2,4,5,0,1,0,0,2,5,2,2,0,1,0,1
464,0,1,0,0,1,5,5,2,8,1,1,1,1,0,0,0,0,0,1,0,1,4,0,0,0,0,1,0,0,2,3,1,7,1,1,0,0
465,0,0,1,2,2,1,3,6,29,0,0,0,0,0,0,0,0,0,0,2,3,3,2,3,6,0,0,1,1,1,1,6,1,0,0,0,1
466,0,0,1,1,0,4,0,3,48,0,0,0,0,0,0,0,0,0,0,1,3,0,3,3,2,0,0,1,1,4,1,4,5,1,0,1,1
467,0,0,1,2,2,1,0,7,3,1,1,1,1,0,0,0,0,0,0,2,3,0,2,4,6,0,1,0,0,0,0,5,0,0,1,0,0
468,0,1,0,0,1,0,2,2,54,0,0,0,0,0,0,0,0,0,1,0,1,4,5,1,1,0,0,2,2,1,4,3,3,0,0,1,1
469,0,0,0,3,4,3,6,0,46,1,1,1,1,0,0,0,0,0,0,2,0,1,0,5,5,0,1,0,0,2,5,2,2,0,1,1,0
470,0,1,2,1,0,2,4,1,28,1,1,1,1,0,0,0,0,0,1,1,2,2,4,6,3,0,1,0,0,0,0,5,0,1,1,0,1
471,0,1,2,0,1,5,5,4,20,0,0,0,0,0,0,0,0,0,1,0,1,4,1,0,0,0,0,2,3,3,2,0,3,1,0,1,0
472,0,1,0,0,1,5,5,2,8,1,1,1,1,0,0,0,0,0,1,0,1,4,0,0,0,0,1,0,0,2,3,1,7,1,1,1,1
473,0,1,2,1,3,2,4,1,15,0,0,0,0,0,0,0,0,0,1,1,2,2,3,6,7,0,0,1,1,4,1,4,5,1,0,1,0
474,0,0,1,3,4,3,6,0,41,0,0,0,0,0,0,0,0,0,0,2,0,3,5,2,4,0,0,1,2,1,4,6,1,0,0,0,0
475,0,1,0,0,1,5,5,2,8,1,1,1,1,0,0,0,0,0,1,0,1,4,0,0,0,0,1,0,0,2,3,1,7,1,1,0,0
476,0,0,1,2,0,4,0,7,5,1,1,1,1,0,0,0,0,0,0,2,3,0,4,4,3,0,1,0,0,0,0,5,0,0,1,1,0
477,0,0,1,3,2,3,3,0,33,0,0,0,0,0,0,0,0,0,0,2,0,3,2,2,4,0,0,1,2,1,4,6,1,0,0,1,1
478,0,0,1,2,0,4,0,7,5,1,1,1,1,0,0,0,0,0,0,2,3,0,4,4,3,0,1,0,0,0,0,5,0,0,1,1,0
479,0,1,2,1,3,2,1,1,47,0,0,0,0,0,0,0,0,0,1,1,2,2,3,6,7,0,0,2,3,3,2,0,6,1,0,1,1
480,0,0,1,2,2,1,3,6,29,0,0,0,0,0,0,0,0,0,0,2,3,3,2,3,6,0,0,1,1,1,1,6,1,0,0,0,1
481,0,1,2,0,3,5,1,4,2,1,1,1,1,0,0,0,0,0,1,1,1,2,4,0,0,0,1,0,0,0,3,1,7,1,1,1,1
482,0,0,0,3,4,3,6,5,8,1,1,1,1,0,0,0,0,0,0,0,0,1,0,5,5,0,1,0,0,2,5,2,2,0,1,0,1
483,0,1,0,0,1,5,5,2,44,0,0,0,0,0,0,0,0,0,1,0,1,4,1,1,1,0,0,2,3,3,2,0,3,1,0,1,1
484,0,0,1,2,0,4,0,7,5,1,1,1,1,0,0,0,0,0,0,2,3,0,2,4,6,0,1,0,0,0,0,5,0,0,1,0,0
485,0,1,2,0,3,5,5,4,-1,0,0,0,0,0,0,0,0,0,1,0,1,4,1,0,0,0,0,2,3,3,2,0,6,1,0,0,1
486,0,1,0,0,1,5,5,2,0,0,0,0,0,0,0,0,0,0,1,0,1,4,1,1,1,0,0,2,3,3,2,3,3,1,0,0,0
487,0,1,2,1,3,2,1,1,2,1,1,1,1,0,0,0,0,0,1,1,2,2,4,6,3,0,1,0,0,0,3,1,7,1,1,0,1
488,0,0,1,2,0,4,0,3,53,0,0,0,0,0,0,0,0,0,0,2,3,0,3,3,2,0,0,1,1,4,1,4,5,1,0,1,0
489,0,1,2,1,0,2,4,1,28,1,1,1,1,0,0,0,0,0,1,1,2,2,4,6,3,0,1,0,0,0,0,5,0,1,1,1,0
490,0,0,1,2,2,1,0,6,21,0,0,0,0,0,0,0,0,0,0,2,3,0,2,3,6,0,0,1,1,4,1,6,1,0,0,1,0
491,0,1,2,1,0,4,4,1,25,0,0,0,0,0,0,0,0,0,1,1,2,2,3,6,2,0,0,1,1,4,1,4,5,1,0,1,0
492,0,1,0,0,1,0,2,2,8,1,1,1,1,0,0,0,0,0,1,0,1,4,0,5,5,0,1,0,0,2,5,2,2,0,1,1,1
493,0,0,1,2,2,1,3,6,29,0,0,0,0,0,0,0,0,0,0,2,3,3,2,3,6,0,0,1,1,1,1,6,1,0,0,0,1
494,0,1,2,1,0,4,4,7,1,1,1,1,1,0,0,0,0,0,1,1,2,0,4,6,3,0,1,0,0,0,0,5,0,1,1,1,0
495,0,1,2,0,3,5,5,4,2,1,1,1,1,0,0,0,0,0,1,1,1,4,4,0,0,0,1,0,0,0,3,1,7,1,1,0,0
496,0,0,1,2,2,1,3,6,17,0,0,0,0,0,0,0,0,0,0,2,3,3,2,2,6,0,0,1,2,1,4,6,1,0,0,1,0
497,0,1,0,0,1,0,2,5,54,0,0,0,0,0,0,0,0,0,1,0,1,4,5,1,1,0,0,2,2,1,4,3,4,0,0,0,0
498,0,1,2,1,3,2,1,4,18,0,0,0,0,0,0,0,0,0,1,1,2,2,1,0,7,0,0,2,3,3,2,0,6,1,0,1,1
499,0,0,1,3,2,3,6,0,26,0,0,0,0,0,0,0,0,0,0,2,0,3,5,2,4,0,0,1,2,1,4,6,1,0,0,0,0
