,random_model_n1,random_model_n2,random_model_n3,random_model_n4,random_model_n5,random_model_n6,average_model,optimal_clustering
0,0.9931972789115646,0.9859410430839002,0.9877551020408163,0.9877551020408163,0.9895691609977324,0.9877551020408163,0.9886621315192743,0.9931972789115646
1,0.9836734693877551,0.981859410430839,0.9836734693877551,0.9891156462585035,0.9863945578231292,0.9863945578231292,0.9851851851851853,0.9891156462585035
2,0.9945578231292517,0.9927437641723356,0.9963718820861678,0.9945578231292517,0.9927437641723356,0.9927437641723356,0.9939531368102795,0.9963718820861678
3,0.9918367346938776,0.9900226757369615,0.9863945578231292,0.9863945578231292,0.9900226757369615,0.9918367346938776,0.9894179894179894,0.9918367346938776
4,0.9891156462585035,0.9873015873015873,0.9891156462585035,0.981859410430839,0.9891156462585035,0.9909297052154195,0.9879062736205594,0.9909297052154195
5,0.9931972789115646,0.9895691609977324,0.9841269841269841,0.9841269841269841,0.9913832199546485,0.9895691609977324,0.9886621315192743,0.9931972789115646
6,0.9836734693877551,0.9909297052154195,0.9927437641723356,0.9909297052154195,0.9927437641723356,0.9945578231292517,0.9909297052154193,0.9945578231292517
7,0.9918367346938776,0.9882086167800453,0.9900226757369615,0.9882086167800453,0.9882086167800453,0.9900226757369615,0.9894179894179894,0.9918367346938776
8,0.9954648526077098,0.9972789115646259,0.9972789115646259,0.9954648526077098,0.9936507936507937,0.9936507936507937,0.9954648526077098,0.9972789115646259
9,0.9918367346938776,0.9936507936507937,0.9954648526077098,0.9918367346938776,0.9900226757369615,0.9918367346938776,0.9924414210128495,0.9954648526077098
10,0.9909297052154195,0.9927437641723356,0.9963718820861678,0.9945578231292517,0.9945578231292517,0.9945578231292517,0.9939531368102795,0.9963718820861678
11,0.9854875283446712,0.9854875283446712,0.9909297052154195,0.9909297052154195,0.9873015873015873,0.9873015873015873,0.9879062736205594,0.9909297052154195
12,0.9918367346938776,0.9954648526077098,0.9954648526077098,0.9972789115646259,0.9972789115646259,0.9954648526077098,0.9954648526077099,0.9972789115646259
13,0.9909297052154195,0.9909297052154195,0.9891156462585035,0.9873015873015873,0.9927437641723356,0.9945578231292517,0.9909297052154193,0.9945578231292517
14,0.9941043083900227,0.9922902494331066,0.9941043083900227,0.9922902494331066,0.9922902494331066,0.9941043083900227,0.9931972789115647,0.9941043083900227
15,0.9922902494331066,0.9950113378684807,0.9931972789115646,0.9931972789115646,0.9904761904761905,0.9877551020408163,0.9919879062736205,0.9950113378684807
16,0.9845804988662131,0.9863945578231292,0.9845804988662131,0.9845804988662131,0.9900226757369615,0.9882086167800453,0.9863945578231291,0.9900226757369615
17,0.9863945578231292,0.9918367346938776,0.9845804988662131,0.9918367346938776,0.9936507936507937,0.9882086167800453,0.9894179894179893,0.9936507936507937
18,0.982766439909297,0.9836734693877551,0.9873015873015873,0.9863945578231292,0.9918367346938776,0.9882086167800453,0.9866969009826153,0.9918367346938776
19,0.9913832199546485,0.9913832199546485,0.9931972789115646,0.9877551020408163,0.9931972789115646,0.9931972789115646,0.9916855631141345,0.9931972789115646
20,0.9968253968253968,0.9931972789115646,0.9968253968253968,0.9913832199546485,0.9950113378684807,0.9950113378684807,0.9947089947089948,0.9968253968253968
21,0.9931972789115646,0.9931972789115646,0.9931972789115646,0.9968253968253968,0.9968253968253968,0.9950113378684807,0.9947089947089948,0.9968253968253968
22,0.9959183673469387,0.9959183673469387,0.9959183673469387,0.9977324263038548,0.9941043083900227,0.9977324263038548,0.9962207105064248,0.9977324263038548
23,0.9913832199546485,0.9913832199546485,0.9913832199546485,0.9895691609977324,0.9913832199546485,0.9950113378684807,0.9916855631141345,0.9950113378684807
24,0.9868480725623583,0.9868480725623583,0.9904761904761905,0.98140589569161,0.9886621315192744,0.9886621315192744,0.9871504157218443,0.9904761904761905
25,0.9895691609977324,0.9877551020408163,0.9931972789115646,0.9913832199546485,0.9931972789115646,0.9950113378684807,0.9916855631141345,0.9950113378684807
26,0.9863945578231292,0.9918367346938776,0.9900226757369615,0.9918367346938776,0.9882086167800453,0.9882086167800453,0.9894179894179893,0.9918367346938776
27,0.9927437641723356,0.9945578231292517,0.9909297052154195,0.9945578231292517,0.9945578231292517,0.9963718820861678,0.9939531368102795,0.9963718820861678
28,0.9954648526077098,0.9936507936507937,0.9954648526077098,0.9972789115646259,0.9954648526077098,0.9954648526077098,0.9954648526077099,0.9972789115646259
29,0.9981859410430839,0.9963718820861678,0.9963718820861678,0.9981859410430839,0.9945578231292517,0.9981859410430839,0.9969765684051398,0.9981859410430839
30,0.9931972789115646,0.9931972789115646,0.9931972789115646,0.9913832199546485,0.9895691609977324,0.9895691609977324,0.9916855631141347,0.9931972789115646
31,0.9909297052154195,0.9891156462585035,0.9891156462585035,0.9909297052154195,0.9945578231292517,0.9909297052154195,0.9909297052154195,0.9945578231292517
32,0.9941043083900227,0.9886621315192744,0.9850340136054422,0.9922902494331066,0.9868480725623583,0.9941043083900227,0.9901738473167047,0.9941043083900227
33,0.9931972789115646,0.9913832199546485,0.9931972789115646,0.9913832199546485,0.9895691609977324,0.9913832199546485,0.9916855631141345,0.9931972789115646
34,0.9877551020408163,0.9950113378684807,0.9931972789115646,0.9895691609977324,0.9913832199546485,0.9931972789115646,0.9916855631141345,0.9950113378684807
35,0.9913832199546485,0.9895691609977324,0.9895691609977324,0.9859410430839002,0.9877551020408163,0.9877551020408163,0.9886621315192744,0.9913832199546485
36,0.9922902494331066,0.9959183673469387,0.9922902494331066,0.9941043083900227,0.9922902494331066,0.9922902494331066,0.9931972789115647,0.9959183673469387
37,0.9945578231292517,0.9945578231292517,0.9945578231292517,0.9945578231292517,0.9909297052154195,0.9945578231292517,0.9939531368102795,0.9945578231292517
38,0.9832199546485261,0.9850340136054422,0.9832199546485261,0.9922902494331066,0.9886621315192744,0.9904761904761905,0.9871504157218444,0.9922902494331066
39,0.9904761904761905,0.9941043083900227,0.9941043083900227,0.9941043083900227,0.9922902494331066,0.9941043083900227,0.9931972789115647,0.9941043083900227
40,0.9954648526077098,0.9918367346938776,0.9918367346938776,0.9936507936507937,0.9918367346938776,0.9900226757369615,0.9924414210128495,0.9954648526077098
41,0.9873015873015873,0.9836734693877551,0.9891156462585035,0.9927437641723356,0.9891156462585035,0.9854875283446712,0.9879062736205593,0.9927437641723356
42,0.999092970521542,0.999092970521542,0.9972789115646259,0.999092970521542,0.999092970521542,0.9972789115646259,0.99848828420257,0.999092970521542
43,0.9863945578231292,0.9945578231292517,0.9945578231292517,0.9882086167800453,0.9927437641723356,0.9909297052154195,0.9912320483749056,0.9945578231292517
44,0.9886621315192744,0.9904761904761905,0.9886621315192744,0.9904761904761905,0.9941043083900227,0.9886621315192744,0.9901738473167044,0.9941043083900227
45,0.9891156462585035,0.9945578231292517,0.9854875283446712,0.9927437641723356,0.9927437641723356,0.9909297052154195,0.9909297052154195,0.9945578231292517
46,0.9954648526077098,0.9936507936507937,0.9936507936507937,0.9900226757369615,0.9918367346938776,0.9900226757369615,0.9924414210128495,0.9954648526077098
47,0.9891156462585035,0.9891156462585035,0.9863945578231292,0.9882086167800453,0.9873015873015873,0.9891156462585035,0.9882086167800455,0.9891156462585035
48,0.9836734693877551,0.9873015873015873,0.9873015873015873,0.981859410430839,0.981859410430839,0.9873015873015873,0.9848828420256992,0.9873015873015873
49,0.9931972789115646,0.9931972789115646,0.9931972789115646,0.9877551020408163,0.9895691609977324,0.9931972789115646,0.9916855631141345,0.9931972789115646
50,0.9941043083900227,0.9959183673469387,0.9959183673469387,0.9868480725623583,0.9941043083900227,0.9922902494331066,0.9931972789115647,0.9959183673469387
51,0.9854875283446712,0.9863945578231292,0.9873015873015873,0.9909297052154195,0.9909297052154195,0.9882086167800453,0.9882086167800453,0.9909297052154195
52,0.9959183673469387,0.9922902494331066,0.9941043083900227,0.9904761904761905,0.9922902494331066,0.9941043083900227,0.9931972789115647,0.9959183673469387
53,0.9900226757369615,0.9845804988662131,0.9918367346938776,0.9882086167800453,0.9900226757369615,0.9918367346938776,0.9894179894179894,0.9918367346938776
54,0.9922902494331066,0.9904761904761905,0.9922902494331066,0.9959183673469387,0.9922902494331066,0.9959183673469387,0.9931972789115647,0.9959183673469387
55,0.9877551020408163,0.9877551020408163,0.9877551020408163,0.9913832199546485,0.9913832199546485,0.9859410430839002,0.9886621315192744,0.9913832199546485
56,0.9918367346938776,0.9936507936507937,0.9954648526077098,0.9918367346938776,0.9900226757369615,0.9918367346938776,0.9924414210128495,0.9954648526077098
57,0.9922902494331066,0.9904761904761905,0.9922902494331066,0.9832199546485261,0.9922902494331066,0.9904761904761905,0.9901738473167044,0.9922902494331066
58,0.9863945578231292,0.9863945578231292,0.9845804988662131,0.9918367346938776,0.9882086167800453,0.9809523809523809,0.9863945578231292,0.9918367346938776
59,0.9882086167800453,0.9900226757369615,0.9900226757369615,0.9863945578231292,0.9918367346938776,0.9900226757369615,0.9894179894179894,0.9918367346938776
60,0.9845804988662131,0.9900226757369615,0.9900226757369615,0.9900226757369615,0.9918367346938776,0.9900226757369615,0.9894179894179893,0.9918367346938776
61,0.9850340136054422,0.9886621315192744,0.9922902494331066,0.9868480725623583,0.98140589569161,0.9886621315192744,0.9871504157218444,0.9922902494331066
62,0.9977324263038548,0.9977324263038548,0.9959183673469387,0.9941043083900227,0.9977324263038548,0.9941043083900227,0.9962207105064248,0.9977324263038548
63,0.9941043083900227,0.9904761904761905,0.9904761904761905,0.9850340136054422,0.9922902494331066,0.9886621315192744,0.9901738473167044,0.9941043083900227
64,0.9922902494331066,0.9941043083900227,0.9941043083900227,0.9941043083900227,0.9941043083900227,0.9904761904761905,0.9931972789115647,0.9941043083900227
65,0.9931972789115646,0.9950113378684807,0.9950113378684807,0.9968253968253968,0.9968253968253968,0.9913832199546485,0.9947089947089945,0.9968253968253968
66,0.9836734693877551,0.9927437641723356,0.9945578231292517,0.9945578231292517,0.9909297052154195,0.9891156462585035,0.9909297052154195,0.9945578231292517
67,0.9918367346938776,0.9882086167800453,0.9918367346938776,0.9882086167800453,0.9882086167800453,0.9882086167800453,0.9894179894179893,0.9918367346938776
68,0.9936507936507937,0.9936507936507937,0.9936507936507937,0.9918367346938776,0.9900226757369615,0.9918367346938776,0.9924414210128495,0.9936507936507937
69,0.9931972789115646,0.9931972789115646,0.9877551020408163,0.9913832199546485,0.9913832199546485,0.9931972789115646,0.9916855631141345,0.9931972789115646
70,0.9877551020408163,0.9895691609977324,0.9931972789115646,0.9895691609977324,0.9950113378684807,0.9950113378684807,0.9916855631141345,0.9950113378684807
71,0.9909297052154195,0.9909297052154195,0.9900226757369615,0.9873015873015873,0.982766439909297,0.9873015873015873,0.9882086167800453,0.9909297052154195
72,0.9877551020408163,0.9895691609977324,0.9931972789115646,0.9931972789115646,0.9950113378684807,0.9913832199546485,0.9916855631141344,0.9950113378684807
73,0.9891156462585035,0.9873015873015873,0.9873015873015873,0.9873015873015873,0.9909297052154195,0.9854875283446712,0.9879062736205594,0.9909297052154195
74,0.9904761904761905,0.9904761904761905,0.9868480725623583,0.9904761904761905,0.9922902494331066,0.9904761904761905,0.9901738473167044,0.9922902494331066
75,0.9913832199546485,0.9950113378684807,0.9859410430839002,0.9931972789115646,0.9913832199546485,0.9931972789115646,0.9916855631141344,0.9950113378684807
76,0.9841269841269841,0.9895691609977324,0.9913832199546485,0.9913832199546485,0.9877551020408163,0.9877551020408163,0.9886621315192744,0.9913832199546485
77,0.9877551020408163,0.9895691609977324,0.9841269841269841,0.9859410430839002,0.9877551020408163,0.9786848072562359,0.9856386999244142,0.9895691609977324
78,0.9836734693877551,0.9873015873015873,0.9891156462585035,0.9873015873015873,0.9891156462585035,0.9909297052154195,0.9879062736205594,0.9909297052154195
79,0.9850340136054422,0.9832199546485261,0.9832199546485261,0.9868480725623583,0.9868480725623583,0.9795918367346939,0.9841269841269842,0.9868480725623583
80,0.9941043083900227,0.9922902494331066,0.9941043083900227,0.9941043083900227,0.9922902494331066,0.9922902494331066,0.9931972789115647,0.9941043083900227
81,0.9863945578231292,0.9918367346938776,0.9863945578231292,0.9936507936507937,0.9882086167800453,0.9900226757369615,0.9894179894179893,0.9936507936507937
82,0.9877551020408163,0.9913832199546485,0.9904761904761905,0.9886621315192744,0.9904761904761905,0.9941043083900227,0.9904761904761905,0.9941043083900227
83,0.9972789115646259,0.9954648526077098,0.9954648526077098,0.9936507936507937,0.9954648526077098,0.9954648526077098,0.9954648526077098,0.9972789115646259
84,0.9900226757369615,0.9882086167800453,0.9900226757369615,0.9936507936507937,0.9882086167800453,0.9863945578231292,0.9894179894179894,0.9936507936507937
85,0.9900226757369615,0.9845804988662131,0.9918367346938776,0.9882086167800453,0.9900226757369615,0.9918367346938776,0.9894179894179894,0.9918367346938776
86,0.9904761904761905,0.9886621315192744,0.9904761904761905,0.9904761904761905,0.9904761904761905,0.9904761904761905,0.9901738473167044,0.9904761904761905
87,0.9850340136054422,0.9868480725623583,0.9904761904761905,0.98140589569161,0.9886621315192744,0.9904761904761905,0.9871504157218443,0.9904761904761905
88,0.9913832199546485,0.9913832199546485,0.9931972789115646,0.9931972789115646,0.9950113378684807,0.9859410430839002,0.9916855631141345,0.9950113378684807
89,0.9954648526077098,0.9918367346938776,0.9918367346938776,0.9900226757369615,0.9936507936507937,0.9918367346938776,0.9924414210128495,0.9954648526077098
90,0.9959183673469387,0.9922902494331066,0.9941043083900227,0.9922902494331066,0.9904761904761905,0.9941043083900227,0.9931972789115647,0.9959183673469387
91,0.9918367346938776,0.9882086167800453,0.9863945578231292,0.9918367346938776,0.9863945578231292,0.9918367346938776,0.9894179894179893,0.9918367346938776
92,0.9959183673469387,0.9941043083900227,0.9904761904761905,0.9904761904761905,0.9922902494331066,0.9959183673469387,0.9931972789115647,0.9959183673469387
93,0.9909297052154195,0.9873015873015873,0.9909297052154195,0.9909297052154195,0.9927437641723356,0.9927437641723356,0.9909297052154195,0.9927437641723356
94,0.9868480725623583,0.9832199546485261,0.9877551020408163,0.9850340136054422,0.9850340136054422,0.9786848072562359,0.98442932728647,0.9877551020408163
95,0.9922902494331066,0.9904761904761905,0.9941043083900227,0.9941043083900227,0.9941043083900227,0.9941043083900227,0.9931972789115648,0.9941043083900227
96,0.9959183673469387,0.9922902494331066,0.9922902494331066,0.9922902494331066,0.9941043083900227,0.9922902494331066,0.9931972789115647,0.9959183673469387
97,0.9900226757369615,0.9863945578231292,0.9918367346938776,0.9900226757369615,0.9863945578231292,0.9918367346938776,0.9894179894179893,0.9918367346938776
98,0.9854875283446712,0.9900226757369615,0.9891156462585035,0.9836734693877551,0.9836734693877551,0.9791383219954648,0.9851851851851853,0.9900226757369615
99,0.9913832199546485,0.9913832199546485,0.9877551020408163,0.9931972789115646,0.9950113378684807,0.9913832199546485,0.9916855631141345,0.9950113378684807
100,0.9909297052154195,0.9963718820861678,0.9945578231292517,0.9945578231292517,0.9927437641723356,0.9945578231292517,0.9939531368102797,0.9963718820861678
101,0.9913832199546485,0.9913832199546485,0.9950113378684807,0.9913832199546485,0.9913832199546485,0.9895691609977324,0.9916855631141347,0.9950113378684807
102,0.9959183673469387,0.9941043083900227,0.9904761904761905,0.9959183673469387,0.9922902494331066,0.9904761904761905,0.9931972789115645,0.9959183673469387
103,0.9832199546485261,0.9850340136054422,0.9850340136054422,0.9832199546485261,0.9832199546485261,0.9850340136054422,0.9841269841269841,0.9850340136054422
104,0.9891156462585035,0.9909297052154195,0.9927437641723356,0.9909297052154195,0.9945578231292517,0.9873015873015873,0.9909297052154195,0.9945578231292517
105,0.9918367346938776,0.9882086167800453,0.9936507936507937,0.9954648526077098,0.9918367346938776,0.9936507936507937,0.9924414210128497,0.9954648526077098
106,0.9886621315192744,0.9868480725623583,0.9922902494331066,0.9886621315192744,0.9922902494331066,0.9922902494331066,0.9901738473167044,0.9922902494331066
107,0.9936507936507937,0.9936507936507937,0.9972789115646259,0.9972789115646259,0.9954648526077098,0.9954648526077098,0.9954648526077099,0.9972789115646259
108,0.9931972789115646,0.9913832199546485,0.9931972789115646,0.9895691609977324,0.9931972789115646,0.9895691609977324,0.9916855631141347,0.9931972789115646
109,0.9886621315192744,0.9922902494331066,0.9922902494331066,0.9941043083900227,0.9850340136054422,0.9886621315192744,0.9901738473167044,0.9941043083900227
110,0.9922902494331066,0.9886621315192744,0.9922902494331066,0.9904761904761905,0.9904761904761905,0.9868480725623583,0.9901738473167044,0.9922902494331066
111,0.9900226757369615,0.9900226757369615,0.9900226757369615,0.9863945578231292,0.9882086167800453,0.9918367346938776,0.9894179894179894,0.9918367346938776
112,0.9918367346938776,0.9936507936507937,0.9900226757369615,0.9936507936507937,0.9918367346938776,0.9936507936507937,0.9924414210128495,0.9936507936507937
113,0.9972789115646259,0.9954648526077098,0.9954648526077098,0.9936507936507937,0.9954648526077098,0.9954648526077098,0.9954648526077098,0.9972789115646259
114,0.9936507936507937,0.9863945578231292,0.9936507936507937,0.982766439909297,0.9900226757369615,0.9900226757369615,0.9894179894179893,0.9936507936507937
115,0.9891156462585035,0.9891156462585035,0.9927437641723356,0.9891156462585035,0.9927437641723356,0.9927437641723356,0.9909297052154195,0.9927437641723356
116,0.9941043083900227,0.9904761904761905,0.9841269841269841,0.9922902494331066,0.9922902494331066,0.9895691609977324,0.9904761904761905,0.9941043083900227
117,0.9909297052154195,0.9909297052154195,0.9909297052154195,0.9891156462585035,0.9927437641723356,0.9909297052154195,0.9909297052154195,0.9927437641723356
118,0.9922902494331066,0.9922902494331066,0.9922902494331066,0.9904761904761905,0.9850340136054422,0.9886621315192744,0.9901738473167044,0.9922902494331066
119,0.9918367346938776,0.9882086167800453,0.9773242630385488,0.9900226757369615,0.9863945578231292,0.9845804988662131,0.9863945578231293,0.9918367346938776
120,0.9895691609977324,0.9931972789115646,0.9877551020408163,0.9913832199546485,0.9931972789115646,0.9950113378684807,0.9916855631141345,0.9950113378684807
121,0.9931972789115646,0.9877551020408163,0.9913832199546485,0.9859410430839002,0.9877551020408163,0.9859410430839002,0.9886621315192744,0.9931972789115646
122,0.9950113378684807,0.9968253968253968,0.9913832199546485,0.9950113378684807,0.9931972789115646,0.9968253968253968,0.9947089947089948,0.9968253968253968
123,0.9845804988662131,0.9891156462585035,0.9918367346938776,0.9936507936507937,0.9882086167800453,0.9909297052154195,0.9897203325774755,0.9936507936507937
124,0.9904761904761905,0.9886621315192744,0.9850340136054422,0.9941043083900227,0.9941043083900227,0.9886621315192744,0.9901738473167044,0.9941043083900227
125,0.9809523809523809,0.9900226757369615,0.9900226757369615,0.9882086167800453,0.9809523809523809,0.9882086167800453,0.9863945578231291,0.9900226757369615
126,0.9904761904761905,0.9922902494331066,0.9886621315192744,0.9850340136054422,0.9904761904761905,0.9941043083900227,0.9901738473167047,0.9941043083900227
127,0.9850340136054422,0.9868480725623583,0.9886621315192744,0.9868480725623583,0.9886621315192744,0.9868480725623583,0.9871504157218443,0.9886621315192744
128,0.9854875283446712,0.9891156462585035,0.9891156462585035,0.9836734693877551,0.9927437641723356,0.9873015873015873,0.9879062736205594,0.9927437641723356
129,0.9891156462585035,0.9891156462585035,0.9891156462585035,0.9836734693877551,0.9873015873015873,0.9891156462585035,0.9879062736205594,0.9891156462585035
130,0.9913832199546485,0.9877551020408163,0.9950113378684807,0.9913832199546485,0.9950113378684807,0.9895691609977324,0.9916855631141347,0.9950113378684807
131,0.9900226757369615,0.9900226757369615,0.9845804988662131,0.9900226757369615,0.9900226757369615,0.9918367346938776,0.9894179894179893,0.9918367346938776
132,0.9891156462585035,0.9873015873015873,0.9873015873015873,0.9873015873015873,0.9909297052154195,0.9854875283446712,0.9879062736205594,0.9909297052154195
133,0.9886621315192744,0.9850340136054422,0.9759637188208616,0.9850340136054422,0.9832199546485261,0.9868480725623583,0.9841269841269842,0.9886621315192744
134,0.9941043083900227,0.9922902494331066,0.9922902494331066,0.9886621315192744,0.9959183673469387,0.9959183673469387,0.9931972789115647,0.9959183673469387
135,0.9963718820861678,0.9909297052154195,0.9963718820861678,0.9909297052154195,0.9927437641723356,0.9963718820861678,0.9939531368102795,0.9963718820861678
136,0.9913832199546485,0.9913832199546485,0.9786848072562359,0.9913832199546485,0.9895691609977324,0.9895691609977324,0.9886621315192743,0.9913832199546485
137,0.9909297052154195,0.9909297052154195,0.9873015873015873,0.9909297052154195,0.9927437641723356,0.9927437641723356,0.9909297052154195,0.9927437641723356
138,0.9900226757369615,0.9900226757369615,0.9845804988662131,0.9918367346938776,0.9882086167800453,0.9918367346938776,0.9894179894179893,0.9918367346938776
139,0.9954648526077098,0.9900226757369615,0.9936507936507937,0.9936507936507937,0.9918367346938776,0.9900226757369615,0.9924414210128495,0.9954648526077098
140,0.9918367346938776,0.9918367346938776,0.9863945578231292,0.9900226757369615,0.9845804988662131,0.9918367346938776,0.9894179894179894,0.9918367346938776
141,0.9941043083900227,0.9913832199546485,0.9959183673469387,0.9922902494331066,0.9941043083900227,0.9931972789115646,0.9934996220710506,0.9959183673469387
142,0.9904761904761905,0.9941043083900227,0.9868480725623583,0.9922902494331066,0.9904761904761905,0.9868480725623583,0.9901738473167044,0.9941043083900227
143,0.9850340136054422,0.9886621315192744,0.9941043083900227,0.9886621315192744,0.9904761904761905,0.9941043083900227,0.9901738473167044,0.9941043083900227
144,0.9941043083900227,0.9922902494331066,0.9941043083900227,0.9904761904761905,0.9922902494331066,0.9959183673469387,0.9931972789115647,0.9959183673469387
145,0.9909297052154195,0.9927437641723356,0.9963718820861678,0.9945578231292517,0.9945578231292517,0.9945578231292517,0.9939531368102795,0.9963718820861678
146,0.9922902494331066,0.9904761904761905,0.9904761904761905,0.9850340136054422,0.9886621315192744,0.9941043083900227,0.9901738473167047,0.9941043083900227
147,0.9850340136054422,0.9859410430839002,0.9922902494331066,0.9886621315192744,0.9850340136054422,0.9877551020408163,0.9874527588813303,0.9922902494331066
148,0.9868480725623583,0.9886621315192744,0.9850340136054422,0.9904761904761905,0.9922902494331066,0.9795918367346939,0.9871504157218444,0.9922902494331066
149,0.9841269841269841,0.9913832199546485,0.9895691609977324,0.9877551020408163,0.9913832199546485,0.9877551020408163,0.9886621315192744,0.9913832199546485
150,0.9963718820861678,0.9891156462585035,0.9945578231292517,0.9963718820861678,0.9945578231292517,0.9927437641723356,0.9939531368102795,0.9963718820861678
151,0.9850340136054422,0.9886621315192744,0.9922902494331066,0.9922902494331066,0.9922902494331066,0.9904761904761905,0.9901738473167044,0.9922902494331066
152,0.9854875283446712,0.9845804988662131,0.9909297052154195,0.9854875283446712,0.9836734693877551,0.9809523809523809,0.9851851851851853,0.9909297052154195
153,0.9913832199546485,0.9841269841269841,0.9895691609977324,0.9931972789115646,0.9895691609977324,0.9841269841269841,0.9886621315192743,0.9931972789115646
154,0.9968253968253968,0.9950113378684807,0.9931972789115646,0.9950113378684807,0.9931972789115646,0.9950113378684807,0.9947089947089945,0.9968253968253968
155,0.9868480725623583,0.9904761904761905,0.9904761904761905,0.9904761904761905,0.9922902494331066,0.9904761904761905,0.9901738473167044,0.9922902494331066
156,0.9913832199546485,0.9931972789115646,0.9877551020408163,0.9913832199546485,0.9931972789115646,0.9931972789115646,0.9916855631141345,0.9931972789115646
157,0.9904761904761905,0.9922902494331066,0.9832199546485261,0.9922902494331066,0.9941043083900227,0.9886621315192744,0.9901738473167044,0.9941043083900227
158,0.9963718820861678,0.9945578231292517,0.9927437641723356,0.9945578231292517,0.9909297052154195,0.9945578231292517,0.9939531368102795,0.9963718820861678
159,0.9873015873015873,0.9891156462585035,0.9891156462585035,0.9927437641723356,0.9945578231292517,0.9927437641723356,0.9909297052154195,0.9945578231292517
160,0.9900226757369615,0.9954648526077098,0.9936507936507937,0.9900226757369615,0.9936507936507937,0.9918367346938776,0.9924414210128495,0.9954648526077098
161,0.9850340136054422,0.98140589569161,0.9886621315192744,0.98140589569161,0.98140589569161,0.9868480725623583,0.9841269841269841,0.9886621315192744
162,0.9895691609977324,0.9841269841269841,0.9768707482993197,0.9877551020408163,0.9895691609977324,0.9859410430839002,0.9856386999244142,0.9895691609977324
163,0.9904761904761905,0.9941043083900227,0.9959183673469387,0.9904761904761905,0.9922902494331066,0.9959183673469387,0.9931972789115647,0.9959183673469387
164,0.9918367346938776,0.9918367346938776,0.9918367346938776,0.9882086167800453,0.9845804988662131,0.9882086167800453,0.9894179894179894,0.9918367346938776
165,0.9904761904761905,0.9904761904761905,0.9922902494331066,0.9868480725623583,0.9922902494331066,0.9886621315192744,0.9901738473167044,0.9922902494331066
166,0.9859410430839002,0.9841269841269841,0.9841269841269841,0.980498866213152,0.9895691609977324,0.9895691609977324,0.9856386999244142,0.9895691609977324
167,0.9850340136054422,0.9922902494331066,0.9877551020408163,0.9895691609977324,0.9895691609977324,0.9895691609977324,0.9889644746787605,0.9922902494331066
168,0.9891156462585035,0.9909297052154195,0.9927437641723356,0.9891156462585035,0.9927437641723356,0.9909297052154195,0.9909297052154195,0.9927437641723356
169,0.9945578231292517,0.9927437641723356,0.9927437641723356,0.9945578231292517,0.9945578231292517,0.9945578231292517,0.9939531368102795,0.9945578231292517
170,0.9854875283446712,0.9909297052154195,0.9873015873015873,0.9927437641723356,0.9873015873015873,0.9836734693877551,0.9879062736205594,0.9927437641723356
171,0.9891156462585035,0.9945578231292517,0.9945578231292517,0.9854875283446712,0.9927437641723356,0.9891156462585035,0.9909297052154195,0.9945578231292517
172,0.9868480725623583,0.9922902494331066,0.9904761904761905,0.9922902494331066,0.9904761904761905,0.9886621315192744,0.9901738473167044,0.9922902494331066
173,0.9895691609977324,0.9913832199546485,0.9913832199546485,0.9913832199546485,0.9913832199546485,0.9950113378684807,0.9916855631141345,0.9950113378684807
174,0.9977324263038548,0.9959183673469387,0.9941043083900227,0.9977324263038548,0.9941043083900227,0.9977324263038548,0.9962207105064248,0.9977324263038548
175,0.9823129251700681,0.9895691609977324,0.9886621315192744,0.9841269841269841,0.9913832199546485,0.9795918367346939,0.9859410430839003,0.9913832199546485
176,0.9854875283446712,0.9918367346938776,0.9891156462585035,0.9909297052154195,0.9909297052154195,0.9809523809523809,0.9882086167800453,0.9918367346938776
177,0.9863945578231292,0.9882086167800453,0.9863945578231292,0.982766439909297,0.9882086167800453,0.9863945578231292,0.9863945578231291,0.9882086167800453
178,0.9891156462585035,0.9854875283446712,0.9764172335600907,0.981859410430839,0.9891156462585035,0.9873015873015873,0.9848828420256992,0.9891156462585035
179,0.9859410430839002,0.9913832199546485,0.9868480725623583,0.9886621315192744,0.9913832199546485,0.9895691609977324,0.9889644746787601,0.9913832199546485
180,0.9936507936507937,0.9936507936507937,0.9918367346938776,0.9936507936507937,0.9918367346938776,0.9900226757369615,0.9924414210128495,0.9936507936507937
181,0.9904761904761905,0.9941043083900227,0.9922902494331066,0.9941043083900227,0.9959183673469387,0.9922902494331066,0.9931972789115645,0.9959183673469387
182,0.9913832199546485,0.9859410430839002,0.9950113378684807,0.9931972789115646,0.9931972789115646,0.9913832199546485,0.9916855631141344,0.9950113378684807
183,0.9931972789115646,0.9913832199546485,0.9950113378684807,0.9877551020408163,0.9913832199546485,0.9913832199546485,0.9916855631141344,0.9950113378684807
184,0.9891156462585035,0.9927437641723356,0.9836734693877551,0.9854875283446712,0.9909297052154195,0.9854875283446712,0.9879062736205594,0.9927437641723356
185,0.9895691609977324,0.9931972789115646,0.9895691609977324,0.9877551020408163,0.9950113378684807,0.9950113378684807,0.9916855631141345,0.9950113378684807
186,0.9886621315192744,0.9832199546485261,0.9850340136054422,0.9904761904761905,0.9868480725623583,0.9886621315192744,0.9871504157218443,0.9904761904761905
187,0.9909297052154195,0.9927437641723356,0.9936507936507937,0.9954648526077098,0.9918367346938776,0.9918367346938776,0.9927437641723356,0.9954648526077098
188,0.9895691609977324,0.9886621315192744,0.98140589569161,0.9868480725623583,0.9895691609977324,0.9886621315192744,0.9874527588813303,0.9895691609977324
189,0.9922902494331066,0.9886621315192744,0.9904761904761905,0.9886621315192744,0.9904761904761905,0.9904761904761905,0.9901738473167044,0.9922902494331066
190,0.9959183673469387,0.9904761904761905,0.9941043083900227,0.9886621315192744,0.9959183673469387,0.9941043083900227,0.9931972789115647,0.9959183673469387
191,0.9931972789115646,0.9950113378684807,0.9950113378684807,0.9950113378684807,0.9931972789115646,0.9968253968253968,0.9947089947089948,0.9968253968253968
192,0.9900226757369615,0.9918367346938776,0.9918367346938776,0.9863945578231292,0.9918367346938776,0.9845804988662131,0.9894179894179894,0.9918367346938776
193,0.9913832199546485,0.9931972789115646,0.9931972789115646,0.9877551020408163,0.9913832199546485,0.9931972789115646,0.9916855631141345,0.9931972789115646
194,0.9904761904761905,0.9959183673469387,0.9941043083900227,0.9941043083900227,0.9922902494331066,0.9922902494331066,0.9931972789115647,0.9959183673469387
195,0.9904761904761905,0.9904761904761905,0.9922902494331066,0.9886621315192744,0.9868480725623583,0.9922902494331066,0.9901738473167044,0.9922902494331066
196,0.9863945578231292,0.9863945578231292,0.9936507936507937,0.9900226757369615,0.9900226757369615,0.9900226757369615,0.9894179894179893,0.9936507936507937
197,0.9913832199546485,0.9913832199546485,0.9877551020408163,0.9859410430839002,0.9895691609977324,0.9859410430839002,0.9886621315192744,0.9913832199546485
198,0.9950113378684807,0.9950113378684807,0.9968253968253968,0.9950113378684807,0.9950113378684807,0.9913832199546485,0.9947089947089945,0.9968253968253968
199,0.9936507936507937,0.9918367346938776,0.9954648526077098,0.9954648526077098,0.9863945578231292,0.9918367346938776,0.9924414210128497,0.9954648526077098
200,0.9877551020408163,0.9895691609977324,0.9768707482993197,0.9877551020408163,0.9841269841269841,0.9877551020408163,0.9856386999244142,0.9895691609977324
201,0.9936507936507937,0.9954648526077098,0.9936507936507937,0.9972789115646259,0.9972789115646259,0.9954648526077098,0.9954648526077099,0.9972789115646259
202,0.9941043083900227,0.9886621315192744,0.9886621315192744,0.9850340136054422,0.9904761904761905,0.9941043083900227,0.9901738473167047,0.9941043083900227
203,0.9931972789115646,0.9950113378684807,0.9950113378684807,0.9950113378684807,0.9931972789115646,0.9968253968253968,0.9947089947089948,0.9968253968253968
204,0.9909297052154195,0.9873015873015873,0.9909297052154195,0.9927437641723356,0.9909297052154195,0.9927437641723356,0.9909297052154195,0.9927437641723356
205,0.9904761904761905,0.9941043083900227,0.9941043083900227,0.9959183673469387,0.9941043083900227,0.9904761904761905,0.9931972789115647,0.9959183673469387
206,0.9959183673469387,0.9922902494331066,0.9941043083900227,0.9941043083900227,0.9922902494331066,0.9904761904761905,0.9931972789115647,0.9959183673469387
207,0.9918367346938776,0.9918367346938776,0.9918367346938776,0.9863945578231292,0.9845804988662131,0.9900226757369615,0.9894179894179894,0.9918367346938776
208,0.9868480725623583,0.9904761904761905,0.9922902494331066,0.9850340136054422,0.9941043083900227,0.9922902494331066,0.9901738473167044,0.9941043083900227
209,0.9895691609977324,0.9950113378684807,0.9913832199546485,0.9904761904761905,0.9931972789115646,0.9922902494331066,0.9919879062736205,0.9950113378684807
210,0.9891156462585035,0.9891156462585035,0.9854875283446712,0.9836734693877551,0.9927437641723356,0.9873015873015873,0.9879062736205594,0.9927437641723356
211,0.9950113378684807,0.9913832199546485,0.9877551020408163,0.9877551020408163,0.9931972789115646,0.9950113378684807,0.9916855631141345,0.9950113378684807
212,0.9931972789115646,0.9895691609977324,0.9913832199546485,0.9904761904761905,0.9941043083900227,0.9931972789115646,0.9919879062736205,0.9941043083900227
213,0.9904761904761905,0.9922902494331066,0.9904761904761905,0.9886621315192744,0.9868480725623583,0.9922902494331066,0.9901738473167044,0.9922902494331066
214,0.9850340136054422,0.9868480725623583,0.9868480725623583,0.9922902494331066,0.9850340136054422,0.9868480725623583,0.9871504157218443,0.9922902494331066
215,0.9950113378684807,0.9931972789115646,0.9968253968253968,0.9950113378684807,0.9950113378684807,0.9931972789115646,0.9947089947089948,0.9968253968253968
216,0.9886621315192744,0.9868480725623583,0.9922902494331066,0.9922902494331066,0.9886621315192744,0.9922902494331066,0.9901738473167047,0.9922902494331066
217,0.9845804988662131,0.9900226757369615,0.9918367346938776,0.9845804988662131,0.9936507936507937,0.9918367346938776,0.9894179894179893,0.9936507936507937
218,0.9854875283446712,0.9945578231292517,0.9891156462585035,0.9909297052154195,0.9927437641723356,0.9927437641723356,0.9909297052154195,0.9945578231292517
219,0.9954648526077098,0.9936507936507937,0.9900226757369615,0.9936507936507937,0.9900226757369615,0.9918367346938776,0.9924414210128495,0.9954648526077098
220,0.9918367346938776,0.9909297052154195,0.9845804988662131,0.9873015873015873,0.9918367346938776,0.9918367346938776,0.9897203325774755,0.9918367346938776
221,0.9950113378684807,0.9931972789115646,0.9913832199546485,0.9931972789115646,0.9877551020408163,0.9895691609977324,0.9916855631141347,0.9950113378684807
222,0.9913832199546485,0.9877551020408163,0.9950113378684807,0.9931972789115646,0.9913832199546485,0.9913832199546485,0.9916855631141344,0.9950113378684807
223,0.9909297052154195,0.9873015873015873,0.9927437641723356,0.9927437641723356,0.9891156462585035,0.9927437641723356,0.9909297052154195,0.9927437641723356
224,0.9918367346938776,0.9918367346938776,0.9918367346938776,0.9900226757369615,0.9936507936507937,0.9954648526077098,0.9924414210128497,0.9954648526077098
225,0.9882086167800453,0.9909297052154195,0.9927437641723356,0.9918367346938776,0.9927437641723356,0.9909297052154195,0.9912320483749055,0.9927437641723356
226,0.9950113378684807,0.9913832199546485,0.9913832199546485,0.9950113378684807,0.9859410430839002,0.9913832199546485,0.9916855631141345,0.9950113378684807
227,0.9904761904761905,0.9904761904761905,0.9850340136054422,0.9941043083900227,0.9904761904761905,0.9904761904761905,0.9901738473167044,0.9941043083900227
228,0.9950113378684807,0.9913832199546485,0.9931972789115646,0.9950113378684807,0.9968253968253968,0.9968253968253968,0.9947089947089948,0.9968253968253968
229,0.9886621315192744,0.9886621315192744,0.9922902494331066,0.9904761904761905,0.9922902494331066,0.9886621315192744,0.9901738473167044,0.9922902494331066
230,0.980498866213152,0.9832199546485261,0.9832199546485261,0.9786848072562359,0.9841269841269841,0.9877551020408163,0.98291761148904,0.9877551020408163
231,0.9931972789115646,0.9841269841269841,0.9913832199546485,0.9895691609977324,0.9877551020408163,0.9859410430839002,0.9886621315192744,0.9931972789115646
232,0.9950113378684807,0.9913832199546485,0.9877551020408163,0.9895691609977324,0.9931972789115646,0.9931972789115646,0.9916855631141345,0.9950113378684807
233,0.9863945578231292,0.9918367346938776,0.9918367346938776,0.9882086167800453,0.9882086167800453,0.9900226757369615,0.9894179894179893,0.9918367346938776
234,0.9936507936507937,0.9954648526077098,0.9900226757369615,0.9918367346938776,0.9936507936507937,0.9900226757369615,0.9924414210128495,0.9954648526077098
235,0.9891156462585035,0.9927437641723356,0.9909297052154195,0.9927437641723356,0.9891156462585035,0.9909297052154195,0.9909297052154195,0.9927437641723356
236,0.9950113378684807,0.9968253968253968,0.9968253968253968,0.9950113378684807,0.9931972789115646,0.9913832199546485,0.9947089947089945,0.9968253968253968
237,0.9918367346938776,0.9954648526077098,0.9936507936507937,0.9954648526077098,0.9882086167800453,0.9900226757369615,0.9924414210128495,0.9954648526077098
238,0.9954648526077098,0.9927437641723356,0.9900226757369615,0.9936507936507937,0.9954648526077098,0.9891156462585035,0.9927437641723357,0.9954648526077098
239,0.9936507936507937,0.9918367346938776,0.9936507936507937,0.9936507936507937,0.9918367346938776,0.9900226757369615,0.9924414210128495,0.9936507936507937
240,0.9891156462585035,0.9909297052154195,0.9909297052154195,0.9909297052154195,0.9927437641723356,0.9909297052154195,0.9909297052154195,0.9927437641723356
241,0.9904761904761905,0.9959183673469387,0.9904761904761905,0.9941043083900227,0.9941043083900227,0.9941043083900227,0.9931972789115647,0.9959183673469387
242,0.9900226757369615,0.9863945578231292,0.9918367346938776,0.9918367346938776,0.9882086167800453,0.9882086167800453,0.9894179894179893,0.9918367346938776
243,0.9922902494331066,0.9904761904761905,0.9795918367346939,0.9941043083900227,0.9922902494331066,0.9922902494331066,0.9901738473167047,0.9941043083900227
244,0.9954648526077098,0.9918367346938776,0.9882086167800453,0.9954648526077098,0.9900226757369615,0.9936507936507937,0.9924414210128497,0.9954648526077098
245,0.9873015873015873,0.9891156462585035,0.9891156462585035,0.9891156462585035,0.9909297052154195,0.981859410430839,0.9879062736205594,0.9909297052154195
246,0.9922902494331066,0.9904761904761905,0.9850340136054422,0.9922902494331066,0.9886621315192744,0.9922902494331066,0.9901738473167047,0.9922902494331066
247,0.9868480725623583,0.9941043083900227,0.9950113378684807,0.9859410430839002,0.9950113378684807,0.9950113378684807,0.9919879062736205,0.9950113378684807
248,0.9895691609977324,0.9868480725623583,0.9904761904761905,0.9832199546485261,0.9868480725623583,0.9877551020408163,0.9874527588813304,0.9904761904761905
249,0.9836734693877551,0.9873015873015873,0.9854875283446712,0.9909297052154195,0.9891156462585035,0.9909297052154195,0.9879062736205594,0.9909297052154195
250,0.9904761904761905,0.9886621315192744,0.9868480725623583,0.9922902494331066,0.9904761904761905,0.9922902494331066,0.9901738473167044,0.9922902494331066
251,0.9904761904761905,0.9895691609977324,0.98140589569161,0.9886621315192744,0.9886621315192744,0.9859410430839002,0.9874527588813303,0.9904761904761905
252,0.9927437641723356,0.9873015873015873,0.9945578231292517,0.9909297052154195,0.9891156462585035,0.9909297052154195,0.9909297052154195,0.9945578231292517
253,0.9863945578231292,0.9882086167800453,0.9918367346938776,0.9863945578231292,0.9918367346938776,0.9918367346938776,0.9894179894179894,0.9918367346938776
254,0.9941043083900227,0.9904761904761905,0.9941043083900227,0.9941043083900227,0.9922902494331066,0.9941043083900227,0.9931972789115647,0.9941043083900227
255,0.9863945578231292,0.9863945578231292,0.981859410430839,0.9882086167800453,0.9900226757369615,0.9873015873015873,0.9866969009826153,0.9900226757369615
256,0.9895691609977324,0.9895691609977324,0.9895691609977324,0.9877551020408163,0.9877551020408163,0.9877551020408163,0.9886621315192744,0.9895691609977324
257,0.9895691609977324,0.9931972789115646,0.9950113378684807,0.9877551020408163,0.9931972789115646,0.9913832199546485,0.9916855631141345,0.9950113378684807
258,0.9945578231292517,0.9927437641723356,0.9854875283446712,0.9891156462585035,0.9927437641723356,0.9909297052154195,0.9909297052154195,0.9945578231292517
259,0.9972789115646259,0.9936507936507937,0.9900226757369615,0.9972789115646259,0.9972789115646259,0.9972789115646259,0.9954648526077099,0.9972789115646259
260,0.9904761904761905,0.9904761904761905,0.9904761904761905,0.9832199546485261,0.9922902494331066,0.9941043083900227,0.9901738473167044,0.9941043083900227
261,0.9895691609977324,0.9841269841269841,0.9931972789115646,0.9877551020408163,0.9859410430839002,0.9913832199546485,0.9886621315192743,0.9931972789115646
262,0.9941043083900227,0.9922902494331066,0.9868480725623583,0.9941043083900227,0.9959183673469387,0.9959183673469387,0.9931972789115647,0.9959183673469387
263,0.9832199546485261,0.9868480725623583,0.9922902494331066,0.9868480725623583,0.9850340136054422,0.9886621315192744,0.9871504157218443,0.9922902494331066
264,0.9909297052154195,0.9918367346938776,0.9900226757369615,0.982766439909297,0.9918367346938776,0.9909297052154195,0.9897203325774755,0.9918367346938776
265,0.9931972789115646,0.9913832199546485,0.9931972789115646,0.9913832199546485,0.9913832199546485,0.9895691609977324,0.9916855631141347,0.9931972789115646
266,0.9918367346938776,0.9900226757369615,0.9936507936507937,0.9936507936507937,0.9900226757369615,0.9954648526077098,0.9924414210128497,0.9954648526077098
267,0.9950113378684807,0.9913832199546485,0.9913832199546485,0.9931972789115646,0.9877551020408163,0.9913832199546485,0.9916855631141345,0.9950113378684807
268,0.9854875283446712,0.9909297052154195,0.9927437641723356,0.9927437641723356,0.9927437641723356,0.9909297052154195,0.9909297052154195,0.9927437641723356
269,0.9909297052154195,0.9927437641723356,0.9909297052154195,0.9891156462585035,0.9927437641723356,0.9891156462585035,0.9909297052154195,0.9927437641723356
270,0.9873015873015873,0.9854875283446712,0.9854875283446712,0.9909297052154195,0.9909297052154195,0.9873015873015873,0.9879062736205593,0.9909297052154195
271,0.9873015873015873,0.9891156462585035,0.9854875283446712,0.9854875283446712,0.9891156462585035,0.9909297052154195,0.9879062736205594,0.9909297052154195
272,0.9936507936507937,0.9900226757369615,0.9900226757369615,0.9918367346938776,0.9954648526077098,0.9936507936507937,0.9924414210128495,0.9954648526077098
273,0.9882086167800453,0.9854875283446712,0.982766439909297,0.9900226757369615,0.9918367346938776,0.981859410430839,0.9866969009826151,0.9918367346938776
274,0.9941043083900227,0.9941043083900227,0.9922902494331066,0.9922902494331066,0.9904761904761905,0.9959183673469387,0.9931972789115647,0.9959183673469387
275,0.9918367346938776,0.9918367346938776,0.9863945578231292,0.9882086167800453,0.9863945578231292,0.9918367346938776,0.9894179894179894,0.9918367346938776
276,0.9904761904761905,0.9895691609977324,0.9850340136054422,0.9859410430839002,0.9850340136054422,0.9886621315192744,0.9874527588813303,0.9904761904761905
277,0.9863945578231292,0.9882086167800453,0.9909297052154195,0.9854875283446712,0.9873015873015873,0.9909297052154195,0.9882086167800453,0.9909297052154195
278,0.9927437641723356,0.9891156462585035,0.9963718820861678,0.9945578231292517,0.9945578231292517,0.9963718820861678,0.9939531368102797,0.9963718820861678
279,0.9941043083900227,0.9877551020408163,0.9850340136054422,0.9913832199546485,0.9904761904761905,0.9941043083900227,0.9904761904761905,0.9941043083900227
280,0.9922902494331066,0.9959183673469387,0.9941043083900227,0.9941043083900227,0.9904761904761905,0.9922902494331066,0.9931972789115647,0.9959183673469387
281,0.9931972789115646,0.9931972789115646,0.9931972789115646,0.9877551020408163,0.9913832199546485,0.9913832199546485,0.9916855631141345,0.9931972789115646
282,0.9954648526077098,0.9882086167800453,0.9936507936507937,0.9954648526077098,0.9918367346938776,0.9900226757369615,0.9924414210128495,0.9954648526077098
283,0.9909297052154195,0.9873015873015873,0.9927437641723356,0.9891156462585035,0.9927437641723356,0.9927437641723356,0.9909297052154195,0.9927437641723356
284,0.9909297052154195,0.9854875283446712,0.9873015873015873,0.9891156462585035,0.9891156462585035,0.9854875283446712,0.9879062736205594,0.9909297052154195
285,0.9927437641723356,0.9918367346938776,0.9936507936507937,0.9954648526077098,0.9882086167800453,0.9945578231292517,0.9927437641723356,0.9954648526077098
286,0.9945578231292517,0.9927437641723356,0.9945578231292517,0.9927437641723356,0.9945578231292517,0.9945578231292517,0.9939531368102795,0.9945578231292517
287,0.9886621315192744,0.9868480725623583,0.9832199546485261,0.9904761904761905,0.9904761904761905,0.9832199546485261,0.9871504157218443,0.9904761904761905
288,0.9931972789115646,0.9913832199546485,0.9931972789115646,0.9913832199546485,0.9895691609977324,0.9913832199546485,0.9916855631141345,0.9931972789115646
289,0.9873015873015873,0.9945578231292517,0.9836734693877551,0.9945578231292517,0.9945578231292517,0.9909297052154195,0.9909297052154197,0.9945578231292517
290,0.9850340136054422,0.9868480725623583,0.9832199546485261,0.9922902494331066,0.9886621315192744,0.9868480725623583,0.9871504157218443,0.9922902494331066
291,0.9873015873015873,0.9836734693877551,0.9891156462585035,0.9854875283446712,0.9909297052154195,0.9909297052154195,0.9879062736205594,0.9909297052154195
292,0.9927437641723356,0.9936507936507937,0.9882086167800453,0.9954648526077098,0.9927437641723356,0.9936507936507937,0.9927437641723357,0.9954648526077098
293,0.9904761904761905,0.9886621315192744,0.9922902494331066,0.9868480725623583,0.9886621315192744,0.9941043083900227,0.9901738473167044,0.9941043083900227
294,0.9913832199546485,0.9950113378684807,0.9950113378684807,0.9968253968253968,0.9931972789115646,0.9968253968253968,0.9947089947089948,0.9968253968253968
295,0.9927437641723356,0.9927437641723356,0.9909297052154195,0.9836734693877551,0.9945578231292517,0.9909297052154195,0.9909297052154195,0.9945578231292517
296,0.9909297052154195,0.9927437641723356,0.9873015873015873,0.9891156462585035,0.9945578231292517,0.9909297052154195,0.9909297052154195,0.9945578231292517
297,0.9868480725623583,0.9886621315192744,0.9886621315192744,0.9904761904761905,0.9922902494331066,0.9941043083900227,0.9901738473167044,0.9941043083900227
298,0.9936507936507937,0.9900226757369615,0.9882086167800453,0.9936507936507937,0.9936507936507937,0.9954648526077098,0.9924414210128497,0.9954648526077098
299,0.9936507936507937,0.9918367346938776,0.9936507936507937,0.9900226757369615,0.9936507936507937,0.9918367346938776,0.9924414210128495,0.9936507936507937
300,0.9909297052154195,0.9909297052154195,0.9891156462585035,0.9945578231292517,0.9927437641723356,0.9873015873015873,0.9909297052154195,0.9945578231292517
301,0.9922902494331066,0.9922902494331066,0.9850340136054422,0.9941043083900227,0.9886621315192744,0.9886621315192744,0.9901738473167044,0.9941043083900227
302,0.9859410430839002,0.9877551020408163,0.9823129251700681,0.9877551020408163,0.980498866213152,0.9895691609977324,0.9856386999244142,0.9895691609977324
303,0.9922902494331066,0.9959183673469387,0.9922902494331066,0.9941043083900227,0.9904761904761905,0.9941043083900227,0.9931972789115647,0.9959183673469387
304,0.9918367346938776,0.9882086167800453,0.9918367346938776,0.982766439909297,0.9936507936507937,0.9882086167800453,0.9894179894179893,0.9936507936507937
305,0.9922902494331066,0.9877551020408163,0.9886621315192744,0.9913832199546485,0.9922902494331066,0.9904761904761905,0.9904761904761905,0.9922902494331066
306,0.9972789115646259,0.9954648526077098,0.9972789115646259,0.9954648526077098,0.9936507936507937,0.9936507936507937,0.9954648526077098,0.9972789115646259
307,0.9850340136054422,0.9886621315192744,0.9886621315192744,0.9850340136054422,0.9904761904761905,0.9850340136054422,0.9871504157218443,0.9904761904761905
308,0.9922902494331066,0.9904761904761905,0.9886621315192744,0.9850340136054422,0.9922902494331066,0.9922902494331066,0.9901738473167044,0.9922902494331066
309,0.9963718820861678,0.9945578231292517,0.9963718820861678,0.9918367346938776,0.9954648526077098,0.9909297052154195,0.9942554799697657,0.9963718820861678
310,0.9931972789115646,0.9886621315192744,0.9886621315192744,0.9950113378684807,0.9950113378684807,0.9913832199546485,0.9919879062736205,0.9950113378684807
311,0.9950113378684807,0.9968253968253968,0.9913832199546485,0.9950113378684807,0.9968253968253968,0.9931972789115646,0.9947089947089948,0.9968253968253968
312,0.9927437641723356,0.9909297052154195,0.9854875283446712,0.9945578231292517,0.9945578231292517,0.9873015873015873,0.9909297052154195,0.9945578231292517
313,0.9882086167800453,0.9900226757369615,0.9873015873015873,0.9909297052154195,0.9836734693877551,0.9891156462585035,0.9882086167800453,0.9909297052154195
314,0.9873015873015873,0.9836734693877551,0.9891156462585035,0.981859410430839,0.9873015873015873,0.9800453514739229,0.9848828420256991,0.9891156462585035
315,0.9913832199546485,0.9859410430839002,0.9931972789115646,0.9931972789115646,0.9913832199546485,0.9950113378684807,0.9916855631141344,0.9950113378684807
316,0.9927437641723356,0.9927437641723356,0.9945578231292517,0.9963718820861678,0.9963718820861678,0.9909297052154195,0.9939531368102797,0.9963718820861678
317,0.9873015873015873,0.9927437641723356,0.9873015873015873,0.9945578231292517,0.9945578231292517,0.9891156462585035,0.9909297052154195,0.9945578231292517
318,0.9882086167800453,0.9882086167800453,0.9882086167800453,0.9936507936507937,0.9882086167800453,0.9900226757369615,0.9894179894179893,0.9936507936507937
319,0.9918367346938776,0.9918367346938776,0.9900226757369615,0.9936507936507937,0.9918367346938776,0.9954648526077098,0.9924414210128497,0.9954648526077098
320,0.9886621315192744,0.9904761904761905,0.9895691609977324,0.9832199546485261,0.9823129251700681,0.9904761904761905,0.9874527588813303,0.9904761904761905
321,0.9909297052154195,0.9900226757369615,0.9882086167800453,0.9918367346938776,0.9845804988662131,0.9927437641723356,0.9897203325774754,0.9927437641723356
322,0.9863945578231292,0.9854875283446712,0.9891156462585035,0.9900226757369615,0.9909297052154195,0.9873015873015873,0.9882086167800455,0.9909297052154195
323,0.9945578231292517,0.9927437641723356,0.9873015873015873,0.9854875283446712,0.9909297052154195,0.9945578231292517,0.9909297052154195,0.9945578231292517
324,0.9882086167800453,0.9863945578231292,0.9755102040816327,0.9809523809523809,0.9845804988662131,0.9845804988662131,0.9833711262282692,0.9882086167800453
325,0.9936507936507937,0.9918367346938776,0.9900226757369615,0.9936507936507937,0.9918367346938776,0.9936507936507937,0.9924414210128495,0.9936507936507937
326,0.9922902494331066,0.9904761904761905,0.9886621315192744,0.9850340136054422,0.9941043083900227,0.9904761904761905,0.9901738473167044,0.9941043083900227
327,0.9868480725623583,0.9941043083900227,0.9922902494331066,0.9959183673469387,0.9959183673469387,0.9941043083900227,0.9931972789115647,0.9959183673469387
328,0.9900226757369615,0.9918367346938776,0.9936507936507937,0.9936507936507937,0.9900226757369615,0.9954648526077098,0.9924414210128497,0.9954648526077098
329,0.9882086167800453,0.9863945578231292,0.9900226757369615,0.9918367346938776,0.9882086167800453,0.9918367346938776,0.9894179894179893,0.9918367346938776
330,0.9913832199546485,0.9859410430839002,0.9859410430839002,0.9913832199546485,0.9895691609977324,0.9877551020408163,0.9886621315192744,0.9913832199546485
331,0.9922902494331066,0.9959183673469387,0.9886621315192744,0.9941043083900227,0.9959183673469387,0.9922902494331066,0.9931972789115645,0.9959183673469387
332,0.9863945578231292,0.9945578231292517,0.9927437641723356,0.9882086167800453,0.9945578231292517,0.9909297052154195,0.9912320483749055,0.9945578231292517
333,0.9868480725623583,0.9868480725623583,0.9795918367346939,0.9868480725623583,0.9795918367346939,0.9850340136054422,0.9841269841269841,0.9868480725623583
334,0.9913832199546485,0.9913832199546485,0.9913832199546485,0.9931972789115646,0.9913832199546485,0.9913832199546485,0.9916855631141344,0.9931972789115646
335,0.9786848072562359,0.9841269841269841,0.9859410430839002,0.9823129251700681,0.9823129251700681,0.9823129251700681,0.982615268329554,0.9859410430839002
336,0.9877551020408163,0.9931972789115646,0.9913832199546485,0.9913832199546485,0.9877551020408163,0.980498866213152,0.9886621315192744,0.9931972789115646
337,0.9895691609977324,0.9922902494331066,0.9941043083900227,0.9941043083900227,0.9959183673469387,0.9950113378684807,0.9934996220710507,0.9959183673469387
338,0.9891156462585035,0.9891156462585035,0.9927437641723356,0.9927437641723356,0.9909297052154195,0.9909297052154195,0.9909297052154195,0.9927437641723356
339,0.9954648526077098,0.9936507936507937,0.9954648526077098,0.9972789115646259,0.9972789115646259,0.9936507936507937,0.9954648526077099,0.9972789115646259
340,0.9927437641723356,0.9927437641723356,0.9909297052154195,0.9909297052154195,0.9909297052154195,0.9873015873015873,0.9909297052154195,0.9927437641723356
341,0.9936507936507937,0.9900226757369615,0.9882086167800453,0.9882086167800453,0.9918367346938776,0.9845804988662131,0.9894179894179894,0.9936507936507937
342,0.9895691609977324,0.9913832199546485,0.9859410430839002,0.9895691609977324,0.9913832199546485,0.9841269841269841,0.9886621315192744,0.9913832199546485
343,0.9845804988662131,0.9882086167800453,0.9845804988662131,0.9882086167800453,0.9882086167800453,0.9845804988662131,0.9863945578231292,0.9882086167800453
344,0.9922902494331066,0.9886621315192744,0.9904761904761905,0.9904761904761905,0.9868480725623583,0.9922902494331066,0.9901738473167044,0.9922902494331066
345,0.9931972789115646,0.9895691609977324,0.9931972789115646,0.9877551020408163,0.9950113378684807,0.9913832199546485,0.9916855631141345,0.9950113378684807
346,0.9909297052154195,0.9963718820861678,0.9945578231292517,0.9963718820861678,0.9927437641723356,0.9927437641723356,0.9939531368102795,0.9963718820861678
347,0.9918367346938776,0.9936507936507937,0.9918367346938776,0.9954648526077098,0.9918367346938776,0.9900226757369615,0.9924414210128495,0.9954648526077098
348,0.9873015873015873,0.9900226757369615,0.9909297052154195,0.9873015873015873,0.9882086167800453,0.9873015873015873,0.9885109599395313,0.9909297052154195
349,0.9941043083900227,0.9868480725623583,0.9904761904761905,0.9904761904761905,0.9904761904761905,0.9886621315192744,0.9901738473167044,0.9941043083900227
350,0.9904761904761905,0.9886621315192744,0.9904761904761905,0.9922902494331066,0.9886621315192744,0.9904761904761905,0.9901738473167044,0.9922902494331066
351,0.9895691609977324,0.9931972789115646,0.9931972789115646,0.9913832199546485,0.9913832199546485,0.9913832199546485,0.9916855631141345,0.9931972789115646
352,0.9904761904761905,0.9850340136054422,0.9859410430839002,0.9913832199546485,0.9931972789115646,0.9895691609977324,0.9892668178382463,0.9931972789115646
353,0.9927437641723356,0.9909297052154195,0.9909297052154195,0.9891156462585035,0.9927437641723356,0.9891156462585035,0.9909297052154195,0.9927437641723356
354,0.9909297052154195,0.9854875283446712,0.9836734693877551,0.9854875283446712,0.9927437641723356,0.9891156462585035,0.9879062736205593,0.9927437641723356
355,0.9854875283446712,0.9854875283446712,0.9909297052154195,0.9873015873015873,0.9909297052154195,0.9873015873015873,0.9879062736205594,0.9909297052154195
356,0.9945578231292517,0.9927437641723356,0.9963718820861678,0.9945578231292517,0.9945578231292517,0.9909297052154195,0.9939531368102797,0.9963718820861678
357,0.9927437641723356,0.9900226757369615,0.9927437641723356,0.9909297052154195,0.9909297052154195,0.9900226757369615,0.9912320483749054,0.9927437641723356
358,0.9863945578231292,0.9909297052154195,0.9836734693877551,0.9927437641723356,0.9882086167800453,0.9873015873015873,0.9882086167800453,0.9927437641723356
359,0.9927437641723356,0.9945578231292517,0.9909297052154195,0.9945578231292517,0.9873015873015873,0.9854875283446712,0.9909297052154195,0.9945578231292517
360,0.9968253968253968,0.9895691609977324,0.9968253968253968,0.9950113378684807,0.9950113378684807,0.9950113378684807,0.9947089947089948,0.9968253968253968
361,0.9918367346938776,0.9845804988662131,0.9918367346938776,0.9918367346938776,0.9882086167800453,0.9882086167800453,0.9894179894179893,0.9918367346938776
362,0.9841269841269841,0.9931972789115646,0.9913832199546485,0.9913832199546485,0.9859410430839002,0.9859410430839002,0.9886621315192744,0.9931972789115646
363,0.9895691609977324,0.9931972789115646,0.9931972789115646,0.9913832199546485,0.9877551020408163,0.9950113378684807,0.9916855631141345,0.9950113378684807
364,0.9913832199546485,0.9931972789115646,0.9895691609977324,0.9931972789115646,0.9931972789115646,0.9895691609977324,0.9916855631141344,0.9931972789115646
365,0.9913832199546485,0.9859410430839002,0.9859410430839002,0.9895691609977324,0.9895691609977324,0.9895691609977324,0.9886621315192743,0.9913832199546485
366,0.9931972789115646,0.9913832199546485,0.9913832199546485,0.9913832199546485,0.9931972789115646,0.9895691609977324,0.9916855631141347,0.9931972789115646
367,0.9850340136054422,0.9841269841269841,0.9877551020408163,0.9904761904761905,0.9850340136054422,0.9922902494331066,0.9874527588813303,0.9922902494331066
368,0.9873015873015873,0.9927437641723356,0.9909297052154195,0.9945578231292517,0.9891156462585035,0.9909297052154195,0.9909297052154195,0.9945578231292517
369,0.9895691609977324,0.9931972789115646,0.9913832199546485,0.9913832199546485,0.9913832199546485,0.9931972789115646,0.9916855631141345,0.9931972789115646
370,0.9931972789115646,0.9968253968253968,0.9931972789115646,0.9950113378684807,0.9950113378684807,0.9950113378684807,0.9947089947089948,0.9968253968253968
371,0.9841269841269841,0.9877551020408163,0.9913832199546485,0.9877551020408163,0.9895691609977324,0.9913832199546485,0.9886621315192743,0.9913832199546485
372,0.9918367346938776,0.9936507936507937,0.9936507936507937,0.9882086167800453,0.9936507936507937,0.9936507936507937,0.9924414210128495,0.9936507936507937
373,0.9922902494331066,0.9922902494331066,0.9922902494331066,0.9886621315192744,0.9886621315192744,0.9868480725623583,0.9901738473167044,0.9922902494331066
374,0.9863945578231292,0.9882086167800453,0.9918367346938776,0.9900226757369615,0.9882086167800453,0.9918367346938776,0.9894179894179893,0.9918367346938776
375,0.9950113378684807,0.9913832199546485,0.9877551020408163,0.9895691609977324,0.9931972789115646,0.9931972789115646,0.9916855631141345,0.9950113378684807
376,0.9882086167800453,0.9918367346938776,0.9936507936507937,0.9954648526077098,0.9936507936507937,0.9918367346938776,0.9924414210128497,0.9954648526077098
377,0.9909297052154195,0.9927437641723356,0.9873015873015873,0.9927437641723356,0.9909297052154195,0.9909297052154195,0.9909297052154195,0.9927437641723356
378,0.9931972789115646,0.9913832199546485,0.9950113378684807,0.9913832199546485,0.9913832199546485,0.9877551020408163,0.9916855631141345,0.9950113378684807
379,0.9913832199546485,0.9950113378684807,0.9859410430839002,0.9895691609977324,0.9950113378684807,0.9931972789115646,0.9916855631141345,0.9950113378684807
380,0.9918367346938776,0.9936507936507937,0.9936507936507937,0.9936507936507937,0.9918367346938776,0.9900226757369615,0.9924414210128495,0.9936507936507937
381,0.9927437641723356,0.9945578231292517,0.9891156462585035,0.9927437641723356,0.9909297052154195,0.9854875283446712,0.9909297052154195,0.9945578231292517
382,0.9863945578231292,0.9863945578231292,0.9863945578231292,0.9918367346938776,0.9918367346938776,0.9936507936507937,0.9894179894179894,0.9936507936507937
383,0.9877551020408163,0.9886621315192744,0.9877551020408163,0.9895691609977324,0.9895691609977324,0.9922902494331066,0.9892668178382465,0.9922902494331066
384,0.9941043083900227,0.9941043083900227,0.9941043083900227,0.9913832199546485,0.9941043083900227,0.9931972789115646,0.9934996220710506,0.9941043083900227
385,0.98140589569161,0.9904761904761905,0.9868480725623583,0.9850340136054422,0.9904761904761905,0.9886621315192744,0.9871504157218444,0.9904761904761905
386,0.9922902494331066,0.9904761904761905,0.9850340136054422,0.9886621315192744,0.9904761904761905,0.9941043083900227,0.9901738473167047,0.9941043083900227
387,0.9900226757369615,0.9882086167800453,0.9918367346938776,0.9918367346938776,0.9918367346938776,0.982766439909297,0.9894179894179894,0.9918367346938776
388,0.9918367346938776,0.9882086167800453,0.9900226757369615,0.9845804988662131,0.9900226757369615,0.9918367346938776,0.9894179894179894,0.9918367346938776
389,0.9900226757369615,0.9918367346938776,0.9863945578231292,0.9882086167800453,0.9900226757369615,0.9900226757369615,0.9894179894179894,0.9918367346938776
390,0.9918367346938776,0.9900226757369615,0.9845804988662131,0.9882086167800453,0.9900226757369615,0.9918367346938776,0.9894179894179894,0.9918367346938776
391,0.9918367346938776,0.9954648526077098,0.9918367346938776,0.9918367346938776,0.9954648526077098,0.9882086167800453,0.9924414210128495,0.9954648526077098
392,0.9977324263038548,0.9922902494331066,0.9977324263038548,0.9977324263038548,0.9959183673469387,0.9959183673469387,0.9962207105064248,0.9977324263038548
393,0.9895691609977324,0.9931972789115646,0.9877551020408163,0.9823129251700681,0.9913832199546485,0.9877551020408163,0.9886621315192744,0.9931972789115646
394,0.9854875283446712,0.9927437641723356,0.9891156462585035,0.9836734693877551,0.9873015873015873,0.9891156462585035,0.9879062736205594,0.9927437641723356
395,0.9900226757369615,0.9900226757369615,0.9900226757369615,0.9918367346938776,0.9863945578231292,0.9882086167800453,0.9894179894179893,0.9918367346938776
396,0.9877551020408163,0.9877551020408163,0.9950113378684807,0.9931972789115646,0.9931972789115646,0.9931972789115646,0.9916855631141345,0.9950113378684807
397,0.9913832199546485,0.9931972789115646,0.9931972789115646,0.9823129251700681,0.9913832199546485,0.980498866213152,0.9886621315192743,0.9931972789115646
398,0.9954648526077098,0.9954648526077098,0.9954648526077098,0.9972789115646259,0.9954648526077098,0.9936507936507937,0.9954648526077098,0.9972789115646259
399,0.9909297052154195,0.9909297052154195,0.9909297052154195,0.9927437641723356,0.9909297052154195,0.9891156462585035,0.9909297052154195,0.9927437641723356
400,0.9882086167800453,0.9845804988662131,0.9918367346938776,0.9882086167800453,0.9900226757369615,0.9936507936507937,0.9894179894179894,0.9936507936507937
401,0.9941043083900227,0.9931972789115646,0.9968253968253968,0.9968253968253968,0.9950113378684807,0.9941043083900227,0.9950113378684807,0.9968253968253968
402,0.9863945578231292,0.9863945578231292,0.9863945578231292,0.9845804988662131,0.9918367346938776,0.982766439909297,0.9863945578231292,0.9918367346938776
403,0.9841269841269841,0.9913832199546485,0.9877551020408163,0.9895691609977324,0.9913832199546485,0.9877551020408163,0.9886621315192744,0.9913832199546485
404,0.9927437641723356,0.9891156462585035,0.9854875283446712,0.981859410430839,0.9891156462585035,0.9891156462585035,0.9879062736205594,0.9927437641723356
405,0.9959183673469387,0.9959183673469387,0.9959183673469387,0.9977324263038548,0.9959183673469387,0.9959183673469387,0.9962207105064248,0.9977324263038548
406,0.9900226757369615,0.9900226757369615,0.9918367346938776,0.9863945578231292,0.9900226757369615,0.9882086167800453,0.9894179894179893,0.9918367346938776
407,0.9909297052154195,0.9873015873015873,0.9836734693877551,0.9891156462585035,0.9873015873015873,0.9891156462585035,0.9879062736205594,0.9909297052154195
408,0.9913832199546485,0.9913832199546485,0.9841269841269841,0.9877551020408163,0.9895691609977324,0.9877551020408163,0.9886621315192743,0.9913832199546485
409,0.9891156462585035,0.9909297052154195,0.9873015873015873,0.9873015873015873,0.9891156462585035,0.9836734693877551,0.9879062736205593,0.9909297052154195
410,0.9868480725623583,0.9868480725623583,0.9904761904761905,0.9922902494331066,0.9922902494331066,0.9922902494331066,0.9901738473167044,0.9922902494331066
411,0.9841269841269841,0.9913832199546485,0.9950113378684807,0.9931972789115646,0.9931972789115646,0.9931972789115646,0.9916855631141345,0.9950113378684807
412,0.9886621315192744,0.9904761904761905,0.9850340136054422,0.9868480725623583,0.9832199546485261,0.9886621315192744,0.9871504157218444,0.9904761904761905
413,0.9863945578231292,0.9900226757369615,0.9863945578231292,0.9900226757369615,0.9918367346938776,0.9918367346938776,0.9894179894179893,0.9918367346938776
414,0.9904761904761905,0.9877551020408163,0.9859410430839002,0.9895691609977324,0.9886621315192744,0.9913832199546485,0.9889644746787604,0.9913832199546485
415,0.9963718820861678,0.9945578231292517,0.9909297052154195,0.9945578231292517,0.9927437641723356,0.9945578231292517,0.9939531368102795,0.9963718820861678
416,0.9900226757369615,0.9863945578231292,0.9863945578231292,0.9845804988662131,0.9809523809523809,0.9900226757369615,0.9863945578231291,0.9900226757369615
417,0.9931972789115646,0.9931972789115646,0.9968253968253968,0.9968253968253968,0.9931972789115646,0.9950113378684807,0.9947089947089948,0.9968253968253968
418,0.9963718820861678,0.9945578231292517,0.9945578231292517,0.9909297052154195,0.9945578231292517,0.9927437641723356,0.9939531368102795,0.9963718820861678
419,0.9886621315192744,0.9868480725623583,0.9886621315192744,0.9922902494331066,0.9941043083900227,0.9904761904761905,0.9901738473167044,0.9941043083900227
420,0.9954648526077098,0.9918367346938776,0.9900226757369615,0.9954648526077098,0.9936507936507937,0.9882086167800453,0.9924414210128495,0.9954648526077098
421,0.9836734693877551,0.982766439909297,0.9836734693877551,0.9873015873015873,0.9873015873015873,0.9863945578231292,0.9851851851851853,0.9873015873015873
422,0.9873015873015873,0.9873015873015873,0.9764172335600907,0.9909297052154195,0.9836734693877551,0.9836734693877551,0.9848828420256992,0.9909297052154195
423,0.9863945578231292,0.9918367346938776,0.9900226757369615,0.9845804988662131,0.9918367346938776,0.9918367346938776,0.9894179894179894,0.9918367346938776
424,0.9931972789115646,0.9968253968253968,0.9968253968253968,0.9968253968253968,0.9913832199546485,0.9931972789115646,0.9947089947089945,0.9968253968253968
425,0.9968253968253968,0.9968253968253968,0.9968253968253968,0.9877551020408163,0.9950113378684807,0.9950113378684807,0.9947089947089948,0.9968253968253968
426,0.9945578231292517,0.9891156462585035,0.9909297052154195,0.9927437641723356,0.9927437641723356,0.9854875283446712,0.9909297052154195,0.9945578231292517
427,0.9854875283446712,0.9854875283446712,0.9873015873015873,0.9891156462585035,0.9873015873015873,0.9927437641723356,0.9879062736205594,0.9927437641723356
428,0.9941043083900227,0.9922902494331066,0.9904761904761905,0.9850340136054422,0.9886621315192744,0.9904761904761905,0.9901738473167044,0.9941043083900227
429,0.9931972789115646,0.9886621315192744,0.9877551020408163,0.9895691609977324,0.9859410430839002,0.9886621315192744,0.9889644746787604,0.9931972789115646
430,0.9918367346938776,0.9900226757369615,0.9863945578231292,0.9918367346938776,0.9863945578231292,0.9900226757369615,0.9894179894179894,0.9918367346938776
431,0.9909297052154195,0.9909297052154195,0.9927437641723356,0.9854875283446712,0.9927437641723356,0.9927437641723356,0.9909297052154195,0.9927437641723356
432,0.9941043083900227,0.9941043083900227,0.9922902494331066,0.9922902494331066,0.9941043083900227,0.9922902494331066,0.9931972789115647,0.9941043083900227
433,0.9900226757369615,0.9882086167800453,0.9845804988662131,0.9900226757369615,0.9918367346938776,0.9918367346938776,0.9894179894179893,0.9918367346938776
434,0.9927437641723356,0.9873015873015873,0.9873015873015873,0.9873015873015873,0.9873015873015873,0.9854875283446712,0.9879062736205593,0.9927437641723356
435,0.9841269841269841,0.9950113378684807,0.9931972789115646,0.9931972789115646,0.9913832199546485,0.9931972789115646,0.9916855631141344,0.9950113378684807
436,0.9945578231292517,0.9963718820861678,0.9945578231292517,0.9909297052154195,0.9945578231292517,0.9927437641723356,0.9939531368102795,0.9963718820861678
437,0.9904761904761905,0.9904761904761905,0.9941043083900227,0.9886621315192744,0.9895691609977324,0.9895691609977324,0.9904761904761905,0.9941043083900227
438,0.9927437641723356,0.9909297052154195,0.9927437641723356,0.9873015873015873,0.9891156462585035,0.9927437641723356,0.9909297052154195,0.9927437641723356
439,0.9900226757369615,0.9863945578231292,0.9918367346938776,0.9863945578231292,0.9900226757369615,0.9918367346938776,0.9894179894179894,0.9918367346938776
440,0.9873015873015873,0.9873015873015873,0.9873015873015873,0.9873015873015873,0.9909297052154195,0.9873015873015873,0.9879062736205594,0.9909297052154195
441,0.9886621315192744,0.9904761904761905,0.9922902494331066,0.9886621315192744,0.9904761904761905,0.9904761904761905,0.9901738473167044,0.9922902494331066
